00:24:18:191  INFO 4864 --- [com.alibaba.nacos.client.remote.worker] com.alibaba.nacos.common.remote.client   : [ffc24995-4246-47a1-8463-c50399ea05ab] Success to connect a server [localhost:8848], connectionId = 1784303269103_172.18.0.1_59646
00:24:18:195  INFO 4864 --- [com.alibaba.nacos.client.remote.worker] com.alibaba.nacos.common.remote.client   : [ffc24995-4246-47a1-8463-c50399ea05ab] Abandon prev connection, server is localhost:8848, connectionId is 1784302339738_172.18.0.1_37662
00:24:18:195  INFO 4864 --- [com.alibaba.nacos.client.remote.worker] com.alibaba.nacos.common.remote.client   : Close current connection 1784302339738_172.18.0.1_37662
00:24:18:198  INFO 4864 --- [nacos-grpc-client-executor-204] c.a.n.c.remote.client.grpc.GrpcClient    : [1784302339738_172.18.0.1_37662]Ignore complete event,isRunning:false,isAbandon=true
00:24:18:201  INFO 4864 --- [com.alibaba.nacos.client.remote.worker] com.alibaba.nacos.common.remote.client   : [ffc24995-4246-47a1-8463-c50399ea05ab] Notify disconnected event to listeners
00:24:18:202  INFO 4864 --- [com.alibaba.nacos.client.remote.worker] com.alibaba.nacos.common.remote.client   : [ffc24995-4246-47a1-8463-c50399ea05ab] Notify connected event to listeners.
00:24:21:450  INFO 4864 --- [nacos-grpc-client-executor-208] com.alibaba.nacos.common.remote.client   : [ffc24995-4246-47a1-8463-c50399ea05ab] Receive server push request, request = NotifySubscriberRequest, requestId = 10
00:24:21:451  INFO 4864 --- [nacos-grpc-client-executor-208] com.alibaba.nacos.common.remote.client   : [ffc24995-4246-47a1-8463-c50399ea05ab] Ack server push request, request = NotifySubscriberRequest, requestId = 10
00:41:58:681  INFO 4864 --- [com.alibaba.nacos.client.remote.worker] com.alibaba.nacos.common.remote.client   : [ffc24995-4246-47a1-8463-c50399ea05ab] Server healthy check fail, currentConnection = 1784303269103_172.18.0.1_59646
00:41:58:681  INFO 4864 --- [com.alibaba.nacos.client.remote.worker] com.alibaba.nacos.common.remote.client   : [ffc24995-4246-47a1-8463-c50399ea05ab] Try to reconnect to a new server, server is  not appointed, will choose a random server.
00:53:35:003  INFO 4864 --- [com.alibaba.nacos.client.remote.worker] com.alibaba.nacos.common.remote.client   : [ffc24995-4246-47a1-8463-c50399ea05ab] Success to connect a server [localhost:8848], connectionId = 1784306514790_172.18.0.1_34998
00:53:35:003  INFO 4864 --- [com.alibaba.nacos.client.remote.worker] com.alibaba.nacos.common.remote.client   : [ffc24995-4246-47a1-8463-c50399ea05ab] Abandon prev connection, server is localhost:8848, connectionId is 1784303269103_172.18.0.1_59646
00:53:35:003  INFO 4864 --- [com.alibaba.nacos.client.remote.worker] com.alibaba.nacos.common.remote.client   : Close current connection 1784303269103_172.18.0.1_59646
00:53:35:004  INFO 4864 --- [com.alibaba.nacos.client.remote.worker] com.alibaba.nacos.common.remote.client   : [ffc24995-4246-47a1-8463-c50399ea05ab] Notify disconnected event to listeners
00:53:35:005  INFO 4864 --- [com.alibaba.nacos.client.remote.worker] com.alibaba.nacos.common.remote.client   : [ffc24995-4246-47a1-8463-c50399ea05ab] Notify connected event to listeners.
00:53:35:006  WARN 4864 --- [nacos-grpc-client-executor-426] c.a.n.c.remote.client.grpc.GrpcClient    : [1784303269103_172.18.0.1_59646]Ignore error event,isRunning:true,isAbandon=true
00:53:38:256  INFO 4864 --- [nacos-grpc-client-executor-429] com.alibaba.nacos.common.remote.client   : [ffc24995-4246-47a1-8463-c50399ea05ab] Receive server push request, request = NotifySubscriberRequest, requestId = 15
00:53:38:257  INFO 4864 --- [nacos-grpc-client-executor-429] com.alibaba.nacos.common.remote.client   : [ffc24995-4246-47a1-8463-c50399ea05ab] Ack server push request, request = NotifySubscriberRequest, requestId = 15
09:46:52:414  WARN 4864 --- [Thread-7] c.a.n.common.http.HttpClientBeanHolder   : [HttpClientBeanHolder] Start destroying common HttpClient
09:46:52:414  WARN 4864 --- [Thread-4] c.a.nacos.common.notify.NotifyCenter     : [NotifyCenter] Start destroying Publisher
09:46:52:424  WARN 4864 --- [Thread-4] c.a.nacos.common.notify.NotifyCenter     : [NotifyCenter] Destruction of the end
09:46:52:433  WARN 4864 --- [Thread-7] c.a.n.common.http.HttpClientBeanHolder   : [HttpClientBeanHolder] Destruction of the end
09:46:53:223  INFO 4864 --- [SpringApplicationShutdownHook] c.a.c.n.registry.NacosServiceRegistry    : De-registering from Nacos Server now...
09:46:53:232  INFO 4864 --- [SpringApplicationShutdownHook] c.a.c.n.registry.NacosServiceRegistry    : De-registration finished.
09:46:53:560  INFO 4864 --- [SpringApplicationShutdownHook] com.alibaba.nacos.common.remote.client   : Shutdown rpc client, set status to shutdown
09:46:53:561  INFO 4864 --- [SpringApplicationShutdownHook] com.alibaba.nacos.common.remote.client   : Shutdown client event executor java.util.concurrent.ScheduledThreadPoolExecutor@24eee34d[Running, pool size = 2, active threads = 2, queued tasks = 0, completed tasks = 0]
09:46:53:561  INFO 4864 --- [SpringApplicationShutdownHook] com.alibaba.nacos.common.remote.client   : Close current connection 1784306514790_172.18.0.1_34998
09:46:53:564  INFO 4864 --- [nacos-grpc-client-executor-1339] c.a.n.c.remote.client.grpc.GrpcClient    : [1784306514790_172.18.0.1_34998]Ignore complete event,isRunning:false,isAbandon=false
09:46:53:572  INFO 4864 --- [SpringApplicationShutdownHook] c.a.n.c.remote.client.grpc.GrpcClient    : Shutdown grpc executor java.util.concurrent.ThreadPoolExecutor@70ff935b[Running, pool size = 5, active threads = 0, queued tasks = 0, completed tasks = 1340]
09:47:26:772  INFO 26980 --- [main] com.hmall.pay.PayApplication             : Starting PayApplication using Java 11.0.31 on mugen with PID 26980 (D:\AAA_Web\IdeaProjects\hmall\pay-service\target\classes started by mugen in D:\AAA_Web\IdeaProjects\hmall)
09:47:26:774 DEBUG 26980 --- [main] com.hmall.pay.PayApplication             : Running with Spring Boot v2.7.12, Spring v5.3.27
09:47:26:774  INFO 26980 --- [main] com.hmall.pay.PayApplication             : The following 1 profile is active: "dev"
09:47:27:415  INFO 26980 --- [main] .s.d.r.c.RepositoryConfigurationDelegate : Multiple Spring Data modules found, entering strict repository configuration mode
09:47:27:419  INFO 26980 --- [main] .s.d.r.c.RepositoryConfigurationDelegate : Bootstrapping Spring Data Redis repositories in DEFAULT mode.
09:47:27:438  INFO 26980 --- [main] .s.d.r.c.RepositoryConfigurationDelegate : Finished Spring Data repository scanning in 6 ms. Found 0 Redis repository interfaces.
09:47:27:586  INFO 26980 --- [main] o.s.cloud.context.scope.GenericScope     : BeanFactory id=89ac635c-935b-304b-9fd5-8516617d102e
09:47:27:878  INFO 26980 --- [main] o.s.b.w.embedded.tomcat.TomcatWebServer  : Tomcat initialized with port(s): 8086 (http)
09:47:27:887  INFO 26980 --- [main] o.apache.catalina.core.StandardService   : Starting service [Tomcat]
09:47:27:888  INFO 26980 --- [main] org.apache.catalina.core.StandardEngine  : Starting Servlet engine: [Apache Tomcat/9.0.75]
09:47:28:004  INFO 26980 --- [main] o.a.c.c.C.[Tomcat].[localhost].[/]       : Initializing Spring embedded WebApplicationContext
09:47:28:004  INFO 26980 --- [main] w.s.c.ServletWebServerApplicationContext : Root WebApplicationContext: initialization completed in 1192 ms
09:47:28:154  INFO 26980 --- [main] o.s.c.openfeign.FeignClientFactoryBean   : For 'user-service' URL not provided. Will try picking an instance via load-balancing.
09:47:28:290  INFO 26980 --- [main] o.s.c.openfeign.FeignClientFactoryBean   : For 'trade-service' URL not provided. Will try picking an instance via load-balancing.
09:47:29:970  INFO 26980 --- [main] pertySourcedRequestMappingHandlerMapping : Mapped URL path [/v2/api-docs] onto method [springfox.documentation.swagger2.web.Swagger2ControllerWebMvc#getDocumentation(String, HttpServletRequest)]
09:47:30:608  INFO 26980 --- [main] com.alibaba.nacos.common.remote.client   : [RpcClientFactory] create a new rpc client of 41f3a78c-0f5a-4ede-83b6-0966bdd16b4a
09:47:30:643  INFO 26980 --- [main] org.reflections.Reflections              : Reflections took 17 ms to scan 1 urls, producing 3 keys and 6 values 
09:47:30:662  INFO 26980 --- [main] org.reflections.Reflections              : Reflections took 7 ms to scan 1 urls, producing 4 keys and 9 values 
09:47:30:671  INFO 26980 --- [main] org.reflections.Reflections              : Reflections took 5 ms to scan 1 urls, producing 3 keys and 10 values 
09:47:30:674  WARN 26980 --- [main] org.reflections.Reflections              : given scan urls are empty. set urls in the configuration
09:47:30:679  INFO 26980 --- [main] org.reflections.Reflections              : Reflections took 5 ms to scan 1 urls, producing 1 keys and 5 values 
09:47:30:687  INFO 26980 --- [main] org.reflections.Reflections              : Reflections took 7 ms to scan 1 urls, producing 1 keys and 7 values 
09:47:30:695  INFO 26980 --- [main] org.reflections.Reflections              : Reflections took 5 ms to scan 1 urls, producing 2 keys and 8 values 
09:47:30:698  WARN 26980 --- [main] org.reflections.Reflections              : given scan urls are empty. set urls in the configuration
09:47:30:699  INFO 26980 --- [main] com.alibaba.nacos.common.remote.client   : [41f3a78c-0f5a-4ede-83b6-0966bdd16b4a] RpcClient init label, labels = {module=naming, source=sdk}
09:47:30:703  INFO 26980 --- [main] com.alibaba.nacos.common.remote.client   : [41f3a78c-0f5a-4ede-83b6-0966bdd16b4a] RpcClient init, ServerListFactory = com.alibaba.nacos.client.naming.core.ServerListManager
09:47:30:703  INFO 26980 --- [main] com.alibaba.nacos.common.remote.client   : [41f3a78c-0f5a-4ede-83b6-0966bdd16b4a] Registry connection listener to current client:com.alibaba.nacos.client.naming.remote.gprc.redo.NamingGrpcRedoService
09:47:30:703  INFO 26980 --- [main] com.alibaba.nacos.common.remote.client   : [41f3a78c-0f5a-4ede-83b6-0966bdd16b4a] Register server push request handler:com.alibaba.nacos.client.naming.remote.gprc.NamingPushRequestHandler
09:47:30:704  INFO 26980 --- [main] com.alibaba.nacos.common.remote.client   : [41f3a78c-0f5a-4ede-83b6-0966bdd16b4a] Try to connect to server on start up, server: {serverIp = 'localhost', server main port = 8848}
09:47:31:921  INFO 26980 --- [main] com.alibaba.nacos.common.remote.client   : [41f3a78c-0f5a-4ede-83b6-0966bdd16b4a] Success to connect to server [localhost:8848] on start up, connectionId = 1784339251729_172.18.0.1_34056
09:47:31:922  INFO 26980 --- [com.alibaba.nacos.client.remote.worker] com.alibaba.nacos.common.remote.client   : [41f3a78c-0f5a-4ede-83b6-0966bdd16b4a] Notify connected event to listeners.
09:47:31:922  INFO 26980 --- [main] com.alibaba.nacos.common.remote.client   : [41f3a78c-0f5a-4ede-83b6-0966bdd16b4a] Register server push request handler:com.alibaba.nacos.common.remote.client.RpcClient$ConnectResetRequestHandler
09:47:31:923  INFO 26980 --- [main] com.alibaba.nacos.common.remote.client   : [41f3a78c-0f5a-4ede-83b6-0966bdd16b4a] Register server push request handler:com.alibaba.nacos.common.remote.client.RpcClient$$Lambda$1137/0x000000084072c440
09:47:31:980  INFO 26980 --- [main] o.s.b.w.embedded.tomcat.TomcatWebServer  : Tomcat started on port(s): 8086 (http) with context path ''
09:47:31:995  INFO 26980 --- [main] c.a.c.n.registry.NacosServiceRegistry    : nacos registry, DEFAULT_GROUP pay-service 192.168.138.1:8086 register finished
09:47:32:279  INFO 26980 --- [main] d.s.w.p.DocumentationPluginsBootstrapper : Documentation plugins bootstrapped
09:47:32:281  INFO 26980 --- [main] d.s.w.p.DocumentationPluginsBootstrapper : Found 1 custom documentation plugin(s)
09:47:32:291  INFO 26980 --- [main] s.d.s.w.s.ApiListingReferenceScanner     : Scanning for api listing references
09:47:32:335  INFO 26980 --- [main] com.hmall.pay.PayApplication             : Started PayApplication in 6.503 seconds (JVM running for 7.484)
09:47:32:529  INFO 26980 --- [nacos-grpc-client-executor-8] com.alibaba.nacos.common.remote.client   : [41f3a78c-0f5a-4ede-83b6-0966bdd16b4a] Receive server push request, request = NotifySubscriberRequest, requestId = 26
09:47:32:547  INFO 26980 --- [nacos-grpc-client-executor-8] com.alibaba.nacos.common.remote.client   : [41f3a78c-0f5a-4ede-83b6-0966bdd16b4a] Ack server push request, request = NotifySubscriberRequest, requestId = 26
09:51:39:174  INFO 26980 --- [http-nio-8086-exec-1] o.a.c.c.C.[Tomcat].[localhost].[/]       : Initializing Spring DispatcherServlet 'dispatcherServlet'
09:51:39:174  INFO 26980 --- [http-nio-8086-exec-1] o.s.web.servlet.DispatcherServlet        : Initializing Servlet 'dispatcherServlet'
09:51:39:175  INFO 26980 --- [http-nio-8086-exec-1] o.s.web.servlet.DispatcherServlet        : Completed initialization in 1 ms
09:51:39:248  INFO 26980 --- [http-nio-8086-exec-1] com.zaxxer.hikari.HikariDataSource       : HikariPool-1 - Starting...
09:51:39:369  INFO 26980 --- [http-nio-8086-exec-1] com.zaxxer.hikari.HikariDataSource       : HikariPool-1 - Start completed.
09:51:39:372 DEBUG 26980 --- [http-nio-8086-exec-1] c.h.pay.mapper.PayOrderMapper.selectOne  : ==>  Preparing: SELECT id,biz_order_no,pay_order_no,biz_user_id,pay_channel_code,amount,pay_type,status,expand_json,result_code,result_msg,pay_success_time,pay_over_time,qr_code_url,create_time,update_time,creater,updater,is_delete FROM pay_order WHERE (biz_order_no = ?)
09:51:39:383 DEBUG 26980 --- [http-nio-8086-exec-1] c.h.pay.mapper.PayOrderMapper.selectOne  : ==> Parameters: 2078296607815737346(Long)
09:51:39:398 DEBUG 26980 --- [http-nio-8086-exec-1] c.h.pay.mapper.PayOrderMapper.selectOne  : <==      Total: 0
09:51:39:422 DEBUG 26980 --- [http-nio-8086-exec-1] c.h.pay.mapper.PayOrderMapper.insert     : ==>  Preparing: INSERT INTO pay_order ( id, biz_order_no, pay_order_no, biz_user_id, pay_channel_code, amount, pay_type, status, pay_over_time ) VALUES ( ?, ?, ?, ?, ?, ?, ?, ?, ? )
09:51:39:424 DEBUG 26980 --- [http-nio-8086-exec-1] c.h.pay.mapper.PayOrderMapper.insert     : ==> Parameters: 2078296610231668739(Long), 2078296607815737346(Long), 2078296610231668738(Long), 1(Long), balance(String), 216400(Integer), 5(Integer), 1(Integer), 2026-07-18T11:51:39.419672700(LocalDateTime)
09:51:39:431 DEBUG 26980 --- [http-nio-8086-exec-1] c.h.pay.mapper.PayOrderMapper.insert     : <==    Updates: 1
09:51:58:094 DEBUG 26980 --- [http-nio-8086-exec-6] c.h.p.mapper.PayOrderMapper.selectById   : ==>  Preparing: SELECT id,biz_order_no,pay_order_no,biz_user_id,pay_channel_code,amount,pay_type,status,expand_json,result_code,result_msg,pay_success_time,pay_over_time,qr_code_url,create_time,update_time,creater,updater,is_delete FROM pay_order WHERE id=?
09:51:58:095 DEBUG 26980 --- [http-nio-8086-exec-6] c.h.p.mapper.PayOrderMapper.selectById   : ==> Parameters: 2078296610231668739(Long)
09:51:58:099 DEBUG 26980 --- [http-nio-8086-exec-6] c.h.p.mapper.PayOrderMapper.selectById   : <==      Total: 1
09:51:58:101 DEBUG 26980 --- [http-nio-8086-exec-6] com.hmall.api.client.UserClient          : [UserClient#deductMoney] ---> PUT http://user-service/users/money/deduct?pw=1111&amount=216400 HTTP/1.1
09:51:58:101 DEBUG 26980 --- [http-nio-8086-exec-6] com.hmall.api.client.UserClient          : [UserClient#deductMoney] user-info: 1
09:51:58:101 DEBUG 26980 --- [http-nio-8086-exec-6] com.hmall.api.client.UserClient          : [UserClient#deductMoney] ---> END HTTP (0-byte body)
09:51:58:215 DEBUG 26980 --- [http-nio-8086-exec-6] com.hmall.api.client.UserClient          : [UserClient#deductMoney] <--- HTTP/1.1 401  (113ms)
09:51:58:215 DEBUG 26980 --- [http-nio-8086-exec-6] com.hmall.api.client.UserClient          : [UserClient#deductMoney] connection: keep-alive
09:51:58:215 DEBUG 26980 --- [http-nio-8086-exec-6] com.hmall.api.client.UserClient          : [UserClient#deductMoney] content-length: 30
09:51:58:215 DEBUG 26980 --- [http-nio-8086-exec-6] com.hmall.api.client.UserClient          : [UserClient#deductMoney] content-type: application/json;charset=UTF-8
09:51:58:215 DEBUG 26980 --- [http-nio-8086-exec-6] com.hmall.api.client.UserClient          : [UserClient#deductMoney] date: Sat, 18 Jul 2026 01:51:58 GMT
09:51:58:215 DEBUG 26980 --- [http-nio-8086-exec-6] com.hmall.api.client.UserClient          : [UserClient#deductMoney] keep-alive: timeout=60
09:51:58:215 DEBUG 26980 --- [http-nio-8086-exec-6] com.hmall.api.client.UserClient          : [UserClient#deductMoney] 
09:51:58:216 DEBUG 26980 --- [http-nio-8086-exec-6] com.hmall.api.client.UserClient          : [UserClient#deductMoney] {"code":401,"msg":"未登录"}
09:51:58:216 DEBUG 26980 --- [http-nio-8086-exec-6] com.hmall.api.client.UserClient          : [UserClient#deductMoney] <--- END HTTP (30-byte body)
09:51:58:227 ERROR 26980 --- [http-nio-8086-exec-6] c.h.common.advice.CommonExceptionAdvice  : 其他异常 uri : /pay-orders/2078296610231668739 -> 

feign.FeignException$Unauthorized: [401 ] during [PUT] to [http://user-service/users/money/deduct?pw=1111&amount=216400] [UserClient#deductMoney(String,Integer)]: [{"code":401,"msg":"未登录"}]
	at feign.FeignException.clientErrorStatus(FeignException.java:215) ~[feign-core-11.8.jar:na]
	at feign.FeignException.errorStatus(FeignException.java:194) ~[feign-core-11.8.jar:na]
	at feign.FeignException.errorStatus(FeignException.java:185) ~[feign-core-11.8.jar:na]
	at feign.codec.ErrorDecoder$Default.decode(ErrorDecoder.java:92) ~[feign-core-11.8.jar:na]
	at feign.AsyncResponseHandler.handleResponse(AsyncResponseHandler.java:96) ~[feign-core-11.8.jar:na]
	at feign.SynchronousMethodHandler.executeAndDecode(SynchronousMethodHandler.java:138) ~[feign-core-11.8.jar:na]
	at feign.SynchronousMethodHandler.invoke(SynchronousMethodHandler.java:89) ~[feign-core-11.8.jar:na]
	at feign.ReflectiveFeign$FeignInvocationHandler.invoke(ReflectiveFeign.java:100) ~[feign-core-11.8.jar:na]
	at com.sun.proxy.$Proxy111.deductMoney(Unknown Source) ~[na:na]
	at com.hmall.pay.service.impl.PayOrderServiceImpl.tryPayOrderByBalance(PayOrderServiceImpl.java:61) ~[classes/:na]
	at com.hmall.pay.service.impl.PayOrderServiceImpl$$FastClassBySpringCGLIB$$b2062e7f.invoke(<generated>) ~[classes/:na]
	at org.springframework.cglib.proxy.MethodProxy.invoke(MethodProxy.java:218) ~[spring-core-5.3.27.jar:5.3.27]
	at org.springframework.aop.framework.CglibAopProxy$CglibMethodInvocation.invokeJoinpoint(CglibAopProxy.java:793) ~[spring-aop-5.3.27.jar:5.3.27]
	at org.springframework.aop.framework.ReflectiveMethodInvocation.proceed(ReflectiveMethodInvocation.java:163) ~[spring-aop-5.3.27.jar:5.3.27]
	at org.springframework.aop.framework.CglibAopProxy$CglibMethodInvocation.proceed(CglibAopProxy.java:763) ~[spring-aop-5.3.27.jar:5.3.27]
	at org.springframework.transaction.interceptor.TransactionInterceptor$1.proceedWithInvocation(TransactionInterceptor.java:123) ~[spring-tx-5.3.27.jar:5.3.27]
	at org.springframework.transaction.interceptor.TransactionAspectSupport.invokeWithinTransaction(TransactionAspectSupport.java:388) ~[spring-tx-5.3.27.jar:5.3.27]
	at org.springframework.transaction.interceptor.TransactionInterceptor.invoke(TransactionInterceptor.java:119) ~[spring-tx-5.3.27.jar:5.3.27]
	at org.springframework.aop.framework.ReflectiveMethodInvocation.proceed(ReflectiveMethodInvocation.java:186) ~[spring-aop-5.3.27.jar:5.3.27]
	at org.springframework.aop.framework.CglibAopProxy$CglibMethodInvocation.proceed(CglibAopProxy.java:763) ~[spring-aop-5.3.27.jar:5.3.27]
	at org.springframework.aop.framework.CglibAopProxy$DynamicAdvisedInterceptor.intercept(CglibAopProxy.java:708) ~[spring-aop-5.3.27.jar:5.3.27]
	at com.hmall.pay.service.impl.PayOrderServiceImpl$$EnhancerBySpringCGLIB$$7859aa03.tryPayOrderByBalance(<generated>) ~[classes/:na]
	at com.hmall.pay.controller.PayController.tryPayOrderByBalance(PayController.java:37) ~[classes/:na]
	at java.base/jdk.internal.reflect.NativeMethodAccessorImpl.invoke0(Native Method) ~[na:na]
	at java.base/jdk.internal.reflect.NativeMethodAccessorImpl.invoke(NativeMethodAccessorImpl.java:62) ~[na:na]
	at java.base/jdk.internal.reflect.DelegatingMethodAccessorImpl.invoke(DelegatingMethodAccessorImpl.java:43) ~[na:na]
	at java.base/java.lang.reflect.Method.invoke(Method.java:566) ~[na:na]
	at org.springframework.web.method.support.InvocableHandlerMethod.doInvoke(InvocableHandlerMethod.java:205) ~[spring-web-5.3.27.jar:5.3.27]
	at org.springframework.web.method.support.InvocableHandlerMethod.invokeForRequest(InvocableHandlerMethod.java:150) ~[spring-web-5.3.27.jar:5.3.27]
	at org.springframework.web.servlet.mvc.method.annotation.ServletInvocableHandlerMethod.invokeAndHandle(ServletInvocableHandlerMethod.java:117) ~[spring-webmvc-5.3.27.jar:5.3.27]
	at org.springframework.web.servlet.mvc.method.annotation.RequestMappingHandlerAdapter.invokeHandlerMethod(RequestMappingHandlerAdapter.java:895) ~[spring-webmvc-5.3.27.jar:5.3.27]
	at org.springframework.web.servlet.mvc.method.annotation.RequestMappingHandlerAdapter.handleInternal(RequestMappingHandlerAdapter.java:808) ~[spring-webmvc-5.3.27.jar:5.3.27]
	at org.springframework.web.servlet.mvc.method.AbstractHandlerMethodAdapter.handle(AbstractHandlerMethodAdapter.java:87) ~[spring-webmvc-5.3.27.jar:5.3.27]
	at org.springframework.web.servlet.DispatcherServlet.doDispatch(DispatcherServlet.java:1072) ~[spring-webmvc-5.3.27.jar:5.3.27]
	at org.springframework.web.servlet.DispatcherServlet.doService(DispatcherServlet.java:965) ~[spring-webmvc-5.3.27.jar:5.3.27]
	at org.springframework.web.servlet.FrameworkServlet.processRequest(FrameworkServlet.java:1006) ~[spring-webmvc-5.3.27.jar:5.3.27]
	at org.springframework.web.servlet.FrameworkServlet.doPost(FrameworkServlet.java:909) ~[spring-webmvc-5.3.27.jar:5.3.27]
	at javax.servlet.http.HttpServlet.service(HttpServlet.java:555) ~[tomcat-embed-core-9.0.75.jar:4.0.FR]
	at org.springframework.web.servlet.FrameworkServlet.service(FrameworkServlet.java:883) ~[spring-webmvc-5.3.27.jar:5.3.27]
	at javax.servlet.http.HttpServlet.service(HttpServlet.java:623) ~[tomcat-embed-core-9.0.75.jar:4.0.FR]
	at org.apache.catalina.core.ApplicationFilterChain.internalDoFilter(ApplicationFilterChain.java:209) ~[tomcat-embed-core-9.0.75.jar:9.0.75]
	at org.apache.catalina.core.ApplicationFilterChain.doFilter(ApplicationFilterChain.java:153) ~[tomcat-embed-core-9.0.75.jar:9.0.75]
	at org.apache.tomcat.websocket.server.WsFilter.doFilter(WsFilter.java:51) ~[tomcat-embed-websocket-9.0.75.jar:9.0.75]
	at org.apache.catalina.core.ApplicationFilterChain.internalDoFilter(ApplicationFilterChain.java:178) ~[tomcat-embed-core-9.0.75.jar:9.0.75]
	at org.apache.catalina.core.ApplicationFilterChain.doFilter(ApplicationFilterChain.java:153) ~[tomcat-embed-core-9.0.75.jar:9.0.75]
	at org.springframework.web.filter.RequestContextFilter.doFilterInternal(RequestContextFilter.java:100) ~[spring-web-5.3.27.jar:5.3.27]
	at org.springframework.web.filter.OncePerRequestFilter.doFilter(OncePerRequestFilter.java:117) ~[spring-web-5.3.27.jar:5.3.27]
	at org.apache.catalina.core.ApplicationFilterChain.internalDoFilter(ApplicationFilterChain.java:178) ~[tomcat-embed-core-9.0.75.jar:9.0.75]
	at org.apache.catalina.core.ApplicationFilterChain.doFilter(ApplicationFilterChain.java:153) ~[tomcat-embed-core-9.0.75.jar:9.0.75]
	at org.springframework.web.filter.FormContentFilter.doFilterInternal(FormContentFilter.java:93) ~[spring-web-5.3.27.jar:5.3.27]
	at org.springframework.web.filter.OncePerRequestFilter.doFilter(OncePerRequestFilter.java:117) ~[spring-web-5.3.27.jar:5.3.27]
	at org.apache.catalina.core.ApplicationFilterChain.internalDoFilter(ApplicationFilterChain.java:178) ~[tomcat-embed-core-9.0.75.jar:9.0.75]
	at org.apache.catalina.core.ApplicationFilterChain.doFilter(ApplicationFilterChain.java:153) ~[tomcat-embed-core-9.0.75.jar:9.0.75]
	at org.springframework.web.filter.CharacterEncodingFilter.doFilterInternal(CharacterEncodingFilter.java:201) ~[spring-web-5.3.27.jar:5.3.27]
	at org.springframework.web.filter.OncePerRequestFilter.doFilter(OncePerRequestFilter.java:117) ~[spring-web-5.3.27.jar:5.3.27]
	at org.apache.catalina.core.ApplicationFilterChain.internalDoFilter(ApplicationFilterChain.java:178) ~[tomcat-embed-core-9.0.75.jar:9.0.75]
	at org.apache.catalina.core.ApplicationFilterChain.doFilter(ApplicationFilterChain.java:153) ~[tomcat-embed-core-9.0.75.jar:9.0.75]
	at org.apache.catalina.core.StandardWrapperValve.invoke(StandardWrapperValve.java:167) ~[tomcat-embed-core-9.0.75.jar:9.0.75]
	at org.apache.catalina.core.StandardContextValve.invoke(StandardContextValve.java:90) ~[tomcat-embed-core-9.0.75.jar:9.0.75]
	at org.apache.catalina.authenticator.AuthenticatorBase.invoke(AuthenticatorBase.java:481) ~[tomcat-embed-core-9.0.75.jar:9.0.75]
	at org.apache.catalina.core.StandardHostValve.invoke(StandardHostValve.java:130) ~[tomcat-embed-core-9.0.75.jar:9.0.75]
	at org.apache.catalina.valves.ErrorReportValve.invoke(ErrorReportValve.java:93) ~[tomcat-embed-core-9.0.75.jar:9.0.75]
	at org.apache.catalina.core.StandardEngineValve.invoke(StandardEngineValve.java:74) ~[tomcat-embed-core-9.0.75.jar:9.0.75]
	at org.apache.catalina.connector.CoyoteAdapter.service(CoyoteAdapter.java:343) ~[tomcat-embed-core-9.0.75.jar:9.0.75]
	at org.apache.coyote.http11.Http11Processor.service(Http11Processor.java:390) ~[tomcat-embed-core-9.0.75.jar:9.0.75]
	at org.apache.coyote.AbstractProcessorLight.process(AbstractProcessorLight.java:63) ~[tomcat-embed-core-9.0.75.jar:9.0.75]
	at org.apache.coyote.AbstractProtocol$ConnectionHandler.process(AbstractProtocol.java:926) ~[tomcat-embed-core-9.0.75.jar:9.0.75]
	at org.apache.tomcat.util.net.NioEndpoint$SocketProcessor.doRun(NioEndpoint.java:1791) ~[tomcat-embed-core-9.0.75.jar:9.0.75]
	at org.apache.tomcat.util.net.SocketProcessorBase.run(SocketProcessorBase.java:52) ~[tomcat-embed-core-9.0.75.jar:9.0.75]
	at org.apache.tomcat.util.threads.ThreadPoolExecutor.runWorker(ThreadPoolExecutor.java:1191) ~[tomcat-embed-core-9.0.75.jar:9.0.75]
	at org.apache.tomcat.util.threads.ThreadPoolExecutor$Worker.run(ThreadPoolExecutor.java:659) ~[tomcat-embed-core-9.0.75.jar:9.0.75]
	at org.apache.tomcat.util.threads.TaskThread$WrappingRunnable.run(TaskThread.java:61) ~[tomcat-embed-core-9.0.75.jar:9.0.75]
	at java.base/java.lang.Thread.run(Thread.java:829) ~[na:na]

09:51:58:657  INFO 26980 --- [nacos-grpc-client-executor-72] com.alibaba.nacos.common.remote.client   : [41f3a78c-0f5a-4ede-83b6-0966bdd16b4a] Receive server push request, request = NotifySubscriberRequest, requestId = 35
09:51:58:658  INFO 26980 --- [nacos-grpc-client-executor-72] com.alibaba.nacos.common.remote.client   : [41f3a78c-0f5a-4ede-83b6-0966bdd16b4a] Ack server push request, request = NotifySubscriberRequest, requestId = 35
09:52:25:725 DEBUG 26980 --- [http-nio-8086-exec-7] c.h.p.mapper.PayOrderMapper.selectById   : ==>  Preparing: SELECT id,biz_order_no,pay_order_no,biz_user_id,pay_channel_code,amount,pay_type,status,expand_json,result_code,result_msg,pay_success_time,pay_over_time,qr_code_url,create_time,update_time,creater,updater,is_delete FROM pay_order WHERE id=?
09:52:25:726 DEBUG 26980 --- [http-nio-8086-exec-7] c.h.p.mapper.PayOrderMapper.selectById   : ==> Parameters: 2078296610231668739(Long)
09:52:25:728 DEBUG 26980 --- [http-nio-8086-exec-7] c.h.p.mapper.PayOrderMapper.selectById   : <==      Total: 1
09:52:25:728 DEBUG 26980 --- [http-nio-8086-exec-7] com.hmall.api.client.UserClient          : [UserClient#deductMoney] ---> PUT http://user-service/users/money/deduct?pw=123&amount=216400 HTTP/1.1
09:52:25:728 DEBUG 26980 --- [http-nio-8086-exec-7] com.hmall.api.client.UserClient          : [UserClient#deductMoney] user-info: 1
09:52:25:728 DEBUG 26980 --- [http-nio-8086-exec-7] com.hmall.api.client.UserClient          : [UserClient#deductMoney] ---> END HTTP (0-byte body)
09:52:25:747 DEBUG 26980 --- [http-nio-8086-exec-7] com.hmall.api.client.UserClient          : [UserClient#deductMoney] <--- HTTP/1.1 401  (18ms)
09:52:25:747 DEBUG 26980 --- [http-nio-8086-exec-7] com.hmall.api.client.UserClient          : [UserClient#deductMoney] connection: keep-alive
09:52:25:747 DEBUG 26980 --- [http-nio-8086-exec-7] com.hmall.api.client.UserClient          : [UserClient#deductMoney] content-length: 30
09:52:25:747 DEBUG 26980 --- [http-nio-8086-exec-7] com.hmall.api.client.UserClient          : [UserClient#deductMoney] content-type: application/json;charset=UTF-8
09:52:25:747 DEBUG 26980 --- [http-nio-8086-exec-7] com.hmall.api.client.UserClient          : [UserClient#deductMoney] date: Sat, 18 Jul 2026 01:52:25 GMT
09:52:25:747 DEBUG 26980 --- [http-nio-8086-exec-7] com.hmall.api.client.UserClient          : [UserClient#deductMoney] keep-alive: timeout=60
09:52:25:747 DEBUG 26980 --- [http-nio-8086-exec-7] com.hmall.api.client.UserClient          : [UserClient#deductMoney] 
09:52:25:747 DEBUG 26980 --- [http-nio-8086-exec-7] com.hmall.api.client.UserClient          : [UserClient#deductMoney] {"code":401,"msg":"未登录"}
09:52:25:747 DEBUG 26980 --- [http-nio-8086-exec-7] com.hmall.api.client.UserClient          : [UserClient#deductMoney] <--- END HTTP (30-byte body)
09:52:25:750 ERROR 26980 --- [http-nio-8086-exec-7] c.h.common.advice.CommonExceptionAdvice  : 其他异常 uri : /pay-orders/2078296610231668739 -> 

feign.FeignException$Unauthorized: [401 ] during [PUT] to [http://user-service/users/money/deduct?pw=123&amount=216400] [UserClient#deductMoney(String,Integer)]: [{"code":401,"msg":"未登录"}]
	at feign.FeignException.clientErrorStatus(FeignException.java:215) ~[feign-core-11.8.jar:na]
	at feign.FeignException.errorStatus(FeignException.java:194) ~[feign-core-11.8.jar:na]
	at feign.FeignException.errorStatus(FeignException.java:185) ~[feign-core-11.8.jar:na]
	at feign.codec.ErrorDecoder$Default.decode(ErrorDecoder.java:92) ~[feign-core-11.8.jar:na]
	at feign.AsyncResponseHandler.handleResponse(AsyncResponseHandler.java:96) ~[feign-core-11.8.jar:na]
	at feign.SynchronousMethodHandler.executeAndDecode(SynchronousMethodHandler.java:138) ~[feign-core-11.8.jar:na]
	at feign.SynchronousMethodHandler.invoke(SynchronousMethodHandler.java:89) ~[feign-core-11.8.jar:na]
	at feign.ReflectiveFeign$FeignInvocationHandler.invoke(ReflectiveFeign.java:100) ~[feign-core-11.8.jar:na]
	at com.sun.proxy.$Proxy111.deductMoney(Unknown Source) ~[na:na]
	at com.hmall.pay.service.impl.PayOrderServiceImpl.tryPayOrderByBalance(PayOrderServiceImpl.java:61) ~[classes/:na]
	at com.hmall.pay.service.impl.PayOrderServiceImpl$$FastClassBySpringCGLIB$$b2062e7f.invoke(<generated>) ~[classes/:na]
	at org.springframework.cglib.proxy.MethodProxy.invoke(MethodProxy.java:218) ~[spring-core-5.3.27.jar:5.3.27]
	at org.springframework.aop.framework.CglibAopProxy$CglibMethodInvocation.invokeJoinpoint(CglibAopProxy.java:793) ~[spring-aop-5.3.27.jar:5.3.27]
	at org.springframework.aop.framework.ReflectiveMethodInvocation.proceed(ReflectiveMethodInvocation.java:163) ~[spring-aop-5.3.27.jar:5.3.27]
	at org.springframework.aop.framework.CglibAopProxy$CglibMethodInvocation.proceed(CglibAopProxy.java:763) ~[spring-aop-5.3.27.jar:5.3.27]
	at org.springframework.transaction.interceptor.TransactionInterceptor$1.proceedWithInvocation(TransactionInterceptor.java:123) ~[spring-tx-5.3.27.jar:5.3.27]
	at org.springframework.transaction.interceptor.TransactionAspectSupport.invokeWithinTransaction(TransactionAspectSupport.java:388) ~[spring-tx-5.3.27.jar:5.3.27]
	at org.springframework.transaction.interceptor.TransactionInterceptor.invoke(TransactionInterceptor.java:119) ~[spring-tx-5.3.27.jar:5.3.27]
	at org.springframework.aop.framework.ReflectiveMethodInvocation.proceed(ReflectiveMethodInvocation.java:186) ~[spring-aop-5.3.27.jar:5.3.27]
	at org.springframework.aop.framework.CglibAopProxy$CglibMethodInvocation.proceed(CglibAopProxy.java:763) ~[spring-aop-5.3.27.jar:5.3.27]
	at org.springframework.aop.framework.CglibAopProxy$DynamicAdvisedInterceptor.intercept(CglibAopProxy.java:708) ~[spring-aop-5.3.27.jar:5.3.27]
	at com.hmall.pay.service.impl.PayOrderServiceImpl$$EnhancerBySpringCGLIB$$7859aa03.tryPayOrderByBalance(<generated>) ~[classes/:na]
	at com.hmall.pay.controller.PayController.tryPayOrderByBalance(PayController.java:37) ~[classes/:na]
	at java.base/jdk.internal.reflect.NativeMethodAccessorImpl.invoke0(Native Method) ~[na:na]
	at java.base/jdk.internal.reflect.NativeMethodAccessorImpl.invoke(NativeMethodAccessorImpl.java:62) ~[na:na]
	at java.base/jdk.internal.reflect.DelegatingMethodAccessorImpl.invoke(DelegatingMethodAccessorImpl.java:43) ~[na:na]
	at java.base/java.lang.reflect.Method.invoke(Method.java:566) ~[na:na]
	at org.springframework.web.method.support.InvocableHandlerMethod.doInvoke(InvocableHandlerMethod.java:205) ~[spring-web-5.3.27.jar:5.3.27]
	at org.springframework.web.method.support.InvocableHandlerMethod.invokeForRequest(InvocableHandlerMethod.java:150) ~[spring-web-5.3.27.jar:5.3.27]
	at org.springframework.web.servlet.mvc.method.annotation.ServletInvocableHandlerMethod.invokeAndHandle(ServletInvocableHandlerMethod.java:117) ~[spring-webmvc-5.3.27.jar:5.3.27]
	at org.springframework.web.servlet.mvc.method.annotation.RequestMappingHandlerAdapter.invokeHandlerMethod(RequestMappingHandlerAdapter.java:895) ~[spring-webmvc-5.3.27.jar:5.3.27]
	at org.springframework.web.servlet.mvc.method.annotation.RequestMappingHandlerAdapter.handleInternal(RequestMappingHandlerAdapter.java:808) ~[spring-webmvc-5.3.27.jar:5.3.27]
	at org.springframework.web.servlet.mvc.method.AbstractHandlerMethodAdapter.handle(AbstractHandlerMethodAdapter.java:87) ~[spring-webmvc-5.3.27.jar:5.3.27]
	at org.springframework.web.servlet.DispatcherServlet.doDispatch(DispatcherServlet.java:1072) ~[spring-webmvc-5.3.27.jar:5.3.27]
	at org.springframework.web.servlet.DispatcherServlet.doService(DispatcherServlet.java:965) ~[spring-webmvc-5.3.27.jar:5.3.27]
	at org.springframework.web.servlet.FrameworkServlet.processRequest(FrameworkServlet.java:1006) ~[spring-webmvc-5.3.27.jar:5.3.27]
	at org.springframework.web.servlet.FrameworkServlet.doPost(FrameworkServlet.java:909) ~[spring-webmvc-5.3.27.jar:5.3.27]
	at javax.servlet.http.HttpServlet.service(HttpServlet.java:555) ~[tomcat-embed-core-9.0.75.jar:4.0.FR]
	at org.springframework.web.servlet.FrameworkServlet.service(FrameworkServlet.java:883) ~[spring-webmvc-5.3.27.jar:5.3.27]
	at javax.servlet.http.HttpServlet.service(HttpServlet.java:623) ~[tomcat-embed-core-9.0.75.jar:4.0.FR]
	at org.apache.catalina.core.ApplicationFilterChain.internalDoFilter(ApplicationFilterChain.java:209) ~[tomcat-embed-core-9.0.75.jar:9.0.75]
	at org.apache.catalina.core.ApplicationFilterChain.doFilter(ApplicationFilterChain.java:153) ~[tomcat-embed-core-9.0.75.jar:9.0.75]
	at org.apache.tomcat.websocket.server.WsFilter.doFilter(WsFilter.java:51) ~[tomcat-embed-websocket-9.0.75.jar:9.0.75]
	at org.apache.catalina.core.ApplicationFilterChain.internalDoFilter(ApplicationFilterChain.java:178) ~[tomcat-embed-core-9.0.75.jar:9.0.75]
	at org.apache.catalina.core.ApplicationFilterChain.doFilter(ApplicationFilterChain.java:153) ~[tomcat-embed-core-9.0.75.jar:9.0.75]
	at org.springframework.web.filter.RequestContextFilter.doFilterInternal(RequestContextFilter.java:100) ~[spring-web-5.3.27.jar:5.3.27]
	at org.springframework.web.filter.OncePerRequestFilter.doFilter(OncePerRequestFilter.java:117) ~[spring-web-5.3.27.jar:5.3.27]
	at org.apache.catalina.core.ApplicationFilterChain.internalDoFilter(ApplicationFilterChain.java:178) ~[tomcat-embed-core-9.0.75.jar:9.0.75]
	at org.apache.catalina.core.ApplicationFilterChain.doFilter(ApplicationFilterChain.java:153) ~[tomcat-embed-core-9.0.75.jar:9.0.75]
	at org.springframework.web.filter.FormContentFilter.doFilterInternal(FormContentFilter.java:93) ~[spring-web-5.3.27.jar:5.3.27]
	at org.springframework.web.filter.OncePerRequestFilter.doFilter(OncePerRequestFilter.java:117) ~[spring-web-5.3.27.jar:5.3.27]
	at org.apache.catalina.core.ApplicationFilterChain.internalDoFilter(ApplicationFilterChain.java:178) ~[tomcat-embed-core-9.0.75.jar:9.0.75]
	at org.apache.catalina.core.ApplicationFilterChain.doFilter(ApplicationFilterChain.java:153) ~[tomcat-embed-core-9.0.75.jar:9.0.75]
	at org.springframework.web.filter.CharacterEncodingFilter.doFilterInternal(CharacterEncodingFilter.java:201) ~[spring-web-5.3.27.jar:5.3.27]
	at org.springframework.web.filter.OncePerRequestFilter.doFilter(OncePerRequestFilter.java:117) ~[spring-web-5.3.27.jar:5.3.27]
	at org.apache.catalina.core.ApplicationFilterChain.internalDoFilter(ApplicationFilterChain.java:178) ~[tomcat-embed-core-9.0.75.jar:9.0.75]
	at org.apache.catalina.core.ApplicationFilterChain.doFilter(ApplicationFilterChain.java:153) ~[tomcat-embed-core-9.0.75.jar:9.0.75]
	at org.apache.catalina.core.StandardWrapperValve.invoke(StandardWrapperValve.java:167) ~[tomcat-embed-core-9.0.75.jar:9.0.75]
	at org.apache.catalina.core.StandardContextValve.invoke(StandardContextValve.java:90) ~[tomcat-embed-core-9.0.75.jar:9.0.75]
	at org.apache.catalina.authenticator.AuthenticatorBase.invoke(AuthenticatorBase.java:481) ~[tomcat-embed-core-9.0.75.jar:9.0.75]
	at org.apache.catalina.core.StandardHostValve.invoke(StandardHostValve.java:130) ~[tomcat-embed-core-9.0.75.jar:9.0.75]
	at org.apache.catalina.valves.ErrorReportValve.invoke(ErrorReportValve.java:93) ~[tomcat-embed-core-9.0.75.jar:9.0.75]
	at org.apache.catalina.core.StandardEngineValve.invoke(StandardEngineValve.java:74) ~[tomcat-embed-core-9.0.75.jar:9.0.75]
	at org.apache.catalina.connector.CoyoteAdapter.service(CoyoteAdapter.java:343) ~[tomcat-embed-core-9.0.75.jar:9.0.75]
	at org.apache.coyote.http11.Http11Processor.service(Http11Processor.java:390) ~[tomcat-embed-core-9.0.75.jar:9.0.75]
	at org.apache.coyote.AbstractProcessorLight.process(AbstractProcessorLight.java:63) ~[tomcat-embed-core-9.0.75.jar:9.0.75]
	at org.apache.coyote.AbstractProtocol$ConnectionHandler.process(AbstractProtocol.java:926) ~[tomcat-embed-core-9.0.75.jar:9.0.75]
	at org.apache.tomcat.util.net.NioEndpoint$SocketProcessor.doRun(NioEndpoint.java:1791) ~[tomcat-embed-core-9.0.75.jar:9.0.75]
	at org.apache.tomcat.util.net.SocketProcessorBase.run(SocketProcessorBase.java:52) ~[tomcat-embed-core-9.0.75.jar:9.0.75]
	at org.apache.tomcat.util.threads.ThreadPoolExecutor.runWorker(ThreadPoolExecutor.java:1191) ~[tomcat-embed-core-9.0.75.jar:9.0.75]
	at org.apache.tomcat.util.threads.ThreadPoolExecutor$Worker.run(ThreadPoolExecutor.java:659) ~[tomcat-embed-core-9.0.75.jar:9.0.75]
	at org.apache.tomcat.util.threads.TaskThread$WrappingRunnable.run(TaskThread.java:61) ~[tomcat-embed-core-9.0.75.jar:9.0.75]
	at java.base/java.lang.Thread.run(Thread.java:829) ~[na:na]

09:52:32:127 DEBUG 26980 --- [http-nio-8086-exec-4] c.h.p.mapper.PayOrderMapper.selectById   : ==>  Preparing: SELECT id,biz_order_no,pay_order_no,biz_user_id,pay_channel_code,amount,pay_type,status,expand_json,result_code,result_msg,pay_success_time,pay_over_time,qr_code_url,create_time,update_time,creater,updater,is_delete FROM pay_order WHERE id=?
09:52:32:127 DEBUG 26980 --- [http-nio-8086-exec-4] c.h.p.mapper.PayOrderMapper.selectById   : ==> Parameters: 2078296610231668739(Long)
09:52:32:129 DEBUG 26980 --- [http-nio-8086-exec-4] c.h.p.mapper.PayOrderMapper.selectById   : <==      Total: 1
09:52:32:129 DEBUG 26980 --- [http-nio-8086-exec-4] com.hmall.api.client.UserClient          : [UserClient#deductMoney] ---> PUT http://user-service/users/money/deduct?pw=123456&amount=216400 HTTP/1.1
09:52:32:129 DEBUG 26980 --- [http-nio-8086-exec-4] com.hmall.api.client.UserClient          : [UserClient#deductMoney] user-info: 1
09:52:32:129 DEBUG 26980 --- [http-nio-8086-exec-4] com.hmall.api.client.UserClient          : [UserClient#deductMoney] ---> END HTTP (0-byte body)
09:52:32:131 DEBUG 26980 --- [http-nio-8086-exec-4] com.hmall.api.client.UserClient          : [UserClient#deductMoney] <--- HTTP/1.1 401  (1ms)
09:52:32:131 DEBUG 26980 --- [http-nio-8086-exec-4] com.hmall.api.client.UserClient          : [UserClient#deductMoney] connection: keep-alive
09:52:32:131 DEBUG 26980 --- [http-nio-8086-exec-4] com.hmall.api.client.UserClient          : [UserClient#deductMoney] content-length: 30
09:52:32:131 DEBUG 26980 --- [http-nio-8086-exec-4] com.hmall.api.client.UserClient          : [UserClient#deductMoney] content-type: application/json;charset=UTF-8
09:52:32:131 DEBUG 26980 --- [http-nio-8086-exec-4] com.hmall.api.client.UserClient          : [UserClient#deductMoney] date: Sat, 18 Jul 2026 01:52:32 GMT
09:52:32:131 DEBUG 26980 --- [http-nio-8086-exec-4] com.hmall.api.client.UserClient          : [UserClient#deductMoney] keep-alive: timeout=60
09:52:32:131 DEBUG 26980 --- [http-nio-8086-exec-4] com.hmall.api.client.UserClient          : [UserClient#deductMoney] 
09:52:32:131 DEBUG 26980 --- [http-nio-8086-exec-4] com.hmall.api.client.UserClient          : [UserClient#deductMoney] {"code":401,"msg":"未登录"}
09:52:32:131 DEBUG 26980 --- [http-nio-8086-exec-4] com.hmall.api.client.UserClient          : [UserClient#deductMoney] <--- END HTTP (30-byte body)
09:52:32:133 ERROR 26980 --- [http-nio-8086-exec-4] c.h.common.advice.CommonExceptionAdvice  : 其他异常 uri : /pay-orders/2078296610231668739 -> 

feign.FeignException$Unauthorized: [401 ] during [PUT] to [http://user-service/users/money/deduct?pw=123456&amount=216400] [UserClient#deductMoney(String,Integer)]: [{"code":401,"msg":"未登录"}]
	at feign.FeignException.clientErrorStatus(FeignException.java:215) ~[feign-core-11.8.jar:na]
	at feign.FeignException.errorStatus(FeignException.java:194) ~[feign-core-11.8.jar:na]
	at feign.FeignException.errorStatus(FeignException.java:185) ~[feign-core-11.8.jar:na]
	at feign.codec.ErrorDecoder$Default.decode(ErrorDecoder.java:92) ~[feign-core-11.8.jar:na]
	at feign.AsyncResponseHandler.handleResponse(AsyncResponseHandler.java:96) ~[feign-core-11.8.jar:na]
	at feign.SynchronousMethodHandler.executeAndDecode(SynchronousMethodHandler.java:138) ~[feign-core-11.8.jar:na]
	at feign.SynchronousMethodHandler.invoke(SynchronousMethodHandler.java:89) ~[feign-core-11.8.jar:na]
	at feign.ReflectiveFeign$FeignInvocationHandler.invoke(ReflectiveFeign.java:100) ~[feign-core-11.8.jar:na]
	at com.sun.proxy.$Proxy111.deductMoney(Unknown Source) ~[na:na]
	at com.hmall.pay.service.impl.PayOrderServiceImpl.tryPayOrderByBalance(PayOrderServiceImpl.java:61) ~[classes/:na]
	at com.hmall.pay.service.impl.PayOrderServiceImpl$$FastClassBySpringCGLIB$$b2062e7f.invoke(<generated>) ~[classes/:na]
	at org.springframework.cglib.proxy.MethodProxy.invoke(MethodProxy.java:218) ~[spring-core-5.3.27.jar:5.3.27]
	at org.springframework.aop.framework.CglibAopProxy$CglibMethodInvocation.invokeJoinpoint(CglibAopProxy.java:793) ~[spring-aop-5.3.27.jar:5.3.27]
	at org.springframework.aop.framework.ReflectiveMethodInvocation.proceed(ReflectiveMethodInvocation.java:163) ~[spring-aop-5.3.27.jar:5.3.27]
	at org.springframework.aop.framework.CglibAopProxy$CglibMethodInvocation.proceed(CglibAopProxy.java:763) ~[spring-aop-5.3.27.jar:5.3.27]
	at org.springframework.transaction.interceptor.TransactionInterceptor$1.proceedWithInvocation(TransactionInterceptor.java:123) ~[spring-tx-5.3.27.jar:5.3.27]
	at org.springframework.transaction.interceptor.TransactionAspectSupport.invokeWithinTransaction(TransactionAspectSupport.java:388) ~[spring-tx-5.3.27.jar:5.3.27]
	at org.springframework.transaction.interceptor.TransactionInterceptor.invoke(TransactionInterceptor.java:119) ~[spring-tx-5.3.27.jar:5.3.27]
	at org.springframework.aop.framework.ReflectiveMethodInvocation.proceed(ReflectiveMethodInvocation.java:186) ~[spring-aop-5.3.27.jar:5.3.27]
	at org.springframework.aop.framework.CglibAopProxy$CglibMethodInvocation.proceed(CglibAopProxy.java:763) ~[spring-aop-5.3.27.jar:5.3.27]
	at org.springframework.aop.framework.CglibAopProxy$DynamicAdvisedInterceptor.intercept(CglibAopProxy.java:708) ~[spring-aop-5.3.27.jar:5.3.27]
	at com.hmall.pay.service.impl.PayOrderServiceImpl$$EnhancerBySpringCGLIB$$7859aa03.tryPayOrderByBalance(<generated>) ~[classes/:na]
	at com.hmall.pay.controller.PayController.tryPayOrderByBalance(PayController.java:37) ~[classes/:na]
	at java.base/jdk.internal.reflect.NativeMethodAccessorImpl.invoke0(Native Method) ~[na:na]
	at java.base/jdk.internal.reflect.NativeMethodAccessorImpl.invoke(NativeMethodAccessorImpl.java:62) ~[na:na]
	at java.base/jdk.internal.reflect.DelegatingMethodAccessorImpl.invoke(DelegatingMethodAccessorImpl.java:43) ~[na:na]
	at java.base/java.lang.reflect.Method.invoke(Method.java:566) ~[na:na]
	at org.springframework.web.method.support.InvocableHandlerMethod.doInvoke(InvocableHandlerMethod.java:205) ~[spring-web-5.3.27.jar:5.3.27]
	at org.springframework.web.method.support.InvocableHandlerMethod.invokeForRequest(InvocableHandlerMethod.java:150) ~[spring-web-5.3.27.jar:5.3.27]
	at org.springframework.web.servlet.mvc.method.annotation.ServletInvocableHandlerMethod.invokeAndHandle(ServletInvocableHandlerMethod.java:117) ~[spring-webmvc-5.3.27.jar:5.3.27]
	at org.springframework.web.servlet.mvc.method.annotation.RequestMappingHandlerAdapter.invokeHandlerMethod(RequestMappingHandlerAdapter.java:895) ~[spring-webmvc-5.3.27.jar:5.3.27]
	at org.springframework.web.servlet.mvc.method.annotation.RequestMappingHandlerAdapter.handleInternal(RequestMappingHandlerAdapter.java:808) ~[spring-webmvc-5.3.27.jar:5.3.27]
	at org.springframework.web.servlet.mvc.method.AbstractHandlerMethodAdapter.handle(AbstractHandlerMethodAdapter.java:87) ~[spring-webmvc-5.3.27.jar:5.3.27]
	at org.springframework.web.servlet.DispatcherServlet.doDispatch(DispatcherServlet.java:1072) ~[spring-webmvc-5.3.27.jar:5.3.27]
	at org.springframework.web.servlet.DispatcherServlet.doService(DispatcherServlet.java:965) ~[spring-webmvc-5.3.27.jar:5.3.27]
	at org.springframework.web.servlet.FrameworkServlet.processRequest(FrameworkServlet.java:1006) ~[spring-webmvc-5.3.27.jar:5.3.27]
	at org.springframework.web.servlet.FrameworkServlet.doPost(FrameworkServlet.java:909) ~[spring-webmvc-5.3.27.jar:5.3.27]
	at javax.servlet.http.HttpServlet.service(HttpServlet.java:555) ~[tomcat-embed-core-9.0.75.jar:4.0.FR]
	at org.springframework.web.servlet.FrameworkServlet.service(FrameworkServlet.java:883) ~[spring-webmvc-5.3.27.jar:5.3.27]
	at javax.servlet.http.HttpServlet.service(HttpServlet.java:623) ~[tomcat-embed-core-9.0.75.jar:4.0.FR]
	at org.apache.catalina.core.ApplicationFilterChain.internalDoFilter(ApplicationFilterChain.java:209) ~[tomcat-embed-core-9.0.75.jar:9.0.75]
	at org.apache.catalina.core.ApplicationFilterChain.doFilter(ApplicationFilterChain.java:153) ~[tomcat-embed-core-9.0.75.jar:9.0.75]
	at org.apache.tomcat.websocket.server.WsFilter.doFilter(WsFilter.java:51) ~[tomcat-embed-websocket-9.0.75.jar:9.0.75]
	at org.apache.catalina.core.ApplicationFilterChain.internalDoFilter(ApplicationFilterChain.java:178) ~[tomcat-embed-core-9.0.75.jar:9.0.75]
	at org.apache.catalina.core.ApplicationFilterChain.doFilter(ApplicationFilterChain.java:153) ~[tomcat-embed-core-9.0.75.jar:9.0.75]
	at org.springframework.web.filter.RequestContextFilter.doFilterInternal(RequestContextFilter.java:100) ~[spring-web-5.3.27.jar:5.3.27]
	at org.springframework.web.filter.OncePerRequestFilter.doFilter(OncePerRequestFilter.java:117) ~[spring-web-5.3.27.jar:5.3.27]
	at org.apache.catalina.core.ApplicationFilterChain.internalDoFilter(ApplicationFilterChain.java:178) ~[tomcat-embed-core-9.0.75.jar:9.0.75]
	at org.apache.catalina.core.ApplicationFilterChain.doFilter(ApplicationFilterChain.java:153) ~[tomcat-embed-core-9.0.75.jar:9.0.75]
	at org.springframework.web.filter.FormContentFilter.doFilterInternal(FormContentFilter.java:93) ~[spring-web-5.3.27.jar:5.3.27]
	at org.springframework.web.filter.OncePerRequestFilter.doFilter(OncePerRequestFilter.java:117) ~[spring-web-5.3.27.jar:5.3.27]
	at org.apache.catalina.core.ApplicationFilterChain.internalDoFilter(ApplicationFilterChain.java:178) ~[tomcat-embed-core-9.0.75.jar:9.0.75]
	at org.apache.catalina.core.ApplicationFilterChain.doFilter(ApplicationFilterChain.java:153) ~[tomcat-embed-core-9.0.75.jar:9.0.75]
	at org.springframework.web.filter.CharacterEncodingFilter.doFilterInternal(CharacterEncodingFilter.java:201) ~[spring-web-5.3.27.jar:5.3.27]
	at org.springframework.web.filter.OncePerRequestFilter.doFilter(OncePerRequestFilter.java:117) ~[spring-web-5.3.27.jar:5.3.27]
	at org.apache.catalina.core.ApplicationFilterChain.internalDoFilter(ApplicationFilterChain.java:178) ~[tomcat-embed-core-9.0.75.jar:9.0.75]
	at org.apache.catalina.core.ApplicationFilterChain.doFilter(ApplicationFilterChain.java:153) ~[tomcat-embed-core-9.0.75.jar:9.0.75]
	at org.apache.catalina.core.StandardWrapperValve.invoke(StandardWrapperValve.java:167) ~[tomcat-embed-core-9.0.75.jar:9.0.75]
	at org.apache.catalina.core.StandardContextValve.invoke(StandardContextValve.java:90) ~[tomcat-embed-core-9.0.75.jar:9.0.75]
	at org.apache.catalina.authenticator.AuthenticatorBase.invoke(AuthenticatorBase.java:481) ~[tomcat-embed-core-9.0.75.jar:9.0.75]
	at org.apache.catalina.core.StandardHostValve.invoke(StandardHostValve.java:130) ~[tomcat-embed-core-9.0.75.jar:9.0.75]
	at org.apache.catalina.valves.ErrorReportValve.invoke(ErrorReportValve.java:93) ~[tomcat-embed-core-9.0.75.jar:9.0.75]
	at org.apache.catalina.core.StandardEngineValve.invoke(StandardEngineValve.java:74) ~[tomcat-embed-core-9.0.75.jar:9.0.75]
	at org.apache.catalina.connector.CoyoteAdapter.service(CoyoteAdapter.java:343) ~[tomcat-embed-core-9.0.75.jar:9.0.75]
	at org.apache.coyote.http11.Http11Processor.service(Http11Processor.java:390) ~[tomcat-embed-core-9.0.75.jar:9.0.75]
	at org.apache.coyote.AbstractProcessorLight.process(AbstractProcessorLight.java:63) ~[tomcat-embed-core-9.0.75.jar:9.0.75]
	at org.apache.coyote.AbstractProtocol$ConnectionHandler.process(AbstractProtocol.java:926) ~[tomcat-embed-core-9.0.75.jar:9.0.75]
	at org.apache.tomcat.util.net.NioEndpoint$SocketProcessor.doRun(NioEndpoint.java:1791) ~[tomcat-embed-core-9.0.75.jar:9.0.75]
	at org.apache.tomcat.util.net.SocketProcessorBase.run(SocketProcessorBase.java:52) ~[tomcat-embed-core-9.0.75.jar:9.0.75]
	at org.apache.tomcat.util.threads.ThreadPoolExecutor.runWorker(ThreadPoolExecutor.java:1191) ~[tomcat-embed-core-9.0.75.jar:9.0.75]
	at org.apache.tomcat.util.threads.ThreadPoolExecutor$Worker.run(ThreadPoolExecutor.java:659) ~[tomcat-embed-core-9.0.75.jar:9.0.75]
	at org.apache.tomcat.util.threads.TaskThread$WrappingRunnable.run(TaskThread.java:61) ~[tomcat-embed-core-9.0.75.jar:9.0.75]
	at java.base/java.lang.Thread.run(Thread.java:829) ~[na:na]

09:53:49:417 DEBUG 26980 --- [http-nio-8086-exec-9] c.h.p.mapper.PayOrderMapper.selectById   : ==>  Preparing: SELECT id,biz_order_no,pay_order_no,biz_user_id,pay_channel_code,amount,pay_type,status,expand_json,result_code,result_msg,pay_success_time,pay_over_time,qr_code_url,create_time,update_time,creater,updater,is_delete FROM pay_order WHERE id=?
09:53:49:418 DEBUG 26980 --- [http-nio-8086-exec-9] c.h.p.mapper.PayOrderMapper.selectById   : ==> Parameters: 2078296610231668739(Long)
09:53:49:419 DEBUG 26980 --- [http-nio-8086-exec-9] c.h.p.mapper.PayOrderMapper.selectById   : <==      Total: 1
09:53:49:420 DEBUG 26980 --- [http-nio-8086-exec-9] com.hmall.api.client.UserClient          : [UserClient#deductMoney] ---> PUT http://user-service/users/money/deduct?pw=123&amount=216400 HTTP/1.1
09:53:49:420 DEBUG 26980 --- [http-nio-8086-exec-9] com.hmall.api.client.UserClient          : [UserClient#deductMoney] user-info: 1
09:53:49:420 DEBUG 26980 --- [http-nio-8086-exec-9] com.hmall.api.client.UserClient          : [UserClient#deductMoney] ---> END HTTP (0-byte body)
09:53:49:425 DEBUG 26980 --- [http-nio-8086-exec-9] com.hmall.api.client.UserClient          : [UserClient#deductMoney] <--- HTTP/1.1 401  (4ms)
09:53:49:425 DEBUG 26980 --- [http-nio-8086-exec-9] com.hmall.api.client.UserClient          : [UserClient#deductMoney] connection: keep-alive
09:53:49:425 DEBUG 26980 --- [http-nio-8086-exec-9] com.hmall.api.client.UserClient          : [UserClient#deductMoney] content-length: 30
09:53:49:425 DEBUG 26980 --- [http-nio-8086-exec-9] com.hmall.api.client.UserClient          : [UserClient#deductMoney] content-type: application/json;charset=UTF-8
09:53:49:425 DEBUG 26980 --- [http-nio-8086-exec-9] com.hmall.api.client.UserClient          : [UserClient#deductMoney] date: Sat, 18 Jul 2026 01:53:49 GMT
09:53:49:425 DEBUG 26980 --- [http-nio-8086-exec-9] com.hmall.api.client.UserClient          : [UserClient#deductMoney] keep-alive: timeout=60
09:53:49:425 DEBUG 26980 --- [http-nio-8086-exec-9] com.hmall.api.client.UserClient          : [UserClient#deductMoney] 
09:53:49:426 DEBUG 26980 --- [http-nio-8086-exec-9] com.hmall.api.client.UserClient          : [UserClient#deductMoney] {"code":401,"msg":"未登录"}
09:53:49:426 DEBUG 26980 --- [http-nio-8086-exec-9] com.hmall.api.client.UserClient          : [UserClient#deductMoney] <--- END HTTP (30-byte body)
09:53:49:428 ERROR 26980 --- [http-nio-8086-exec-9] c.h.common.advice.CommonExceptionAdvice  : 其他异常 uri : /pay-orders/2078296610231668739 -> 

feign.FeignException$Unauthorized: [401 ] during [PUT] to [http://user-service/users/money/deduct?pw=123&amount=216400] [UserClient#deductMoney(String,Integer)]: [{"code":401,"msg":"未登录"}]
	at feign.FeignException.clientErrorStatus(FeignException.java:215) ~[feign-core-11.8.jar:na]
	at feign.FeignException.errorStatus(FeignException.java:194) ~[feign-core-11.8.jar:na]
	at feign.FeignException.errorStatus(FeignException.java:185) ~[feign-core-11.8.jar:na]
	at feign.codec.ErrorDecoder$Default.decode(ErrorDecoder.java:92) ~[feign-core-11.8.jar:na]
	at feign.AsyncResponseHandler.handleResponse(AsyncResponseHandler.java:96) ~[feign-core-11.8.jar:na]
	at feign.SynchronousMethodHandler.executeAndDecode(SynchronousMethodHandler.java:138) ~[feign-core-11.8.jar:na]
	at feign.SynchronousMethodHandler.invoke(SynchronousMethodHandler.java:89) ~[feign-core-11.8.jar:na]
	at feign.ReflectiveFeign$FeignInvocationHandler.invoke(ReflectiveFeign.java:100) ~[feign-core-11.8.jar:na]
	at com.sun.proxy.$Proxy111.deductMoney(Unknown Source) ~[na:na]
	at com.hmall.pay.service.impl.PayOrderServiceImpl.tryPayOrderByBalance(PayOrderServiceImpl.java:61) ~[classes/:na]
	at com.hmall.pay.service.impl.PayOrderServiceImpl$$FastClassBySpringCGLIB$$b2062e7f.invoke(<generated>) ~[classes/:na]
	at org.springframework.cglib.proxy.MethodProxy.invoke(MethodProxy.java:218) ~[spring-core-5.3.27.jar:5.3.27]
	at org.springframework.aop.framework.CglibAopProxy$CglibMethodInvocation.invokeJoinpoint(CglibAopProxy.java:793) ~[spring-aop-5.3.27.jar:5.3.27]
	at org.springframework.aop.framework.ReflectiveMethodInvocation.proceed(ReflectiveMethodInvocation.java:163) ~[spring-aop-5.3.27.jar:5.3.27]
	at org.springframework.aop.framework.CglibAopProxy$CglibMethodInvocation.proceed(CglibAopProxy.java:763) ~[spring-aop-5.3.27.jar:5.3.27]
	at org.springframework.transaction.interceptor.TransactionInterceptor$1.proceedWithInvocation(TransactionInterceptor.java:123) ~[spring-tx-5.3.27.jar:5.3.27]
	at org.springframework.transaction.interceptor.TransactionAspectSupport.invokeWithinTransaction(TransactionAspectSupport.java:388) ~[spring-tx-5.3.27.jar:5.3.27]
	at org.springframework.transaction.interceptor.TransactionInterceptor.invoke(TransactionInterceptor.java:119) ~[spring-tx-5.3.27.jar:5.3.27]
	at org.springframework.aop.framework.ReflectiveMethodInvocation.proceed(ReflectiveMethodInvocation.java:186) ~[spring-aop-5.3.27.jar:5.3.27]
	at org.springframework.aop.framework.CglibAopProxy$CglibMethodInvocation.proceed(CglibAopProxy.java:763) ~[spring-aop-5.3.27.jar:5.3.27]
	at org.springframework.aop.framework.CglibAopProxy$DynamicAdvisedInterceptor.intercept(CglibAopProxy.java:708) ~[spring-aop-5.3.27.jar:5.3.27]
	at com.hmall.pay.service.impl.PayOrderServiceImpl$$EnhancerBySpringCGLIB$$7859aa03.tryPayOrderByBalance(<generated>) ~[classes/:na]
	at com.hmall.pay.controller.PayController.tryPayOrderByBalance(PayController.java:37) ~[classes/:na]
	at java.base/jdk.internal.reflect.NativeMethodAccessorImpl.invoke0(Native Method) ~[na:na]
	at java.base/jdk.internal.reflect.NativeMethodAccessorImpl.invoke(NativeMethodAccessorImpl.java:62) ~[na:na]
	at java.base/jdk.internal.reflect.DelegatingMethodAccessorImpl.invoke(DelegatingMethodAccessorImpl.java:43) ~[na:na]
	at java.base/java.lang.reflect.Method.invoke(Method.java:566) ~[na:na]
	at org.springframework.web.method.support.InvocableHandlerMethod.doInvoke(InvocableHandlerMethod.java:205) ~[spring-web-5.3.27.jar:5.3.27]
	at org.springframework.web.method.support.InvocableHandlerMethod.invokeForRequest(InvocableHandlerMethod.java:150) ~[spring-web-5.3.27.jar:5.3.27]
	at org.springframework.web.servlet.mvc.method.annotation.ServletInvocableHandlerMethod.invokeAndHandle(ServletInvocableHandlerMethod.java:117) ~[spring-webmvc-5.3.27.jar:5.3.27]
	at org.springframework.web.servlet.mvc.method.annotation.RequestMappingHandlerAdapter.invokeHandlerMethod(RequestMappingHandlerAdapter.java:895) ~[spring-webmvc-5.3.27.jar:5.3.27]
	at org.springframework.web.servlet.mvc.method.annotation.RequestMappingHandlerAdapter.handleInternal(RequestMappingHandlerAdapter.java:808) ~[spring-webmvc-5.3.27.jar:5.3.27]
	at org.springframework.web.servlet.mvc.method.AbstractHandlerMethodAdapter.handle(AbstractHandlerMethodAdapter.java:87) ~[spring-webmvc-5.3.27.jar:5.3.27]
	at org.springframework.web.servlet.DispatcherServlet.doDispatch(DispatcherServlet.java:1072) ~[spring-webmvc-5.3.27.jar:5.3.27]
	at org.springframework.web.servlet.DispatcherServlet.doService(DispatcherServlet.java:965) ~[spring-webmvc-5.3.27.jar:5.3.27]
	at org.springframework.web.servlet.FrameworkServlet.processRequest(FrameworkServlet.java:1006) ~[spring-webmvc-5.3.27.jar:5.3.27]
	at org.springframework.web.servlet.FrameworkServlet.doPost(FrameworkServlet.java:909) ~[spring-webmvc-5.3.27.jar:5.3.27]
	at javax.servlet.http.HttpServlet.service(HttpServlet.java:555) ~[tomcat-embed-core-9.0.75.jar:4.0.FR]
	at org.springframework.web.servlet.FrameworkServlet.service(FrameworkServlet.java:883) ~[spring-webmvc-5.3.27.jar:5.3.27]
	at javax.servlet.http.HttpServlet.service(HttpServlet.java:623) ~[tomcat-embed-core-9.0.75.jar:4.0.FR]
	at org.apache.catalina.core.ApplicationFilterChain.internalDoFilter(ApplicationFilterChain.java:209) ~[tomcat-embed-core-9.0.75.jar:9.0.75]
	at org.apache.catalina.core.ApplicationFilterChain.doFilter(ApplicationFilterChain.java:153) ~[tomcat-embed-core-9.0.75.jar:9.0.75]
	at org.apache.tomcat.websocket.server.WsFilter.doFilter(WsFilter.java:51) ~[tomcat-embed-websocket-9.0.75.jar:9.0.75]
	at org.apache.catalina.core.ApplicationFilterChain.internalDoFilter(ApplicationFilterChain.java:178) ~[tomcat-embed-core-9.0.75.jar:9.0.75]
	at org.apache.catalina.core.ApplicationFilterChain.doFilter(ApplicationFilterChain.java:153) ~[tomcat-embed-core-9.0.75.jar:9.0.75]
	at org.springframework.web.filter.RequestContextFilter.doFilterInternal(RequestContextFilter.java:100) ~[spring-web-5.3.27.jar:5.3.27]
	at org.springframework.web.filter.OncePerRequestFilter.doFilter(OncePerRequestFilter.java:117) ~[spring-web-5.3.27.jar:5.3.27]
	at org.apache.catalina.core.ApplicationFilterChain.internalDoFilter(ApplicationFilterChain.java:178) ~[tomcat-embed-core-9.0.75.jar:9.0.75]
	at org.apache.catalina.core.ApplicationFilterChain.doFilter(ApplicationFilterChain.java:153) ~[tomcat-embed-core-9.0.75.jar:9.0.75]
	at org.springframework.web.filter.FormContentFilter.doFilterInternal(FormContentFilter.java:93) ~[spring-web-5.3.27.jar:5.3.27]
	at org.springframework.web.filter.OncePerRequestFilter.doFilter(OncePerRequestFilter.java:117) ~[spring-web-5.3.27.jar:5.3.27]
	at org.apache.catalina.core.ApplicationFilterChain.internalDoFilter(ApplicationFilterChain.java:178) ~[tomcat-embed-core-9.0.75.jar:9.0.75]
	at org.apache.catalina.core.ApplicationFilterChain.doFilter(ApplicationFilterChain.java:153) ~[tomcat-embed-core-9.0.75.jar:9.0.75]
	at org.springframework.web.filter.CharacterEncodingFilter.doFilterInternal(CharacterEncodingFilter.java:201) ~[spring-web-5.3.27.jar:5.3.27]
	at org.springframework.web.filter.OncePerRequestFilter.doFilter(OncePerRequestFilter.java:117) ~[spring-web-5.3.27.jar:5.3.27]
	at org.apache.catalina.core.ApplicationFilterChain.internalDoFilter(ApplicationFilterChain.java:178) ~[tomcat-embed-core-9.0.75.jar:9.0.75]
	at org.apache.catalina.core.ApplicationFilterChain.doFilter(ApplicationFilterChain.java:153) ~[tomcat-embed-core-9.0.75.jar:9.0.75]
	at org.apache.catalina.core.StandardWrapperValve.invoke(StandardWrapperValve.java:167) ~[tomcat-embed-core-9.0.75.jar:9.0.75]
	at org.apache.catalina.core.StandardContextValve.invoke(StandardContextValve.java:90) ~[tomcat-embed-core-9.0.75.jar:9.0.75]
	at org.apache.catalina.authenticator.AuthenticatorBase.invoke(AuthenticatorBase.java:481) ~[tomcat-embed-core-9.0.75.jar:9.0.75]
	at org.apache.catalina.core.StandardHostValve.invoke(StandardHostValve.java:130) ~[tomcat-embed-core-9.0.75.jar:9.0.75]
	at org.apache.catalina.valves.ErrorReportValve.invoke(ErrorReportValve.java:93) ~[tomcat-embed-core-9.0.75.jar:9.0.75]
	at org.apache.catalina.core.StandardEngineValve.invoke(StandardEngineValve.java:74) ~[tomcat-embed-core-9.0.75.jar:9.0.75]
	at org.apache.catalina.connector.CoyoteAdapter.service(CoyoteAdapter.java:343) ~[tomcat-embed-core-9.0.75.jar:9.0.75]
	at org.apache.coyote.http11.Http11Processor.service(Http11Processor.java:390) ~[tomcat-embed-core-9.0.75.jar:9.0.75]
	at org.apache.coyote.AbstractProcessorLight.process(AbstractProcessorLight.java:63) ~[tomcat-embed-core-9.0.75.jar:9.0.75]
	at org.apache.coyote.AbstractProtocol$ConnectionHandler.process(AbstractProtocol.java:926) ~[tomcat-embed-core-9.0.75.jar:9.0.75]
	at org.apache.tomcat.util.net.NioEndpoint$SocketProcessor.doRun(NioEndpoint.java:1791) ~[tomcat-embed-core-9.0.75.jar:9.0.75]
	at org.apache.tomcat.util.net.SocketProcessorBase.run(SocketProcessorBase.java:52) ~[tomcat-embed-core-9.0.75.jar:9.0.75]
	at org.apache.tomcat.util.threads.ThreadPoolExecutor.runWorker(ThreadPoolExecutor.java:1191) ~[tomcat-embed-core-9.0.75.jar:9.0.75]
	at org.apache.tomcat.util.threads.ThreadPoolExecutor$Worker.run(ThreadPoolExecutor.java:659) ~[tomcat-embed-core-9.0.75.jar:9.0.75]
	at org.apache.tomcat.util.threads.TaskThread$WrappingRunnable.run(TaskThread.java:61) ~[tomcat-embed-core-9.0.75.jar:9.0.75]
	at java.base/java.lang.Thread.run(Thread.java:829) ~[na:na]

09:57:14:001 DEBUG 26980 --- [http-nio-8086-exec-2] c.h.p.mapper.PayOrderMapper.selectById   : ==>  Preparing: SELECT id,biz_order_no,pay_order_no,biz_user_id,pay_channel_code,amount,pay_type,status,expand_json,result_code,result_msg,pay_success_time,pay_over_time,qr_code_url,create_time,update_time,creater,updater,is_delete FROM pay_order WHERE id=?
09:57:14:001 DEBUG 26980 --- [http-nio-8086-exec-2] c.h.p.mapper.PayOrderMapper.selectById   : ==> Parameters: 2078296610231668739(Long)
09:57:14:003 DEBUG 26980 --- [http-nio-8086-exec-2] c.h.p.mapper.PayOrderMapper.selectById   : <==      Total: 1
09:57:14:004 DEBUG 26980 --- [http-nio-8086-exec-2] com.hmall.api.client.UserClient          : [UserClient#deductMoney] ---> PUT http://user-service/users/money/deduct?pw=123&amount=216400 HTTP/1.1
09:57:14:004 DEBUG 26980 --- [http-nio-8086-exec-2] com.hmall.api.client.UserClient          : [UserClient#deductMoney] user-info: 1
09:57:14:004 DEBUG 26980 --- [http-nio-8086-exec-2] com.hmall.api.client.UserClient          : [UserClient#deductMoney] ---> END HTTP (0-byte body)
09:57:14:008 DEBUG 26980 --- [http-nio-8086-exec-2] com.hmall.api.client.UserClient          : [UserClient#deductMoney] <--- HTTP/1.1 401  (3ms)
09:57:14:008 DEBUG 26980 --- [http-nio-8086-exec-2] com.hmall.api.client.UserClient          : [UserClient#deductMoney] connection: keep-alive
09:57:14:008 DEBUG 26980 --- [http-nio-8086-exec-2] com.hmall.api.client.UserClient          : [UserClient#deductMoney] content-length: 30
09:57:14:008 DEBUG 26980 --- [http-nio-8086-exec-2] com.hmall.api.client.UserClient          : [UserClient#deductMoney] content-type: application/json;charset=UTF-8
09:57:14:008 DEBUG 26980 --- [http-nio-8086-exec-2] com.hmall.api.client.UserClient          : [UserClient#deductMoney] date: Sat, 18 Jul 2026 01:57:14 GMT
09:57:14:008 DEBUG 26980 --- [http-nio-8086-exec-2] com.hmall.api.client.UserClient          : [UserClient#deductMoney] keep-alive: timeout=60
09:57:14:008 DEBUG 26980 --- [http-nio-8086-exec-2] com.hmall.api.client.UserClient          : [UserClient#deductMoney] 
09:57:14:008 DEBUG 26980 --- [http-nio-8086-exec-2] com.hmall.api.client.UserClient          : [UserClient#deductMoney] {"code":401,"msg":"未登录"}
09:57:14:008 DEBUG 26980 --- [http-nio-8086-exec-2] com.hmall.api.client.UserClient          : [UserClient#deductMoney] <--- END HTTP (30-byte body)
09:57:14:011 ERROR 26980 --- [http-nio-8086-exec-2] c.h.common.advice.CommonExceptionAdvice  : 其他异常 uri : /pay-orders/2078296610231668739 -> 

feign.FeignException$Unauthorized: [401 ] during [PUT] to [http://user-service/users/money/deduct?pw=123&amount=216400] [UserClient#deductMoney(String,Integer)]: [{"code":401,"msg":"未登录"}]
	at feign.FeignException.clientErrorStatus(FeignException.java:215) ~[feign-core-11.8.jar:na]
	at feign.FeignException.errorStatus(FeignException.java:194) ~[feign-core-11.8.jar:na]
	at feign.FeignException.errorStatus(FeignException.java:185) ~[feign-core-11.8.jar:na]
	at feign.codec.ErrorDecoder$Default.decode(ErrorDecoder.java:92) ~[feign-core-11.8.jar:na]
	at feign.AsyncResponseHandler.handleResponse(AsyncResponseHandler.java:96) ~[feign-core-11.8.jar:na]
	at feign.SynchronousMethodHandler.executeAndDecode(SynchronousMethodHandler.java:138) ~[feign-core-11.8.jar:na]
	at feign.SynchronousMethodHandler.invoke(SynchronousMethodHandler.java:89) ~[feign-core-11.8.jar:na]
	at feign.ReflectiveFeign$FeignInvocationHandler.invoke(ReflectiveFeign.java:100) ~[feign-core-11.8.jar:na]
	at com.sun.proxy.$Proxy111.deductMoney(Unknown Source) ~[na:na]
	at com.hmall.pay.service.impl.PayOrderServiceImpl.tryPayOrderByBalance(PayOrderServiceImpl.java:61) ~[classes/:na]
	at com.hmall.pay.service.impl.PayOrderServiceImpl$$FastClassBySpringCGLIB$$b2062e7f.invoke(<generated>) ~[classes/:na]
	at org.springframework.cglib.proxy.MethodProxy.invoke(MethodProxy.java:218) ~[spring-core-5.3.27.jar:5.3.27]
	at org.springframework.aop.framework.CglibAopProxy$CglibMethodInvocation.invokeJoinpoint(CglibAopProxy.java:793) ~[spring-aop-5.3.27.jar:5.3.27]
	at org.springframework.aop.framework.ReflectiveMethodInvocation.proceed(ReflectiveMethodInvocation.java:163) ~[spring-aop-5.3.27.jar:5.3.27]
	at org.springframework.aop.framework.CglibAopProxy$CglibMethodInvocation.proceed(CglibAopProxy.java:763) ~[spring-aop-5.3.27.jar:5.3.27]
	at org.springframework.transaction.interceptor.TransactionInterceptor$1.proceedWithInvocation(TransactionInterceptor.java:123) ~[spring-tx-5.3.27.jar:5.3.27]
	at org.springframework.transaction.interceptor.TransactionAspectSupport.invokeWithinTransaction(TransactionAspectSupport.java:388) ~[spring-tx-5.3.27.jar:5.3.27]
	at org.springframework.transaction.interceptor.TransactionInterceptor.invoke(TransactionInterceptor.java:119) ~[spring-tx-5.3.27.jar:5.3.27]
	at org.springframework.aop.framework.ReflectiveMethodInvocation.proceed(ReflectiveMethodInvocation.java:186) ~[spring-aop-5.3.27.jar:5.3.27]
	at org.springframework.aop.framework.CglibAopProxy$CglibMethodInvocation.proceed(CglibAopProxy.java:763) ~[spring-aop-5.3.27.jar:5.3.27]
	at org.springframework.aop.framework.CglibAopProxy$DynamicAdvisedInterceptor.intercept(CglibAopProxy.java:708) ~[spring-aop-5.3.27.jar:5.3.27]
	at com.hmall.pay.service.impl.PayOrderServiceImpl$$EnhancerBySpringCGLIB$$7859aa03.tryPayOrderByBalance(<generated>) ~[classes/:na]
	at com.hmall.pay.controller.PayController.tryPayOrderByBalance(PayController.java:37) ~[classes/:na]
	at java.base/jdk.internal.reflect.NativeMethodAccessorImpl.invoke0(Native Method) ~[na:na]
	at java.base/jdk.internal.reflect.NativeMethodAccessorImpl.invoke(NativeMethodAccessorImpl.java:62) ~[na:na]
	at java.base/jdk.internal.reflect.DelegatingMethodAccessorImpl.invoke(DelegatingMethodAccessorImpl.java:43) ~[na:na]
	at java.base/java.lang.reflect.Method.invoke(Method.java:566) ~[na:na]
	at org.springframework.web.method.support.InvocableHandlerMethod.doInvoke(InvocableHandlerMethod.java:205) ~[spring-web-5.3.27.jar:5.3.27]
	at org.springframework.web.method.support.InvocableHandlerMethod.invokeForRequest(InvocableHandlerMethod.java:150) ~[spring-web-5.3.27.jar:5.3.27]
	at org.springframework.web.servlet.mvc.method.annotation.ServletInvocableHandlerMethod.invokeAndHandle(ServletInvocableHandlerMethod.java:117) ~[spring-webmvc-5.3.27.jar:5.3.27]
	at org.springframework.web.servlet.mvc.method.annotation.RequestMappingHandlerAdapter.invokeHandlerMethod(RequestMappingHandlerAdapter.java:895) ~[spring-webmvc-5.3.27.jar:5.3.27]
	at org.springframework.web.servlet.mvc.method.annotation.RequestMappingHandlerAdapter.handleInternal(RequestMappingHandlerAdapter.java:808) ~[spring-webmvc-5.3.27.jar:5.3.27]
	at org.springframework.web.servlet.mvc.method.AbstractHandlerMethodAdapter.handle(AbstractHandlerMethodAdapter.java:87) ~[spring-webmvc-5.3.27.jar:5.3.27]
	at org.springframework.web.servlet.DispatcherServlet.doDispatch(DispatcherServlet.java:1072) ~[spring-webmvc-5.3.27.jar:5.3.27]
	at org.springframework.web.servlet.DispatcherServlet.doService(DispatcherServlet.java:965) ~[spring-webmvc-5.3.27.jar:5.3.27]
	at org.springframework.web.servlet.FrameworkServlet.processRequest(FrameworkServlet.java:1006) ~[spring-webmvc-5.3.27.jar:5.3.27]
	at org.springframework.web.servlet.FrameworkServlet.doPost(FrameworkServlet.java:909) ~[spring-webmvc-5.3.27.jar:5.3.27]
	at javax.servlet.http.HttpServlet.service(HttpServlet.java:555) ~[tomcat-embed-core-9.0.75.jar:4.0.FR]
	at org.springframework.web.servlet.FrameworkServlet.service(FrameworkServlet.java:883) ~[spring-webmvc-5.3.27.jar:5.3.27]
	at javax.servlet.http.HttpServlet.service(HttpServlet.java:623) ~[tomcat-embed-core-9.0.75.jar:4.0.FR]
	at org.apache.catalina.core.ApplicationFilterChain.internalDoFilter(ApplicationFilterChain.java:209) ~[tomcat-embed-core-9.0.75.jar:9.0.75]
	at org.apache.catalina.core.ApplicationFilterChain.doFilter(ApplicationFilterChain.java:153) ~[tomcat-embed-core-9.0.75.jar:9.0.75]
	at org.apache.tomcat.websocket.server.WsFilter.doFilter(WsFilter.java:51) ~[tomcat-embed-websocket-9.0.75.jar:9.0.75]
	at org.apache.catalina.core.ApplicationFilterChain.internalDoFilter(ApplicationFilterChain.java:178) ~[tomcat-embed-core-9.0.75.jar:9.0.75]
	at org.apache.catalina.core.ApplicationFilterChain.doFilter(ApplicationFilterChain.java:153) ~[tomcat-embed-core-9.0.75.jar:9.0.75]
	at org.springframework.web.filter.RequestContextFilter.doFilterInternal(RequestContextFilter.java:100) ~[spring-web-5.3.27.jar:5.3.27]
	at org.springframework.web.filter.OncePerRequestFilter.doFilter(OncePerRequestFilter.java:117) ~[spring-web-5.3.27.jar:5.3.27]
	at org.apache.catalina.core.ApplicationFilterChain.internalDoFilter(ApplicationFilterChain.java:178) ~[tomcat-embed-core-9.0.75.jar:9.0.75]
	at org.apache.catalina.core.ApplicationFilterChain.doFilter(ApplicationFilterChain.java:153) ~[tomcat-embed-core-9.0.75.jar:9.0.75]
	at org.springframework.web.filter.FormContentFilter.doFilterInternal(FormContentFilter.java:93) ~[spring-web-5.3.27.jar:5.3.27]
	at org.springframework.web.filter.OncePerRequestFilter.doFilter(OncePerRequestFilter.java:117) ~[spring-web-5.3.27.jar:5.3.27]
	at org.apache.catalina.core.ApplicationFilterChain.internalDoFilter(ApplicationFilterChain.java:178) ~[tomcat-embed-core-9.0.75.jar:9.0.75]
	at org.apache.catalina.core.ApplicationFilterChain.doFilter(ApplicationFilterChain.java:153) ~[tomcat-embed-core-9.0.75.jar:9.0.75]
	at org.springframework.web.filter.CharacterEncodingFilter.doFilterInternal(CharacterEncodingFilter.java:201) ~[spring-web-5.3.27.jar:5.3.27]
	at org.springframework.web.filter.OncePerRequestFilter.doFilter(OncePerRequestFilter.java:117) ~[spring-web-5.3.27.jar:5.3.27]
	at org.apache.catalina.core.ApplicationFilterChain.internalDoFilter(ApplicationFilterChain.java:178) ~[tomcat-embed-core-9.0.75.jar:9.0.75]
	at org.apache.catalina.core.ApplicationFilterChain.doFilter(ApplicationFilterChain.java:153) ~[tomcat-embed-core-9.0.75.jar:9.0.75]
	at org.apache.catalina.core.StandardWrapperValve.invoke(StandardWrapperValve.java:167) ~[tomcat-embed-core-9.0.75.jar:9.0.75]
	at org.apache.catalina.core.StandardContextValve.invoke(StandardContextValve.java:90) ~[tomcat-embed-core-9.0.75.jar:9.0.75]
	at org.apache.catalina.authenticator.AuthenticatorBase.invoke(AuthenticatorBase.java:481) ~[tomcat-embed-core-9.0.75.jar:9.0.75]
	at org.apache.catalina.core.StandardHostValve.invoke(StandardHostValve.java:130) ~[tomcat-embed-core-9.0.75.jar:9.0.75]
	at org.apache.catalina.valves.ErrorReportValve.invoke(ErrorReportValve.java:93) ~[tomcat-embed-core-9.0.75.jar:9.0.75]
	at org.apache.catalina.core.StandardEngineValve.invoke(StandardEngineValve.java:74) ~[tomcat-embed-core-9.0.75.jar:9.0.75]
	at org.apache.catalina.connector.CoyoteAdapter.service(CoyoteAdapter.java:343) ~[tomcat-embed-core-9.0.75.jar:9.0.75]
	at org.apache.coyote.http11.Http11Processor.service(Http11Processor.java:390) ~[tomcat-embed-core-9.0.75.jar:9.0.75]
	at org.apache.coyote.AbstractProcessorLight.process(AbstractProcessorLight.java:63) ~[tomcat-embed-core-9.0.75.jar:9.0.75]
	at org.apache.coyote.AbstractProtocol$ConnectionHandler.process(AbstractProtocol.java:926) ~[tomcat-embed-core-9.0.75.jar:9.0.75]
	at org.apache.tomcat.util.net.NioEndpoint$SocketProcessor.doRun(NioEndpoint.java:1791) ~[tomcat-embed-core-9.0.75.jar:9.0.75]
	at org.apache.tomcat.util.net.SocketProcessorBase.run(SocketProcessorBase.java:52) ~[tomcat-embed-core-9.0.75.jar:9.0.75]
	at org.apache.tomcat.util.threads.ThreadPoolExecutor.runWorker(ThreadPoolExecutor.java:1191) ~[tomcat-embed-core-9.0.75.jar:9.0.75]
	at org.apache.tomcat.util.threads.ThreadPoolExecutor$Worker.run(ThreadPoolExecutor.java:659) ~[tomcat-embed-core-9.0.75.jar:9.0.75]
	at org.apache.tomcat.util.threads.TaskThread$WrappingRunnable.run(TaskThread.java:61) ~[tomcat-embed-core-9.0.75.jar:9.0.75]
	at java.base/java.lang.Thread.run(Thread.java:829) ~[na:na]

09:57:32:871 DEBUG 26980 --- [http-nio-8086-exec-3] c.h.pay.mapper.PayOrderMapper.selectOne  : ==>  Preparing: SELECT id,biz_order_no,pay_order_no,biz_user_id,pay_channel_code,amount,pay_type,status,expand_json,result_code,result_msg,pay_success_time,pay_over_time,qr_code_url,create_time,update_time,creater,updater,is_delete FROM pay_order WHERE (biz_order_no = ?)
09:57:32:872 DEBUG 26980 --- [http-nio-8086-exec-3] c.h.pay.mapper.PayOrderMapper.selectOne  : ==> Parameters: 2078298092242837506(Long)
09:57:32:873 DEBUG 26980 --- [http-nio-8086-exec-3] c.h.pay.mapper.PayOrderMapper.selectOne  : <==      Total: 0
09:57:32:875 DEBUG 26980 --- [http-nio-8086-exec-3] c.h.pay.mapper.PayOrderMapper.insert     : ==>  Preparing: INSERT INTO pay_order ( id, biz_order_no, pay_order_no, biz_user_id, pay_channel_code, amount, pay_type, status, pay_over_time ) VALUES ( ?, ?, ?, ?, ?, ?, ?, ?, ? )
09:57:32:875 DEBUG 26980 --- [http-nio-8086-exec-3] c.h.pay.mapper.PayOrderMapper.insert     : ==> Parameters: 2078298092695834627(Long), 2078298092242837506(Long), 2078298092695834626(Long), 1(Long), balance(String), 35400(Integer), 5(Integer), 1(Integer), 2026-07-18T11:57:32.874345(LocalDateTime)
09:57:32:880 DEBUG 26980 --- [http-nio-8086-exec-3] c.h.pay.mapper.PayOrderMapper.insert     : <==    Updates: 1
09:57:36:441 DEBUG 26980 --- [http-nio-8086-exec-8] c.h.p.mapper.PayOrderMapper.selectById   : ==>  Preparing: SELECT id,biz_order_no,pay_order_no,biz_user_id,pay_channel_code,amount,pay_type,status,expand_json,result_code,result_msg,pay_success_time,pay_over_time,qr_code_url,create_time,update_time,creater,updater,is_delete FROM pay_order WHERE id=?
09:57:36:442 DEBUG 26980 --- [http-nio-8086-exec-8] c.h.p.mapper.PayOrderMapper.selectById   : ==> Parameters: 2078298092695834627(Long)
09:57:36:443 DEBUG 26980 --- [http-nio-8086-exec-8] c.h.p.mapper.PayOrderMapper.selectById   : <==      Total: 1
09:57:36:444 DEBUG 26980 --- [http-nio-8086-exec-8] com.hmall.api.client.UserClient          : [UserClient#deductMoney] ---> PUT http://user-service/users/money/deduct?pw=123&amount=35400 HTTP/1.1
09:57:36:444 DEBUG 26980 --- [http-nio-8086-exec-8] com.hmall.api.client.UserClient          : [UserClient#deductMoney] user-info: 1
09:57:36:444 DEBUG 26980 --- [http-nio-8086-exec-8] com.hmall.api.client.UserClient          : [UserClient#deductMoney] ---> END HTTP (0-byte body)
09:57:36:447 DEBUG 26980 --- [http-nio-8086-exec-8] com.hmall.api.client.UserClient          : [UserClient#deductMoney] <--- HTTP/1.1 401  (2ms)
09:57:36:447 DEBUG 26980 --- [http-nio-8086-exec-8] com.hmall.api.client.UserClient          : [UserClient#deductMoney] connection: keep-alive
09:57:36:447 DEBUG 26980 --- [http-nio-8086-exec-8] com.hmall.api.client.UserClient          : [UserClient#deductMoney] content-length: 30
09:57:36:447 DEBUG 26980 --- [http-nio-8086-exec-8] com.hmall.api.client.UserClient          : [UserClient#deductMoney] content-type: application/json;charset=UTF-8
09:57:36:447 DEBUG 26980 --- [http-nio-8086-exec-8] com.hmall.api.client.UserClient          : [UserClient#deductMoney] date: Sat, 18 Jul 2026 01:57:36 GMT
09:57:36:447 DEBUG 26980 --- [http-nio-8086-exec-8] com.hmall.api.client.UserClient          : [UserClient#deductMoney] keep-alive: timeout=60
09:57:36:447 DEBUG 26980 --- [http-nio-8086-exec-8] com.hmall.api.client.UserClient          : [UserClient#deductMoney] 
09:57:36:447 DEBUG 26980 --- [http-nio-8086-exec-8] com.hmall.api.client.UserClient          : [UserClient#deductMoney] {"code":401,"msg":"未登录"}
09:57:36:447 DEBUG 26980 --- [http-nio-8086-exec-8] com.hmall.api.client.UserClient          : [UserClient#deductMoney] <--- END HTTP (30-byte body)
09:57:36:449 ERROR 26980 --- [http-nio-8086-exec-8] c.h.common.advice.CommonExceptionAdvice  : 其他异常 uri : /pay-orders/2078298092695834627 -> 

feign.FeignException$Unauthorized: [401 ] during [PUT] to [http://user-service/users/money/deduct?pw=123&amount=35400] [UserClient#deductMoney(String,Integer)]: [{"code":401,"msg":"未登录"}]
	at feign.FeignException.clientErrorStatus(FeignException.java:215) ~[feign-core-11.8.jar:na]
	at feign.FeignException.errorStatus(FeignException.java:194) ~[feign-core-11.8.jar:na]
	at feign.FeignException.errorStatus(FeignException.java:185) ~[feign-core-11.8.jar:na]
	at feign.codec.ErrorDecoder$Default.decode(ErrorDecoder.java:92) ~[feign-core-11.8.jar:na]
	at feign.AsyncResponseHandler.handleResponse(AsyncResponseHandler.java:96) ~[feign-core-11.8.jar:na]
	at feign.SynchronousMethodHandler.executeAndDecode(SynchronousMethodHandler.java:138) ~[feign-core-11.8.jar:na]
	at feign.SynchronousMethodHandler.invoke(SynchronousMethodHandler.java:89) ~[feign-core-11.8.jar:na]
	at feign.ReflectiveFeign$FeignInvocationHandler.invoke(ReflectiveFeign.java:100) ~[feign-core-11.8.jar:na]
	at com.sun.proxy.$Proxy111.deductMoney(Unknown Source) ~[na:na]
	at com.hmall.pay.service.impl.PayOrderServiceImpl.tryPayOrderByBalance(PayOrderServiceImpl.java:61) ~[classes/:na]
	at com.hmall.pay.service.impl.PayOrderServiceImpl$$FastClassBySpringCGLIB$$b2062e7f.invoke(<generated>) ~[classes/:na]
	at org.springframework.cglib.proxy.MethodProxy.invoke(MethodProxy.java:218) ~[spring-core-5.3.27.jar:5.3.27]
	at org.springframework.aop.framework.CglibAopProxy$CglibMethodInvocation.invokeJoinpoint(CglibAopProxy.java:793) ~[spring-aop-5.3.27.jar:5.3.27]
	at org.springframework.aop.framework.ReflectiveMethodInvocation.proceed(ReflectiveMethodInvocation.java:163) ~[spring-aop-5.3.27.jar:5.3.27]
	at org.springframework.aop.framework.CglibAopProxy$CglibMethodInvocation.proceed(CglibAopProxy.java:763) ~[spring-aop-5.3.27.jar:5.3.27]
	at org.springframework.transaction.interceptor.TransactionInterceptor$1.proceedWithInvocation(TransactionInterceptor.java:123) ~[spring-tx-5.3.27.jar:5.3.27]
	at org.springframework.transaction.interceptor.TransactionAspectSupport.invokeWithinTransaction(TransactionAspectSupport.java:388) ~[spring-tx-5.3.27.jar:5.3.27]
	at org.springframework.transaction.interceptor.TransactionInterceptor.invoke(TransactionInterceptor.java:119) ~[spring-tx-5.3.27.jar:5.3.27]
	at org.springframework.aop.framework.ReflectiveMethodInvocation.proceed(ReflectiveMethodInvocation.java:186) ~[spring-aop-5.3.27.jar:5.3.27]
	at org.springframework.aop.framework.CglibAopProxy$CglibMethodInvocation.proceed(CglibAopProxy.java:763) ~[spring-aop-5.3.27.jar:5.3.27]
	at org.springframework.aop.framework.CglibAopProxy$DynamicAdvisedInterceptor.intercept(CglibAopProxy.java:708) ~[spring-aop-5.3.27.jar:5.3.27]
	at com.hmall.pay.service.impl.PayOrderServiceImpl$$EnhancerBySpringCGLIB$$7859aa03.tryPayOrderByBalance(<generated>) ~[classes/:na]
	at com.hmall.pay.controller.PayController.tryPayOrderByBalance(PayController.java:37) ~[classes/:na]
	at java.base/jdk.internal.reflect.NativeMethodAccessorImpl.invoke0(Native Method) ~[na:na]
	at java.base/jdk.internal.reflect.NativeMethodAccessorImpl.invoke(NativeMethodAccessorImpl.java:62) ~[na:na]
	at java.base/jdk.internal.reflect.DelegatingMethodAccessorImpl.invoke(DelegatingMethodAccessorImpl.java:43) ~[na:na]
	at java.base/java.lang.reflect.Method.invoke(Method.java:566) ~[na:na]
	at org.springframework.web.method.support.InvocableHandlerMethod.doInvoke(InvocableHandlerMethod.java:205) ~[spring-web-5.3.27.jar:5.3.27]
	at org.springframework.web.method.support.InvocableHandlerMethod.invokeForRequest(InvocableHandlerMethod.java:150) ~[spring-web-5.3.27.jar:5.3.27]
	at org.springframework.web.servlet.mvc.method.annotation.ServletInvocableHandlerMethod.invokeAndHandle(ServletInvocableHandlerMethod.java:117) ~[spring-webmvc-5.3.27.jar:5.3.27]
	at org.springframework.web.servlet.mvc.method.annotation.RequestMappingHandlerAdapter.invokeHandlerMethod(RequestMappingHandlerAdapter.java:895) ~[spring-webmvc-5.3.27.jar:5.3.27]
	at org.springframework.web.servlet.mvc.method.annotation.RequestMappingHandlerAdapter.handleInternal(RequestMappingHandlerAdapter.java:808) ~[spring-webmvc-5.3.27.jar:5.3.27]
	at org.springframework.web.servlet.mvc.method.AbstractHandlerMethodAdapter.handle(AbstractHandlerMethodAdapter.java:87) ~[spring-webmvc-5.3.27.jar:5.3.27]
	at org.springframework.web.servlet.DispatcherServlet.doDispatch(DispatcherServlet.java:1072) ~[spring-webmvc-5.3.27.jar:5.3.27]
	at org.springframework.web.servlet.DispatcherServlet.doService(DispatcherServlet.java:965) ~[spring-webmvc-5.3.27.jar:5.3.27]
	at org.springframework.web.servlet.FrameworkServlet.processRequest(FrameworkServlet.java:1006) ~[spring-webmvc-5.3.27.jar:5.3.27]
	at org.springframework.web.servlet.FrameworkServlet.doPost(FrameworkServlet.java:909) ~[spring-webmvc-5.3.27.jar:5.3.27]
	at javax.servlet.http.HttpServlet.service(HttpServlet.java:555) ~[tomcat-embed-core-9.0.75.jar:4.0.FR]
	at org.springframework.web.servlet.FrameworkServlet.service(FrameworkServlet.java:883) ~[spring-webmvc-5.3.27.jar:5.3.27]
	at javax.servlet.http.HttpServlet.service(HttpServlet.java:623) ~[tomcat-embed-core-9.0.75.jar:4.0.FR]
	at org.apache.catalina.core.ApplicationFilterChain.internalDoFilter(ApplicationFilterChain.java:209) ~[tomcat-embed-core-9.0.75.jar:9.0.75]
	at org.apache.catalina.core.ApplicationFilterChain.doFilter(ApplicationFilterChain.java:153) ~[tomcat-embed-core-9.0.75.jar:9.0.75]
	at org.apache.tomcat.websocket.server.WsFilter.doFilter(WsFilter.java:51) ~[tomcat-embed-websocket-9.0.75.jar:9.0.75]
	at org.apache.catalina.core.ApplicationFilterChain.internalDoFilter(ApplicationFilterChain.java:178) ~[tomcat-embed-core-9.0.75.jar:9.0.75]
	at org.apache.catalina.core.ApplicationFilterChain.doFilter(ApplicationFilterChain.java:153) ~[tomcat-embed-core-9.0.75.jar:9.0.75]
	at org.springframework.web.filter.RequestContextFilter.doFilterInternal(RequestContextFilter.java:100) ~[spring-web-5.3.27.jar:5.3.27]
	at org.springframework.web.filter.OncePerRequestFilter.doFilter(OncePerRequestFilter.java:117) ~[spring-web-5.3.27.jar:5.3.27]
	at org.apache.catalina.core.ApplicationFilterChain.internalDoFilter(ApplicationFilterChain.java:178) ~[tomcat-embed-core-9.0.75.jar:9.0.75]
	at org.apache.catalina.core.ApplicationFilterChain.doFilter(ApplicationFilterChain.java:153) ~[tomcat-embed-core-9.0.75.jar:9.0.75]
	at org.springframework.web.filter.FormContentFilter.doFilterInternal(FormContentFilter.java:93) ~[spring-web-5.3.27.jar:5.3.27]
	at org.springframework.web.filter.OncePerRequestFilter.doFilter(OncePerRequestFilter.java:117) ~[spring-web-5.3.27.jar:5.3.27]
	at org.apache.catalina.core.ApplicationFilterChain.internalDoFilter(ApplicationFilterChain.java:178) ~[tomcat-embed-core-9.0.75.jar:9.0.75]
	at org.apache.catalina.core.ApplicationFilterChain.doFilter(ApplicationFilterChain.java:153) ~[tomcat-embed-core-9.0.75.jar:9.0.75]
	at org.springframework.web.filter.CharacterEncodingFilter.doFilterInternal(CharacterEncodingFilter.java:201) ~[spring-web-5.3.27.jar:5.3.27]
	at org.springframework.web.filter.OncePerRequestFilter.doFilter(OncePerRequestFilter.java:117) ~[spring-web-5.3.27.jar:5.3.27]
	at org.apache.catalina.core.ApplicationFilterChain.internalDoFilter(ApplicationFilterChain.java:178) ~[tomcat-embed-core-9.0.75.jar:9.0.75]
	at org.apache.catalina.core.ApplicationFilterChain.doFilter(ApplicationFilterChain.java:153) ~[tomcat-embed-core-9.0.75.jar:9.0.75]
	at org.apache.catalina.core.StandardWrapperValve.invoke(StandardWrapperValve.java:167) ~[tomcat-embed-core-9.0.75.jar:9.0.75]
	at org.apache.catalina.core.StandardContextValve.invoke(StandardContextValve.java:90) ~[tomcat-embed-core-9.0.75.jar:9.0.75]
	at org.apache.catalina.authenticator.AuthenticatorBase.invoke(AuthenticatorBase.java:481) ~[tomcat-embed-core-9.0.75.jar:9.0.75]
	at org.apache.catalina.core.StandardHostValve.invoke(StandardHostValve.java:130) ~[tomcat-embed-core-9.0.75.jar:9.0.75]
	at org.apache.catalina.valves.ErrorReportValve.invoke(ErrorReportValve.java:93) ~[tomcat-embed-core-9.0.75.jar:9.0.75]
	at org.apache.catalina.core.StandardEngineValve.invoke(StandardEngineValve.java:74) ~[tomcat-embed-core-9.0.75.jar:9.0.75]
	at org.apache.catalina.connector.CoyoteAdapter.service(CoyoteAdapter.java:343) ~[tomcat-embed-core-9.0.75.jar:9.0.75]
	at org.apache.coyote.http11.Http11Processor.service(Http11Processor.java:390) ~[tomcat-embed-core-9.0.75.jar:9.0.75]
	at org.apache.coyote.AbstractProcessorLight.process(AbstractProcessorLight.java:63) ~[tomcat-embed-core-9.0.75.jar:9.0.75]
	at org.apache.coyote.AbstractProtocol$ConnectionHandler.process(AbstractProtocol.java:926) ~[tomcat-embed-core-9.0.75.jar:9.0.75]
	at org.apache.tomcat.util.net.NioEndpoint$SocketProcessor.doRun(NioEndpoint.java:1791) ~[tomcat-embed-core-9.0.75.jar:9.0.75]
	at org.apache.tomcat.util.net.SocketProcessorBase.run(SocketProcessorBase.java:52) ~[tomcat-embed-core-9.0.75.jar:9.0.75]
	at org.apache.tomcat.util.threads.ThreadPoolExecutor.runWorker(ThreadPoolExecutor.java:1191) ~[tomcat-embed-core-9.0.75.jar:9.0.75]
	at org.apache.tomcat.util.threads.ThreadPoolExecutor$Worker.run(ThreadPoolExecutor.java:659) ~[tomcat-embed-core-9.0.75.jar:9.0.75]
	at org.apache.tomcat.util.threads.TaskThread$WrappingRunnable.run(TaskThread.java:61) ~[tomcat-embed-core-9.0.75.jar:9.0.75]
	at java.base/java.lang.Thread.run(Thread.java:829) ~[na:na]

10:00:03:480  INFO 26980 --- [nacos-grpc-client-executor-176] com.alibaba.nacos.common.remote.client   : [41f3a78c-0f5a-4ede-83b6-0966bdd16b4a] Receive server push request, request = NotifySubscriberRequest, requestId = 37
10:00:03:491  INFO 26980 --- [nacos-grpc-client-executor-176] com.alibaba.nacos.common.remote.client   : [41f3a78c-0f5a-4ede-83b6-0966bdd16b4a] Ack server push request, request = NotifySubscriberRequest, requestId = 37
10:00:12:195  INFO 26980 --- [nacos-grpc-client-executor-177] com.alibaba.nacos.common.remote.client   : [41f3a78c-0f5a-4ede-83b6-0966bdd16b4a] Receive server push request, request = NotifySubscriberRequest, requestId = 40
10:00:12:219  INFO 26980 --- [nacos-grpc-client-executor-177] com.alibaba.nacos.common.remote.client   : [41f3a78c-0f5a-4ede-83b6-0966bdd16b4a] Ack server push request, request = NotifySubscriberRequest, requestId = 40
10:00:48:730 DEBUG 26980 --- [http-nio-8086-exec-5] c.h.p.mapper.PayOrderMapper.selectById   : ==>  Preparing: SELECT id,biz_order_no,pay_order_no,biz_user_id,pay_channel_code,amount,pay_type,status,expand_json,result_code,result_msg,pay_success_time,pay_over_time,qr_code_url,create_time,update_time,creater,updater,is_delete FROM pay_order WHERE id=?
10:00:48:731 DEBUG 26980 --- [http-nio-8086-exec-5] c.h.p.mapper.PayOrderMapper.selectById   : ==> Parameters: 2078298092695834627(Long)
10:00:48:732 DEBUG 26980 --- [http-nio-8086-exec-5] c.h.p.mapper.PayOrderMapper.selectById   : <==      Total: 1
10:00:48:732 DEBUG 26980 --- [http-nio-8086-exec-5] com.hmall.api.client.UserClient          : [UserClient#deductMoney] ---> PUT http://user-service/users/money/deduct?pw=123&amount=35400 HTTP/1.1
10:00:48:733 DEBUG 26980 --- [http-nio-8086-exec-5] com.hmall.api.client.UserClient          : [UserClient#deductMoney] user-info: 1
10:00:48:733 DEBUG 26980 --- [http-nio-8086-exec-5] com.hmall.api.client.UserClient          : [UserClient#deductMoney] ---> END HTTP (0-byte body)
10:00:49:096 DEBUG 26980 --- [http-nio-8086-exec-5] com.hmall.api.client.UserClient          : [UserClient#deductMoney] <--- HTTP/1.1 200  (362ms)
10:00:49:096 DEBUG 26980 --- [http-nio-8086-exec-5] com.hmall.api.client.UserClient          : [UserClient#deductMoney] connection: keep-alive
10:00:49:096 DEBUG 26980 --- [http-nio-8086-exec-5] com.hmall.api.client.UserClient          : [UserClient#deductMoney] content-length: 0
10:00:49:096 DEBUG 26980 --- [http-nio-8086-exec-5] com.hmall.api.client.UserClient          : [UserClient#deductMoney] date: Sat, 18 Jul 2026 02:00:49 GMT
10:00:49:096 DEBUG 26980 --- [http-nio-8086-exec-5] com.hmall.api.client.UserClient          : [UserClient#deductMoney] keep-alive: timeout=60
10:00:49:096 DEBUG 26980 --- [http-nio-8086-exec-5] com.hmall.api.client.UserClient          : [UserClient#deductMoney] <--- END HTTP (0-byte body)
10:00:49:099 DEBUG 26980 --- [http-nio-8086-exec-5] c.h.pay.mapper.PayOrderMapper.update     : ==>  Preparing: UPDATE pay_order SET status=?,pay_success_time=? WHERE (id = ? AND status IN (?,?))
10:00:49:100 DEBUG 26980 --- [http-nio-8086-exec-5] c.h.pay.mapper.PayOrderMapper.update     : ==> Parameters: 3(Integer), 2026-07-18T10:00:49.096616500(LocalDateTime), 2078298092695834627(Long), 0(Integer), 1(Integer)
10:00:49:104 DEBUG 26980 --- [http-nio-8086-exec-5] c.h.pay.mapper.PayOrderMapper.update     : <==    Updates: 1
10:00:49:109 DEBUG 26980 --- [http-nio-8086-exec-5] com.hmall.api.client.OrderClient         : [OrderClient#updateById] ---> POST http://trade-service/order/updateStatus HTTP/1.1
10:00:49:109 DEBUG 26980 --- [http-nio-8086-exec-5] com.hmall.api.client.OrderClient         : [OrderClient#updateById] Content-Length: 233
10:00:49:109 DEBUG 26980 --- [http-nio-8086-exec-5] com.hmall.api.client.OrderClient         : [OrderClient#updateById] Content-Type: application/json
10:00:49:109 DEBUG 26980 --- [http-nio-8086-exec-5] com.hmall.api.client.OrderClient         : [OrderClient#updateById] user-info: 1
10:00:49:109 DEBUG 26980 --- [http-nio-8086-exec-5] com.hmall.api.client.OrderClient         : [OrderClient#updateById] 
10:00:49:109 DEBUG 26980 --- [http-nio-8086-exec-5] com.hmall.api.client.OrderClient         : [OrderClient#updateById] {"id":"2078298092242837506","totalFee":null,"paymentType":null,"userId":null,"status":2,"createTime":null,"payTime":"2026-07-18T10:00:49.104163","consignTime":null,"endTime":null,"closeTime":null,"commentTime":null,"updateTime":null}
10:00:49:109 DEBUG 26980 --- [http-nio-8086-exec-5] com.hmall.api.client.OrderClient         : [OrderClient#updateById] ---> END HTTP (233-byte body)
10:00:49:164 DEBUG 26980 --- [http-nio-8086-exec-5] com.hmall.api.client.OrderClient         : [OrderClient#updateById] <--- HTTP/1.1 404  (54ms)
10:00:49:164 DEBUG 26980 --- [http-nio-8086-exec-5] com.hmall.api.client.OrderClient         : [OrderClient#updateById] connection: keep-alive
10:00:49:164 DEBUG 26980 --- [http-nio-8086-exec-5] com.hmall.api.client.OrderClient         : [OrderClient#updateById] content-type: application/json
10:00:49:164 DEBUG 26980 --- [http-nio-8086-exec-5] com.hmall.api.client.OrderClient         : [OrderClient#updateById] date: Sat, 18 Jul 2026 02:00:49 GMT
10:00:49:164 DEBUG 26980 --- [http-nio-8086-exec-5] com.hmall.api.client.OrderClient         : [OrderClient#updateById] keep-alive: timeout=60
10:00:49:164 DEBUG 26980 --- [http-nio-8086-exec-5] com.hmall.api.client.OrderClient         : [OrderClient#updateById] transfer-encoding: chunked
10:00:49:164 DEBUG 26980 --- [http-nio-8086-exec-5] com.hmall.api.client.OrderClient         : [OrderClient#updateById] vary: Origin
10:00:49:164 DEBUG 26980 --- [http-nio-8086-exec-5] com.hmall.api.client.OrderClient         : [OrderClient#updateById] vary: Access-Control-Request-Method
10:00:49:164 DEBUG 26980 --- [http-nio-8086-exec-5] com.hmall.api.client.OrderClient         : [OrderClient#updateById] vary: Access-Control-Request-Headers
10:00:49:164 DEBUG 26980 --- [http-nio-8086-exec-5] com.hmall.api.client.OrderClient         : [OrderClient#updateById] 
10:00:49:164 DEBUG 26980 --- [http-nio-8086-exec-5] com.hmall.api.client.OrderClient         : [OrderClient#updateById] {"timestamp":"2026-07-18T02:00:49.159+00:00","status":404,"error":"Not Found","path":"/order/updateStatus"}
10:00:49:164 DEBUG 26980 --- [http-nio-8086-exec-5] com.hmall.api.client.OrderClient         : [OrderClient#updateById] <--- END HTTP (107-byte body)
10:00:49:169 ERROR 26980 --- [http-nio-8086-exec-5] c.h.common.advice.CommonExceptionAdvice  : 其他异常 uri : /pay-orders/2078298092695834627 -> 

feign.FeignException$NotFound: [404 ] during [POST] to [http://trade-service/order/updateStatus] [OrderClient#updateById(Order)]: [{"timestamp":"2026-07-18T02:00:49.159+00:00","status":404,"error":"Not Found","path":"/order/updateStatus"}]
	at feign.FeignException.clientErrorStatus(FeignException.java:219) ~[feign-core-11.8.jar:na]
	at feign.FeignException.errorStatus(FeignException.java:194) ~[feign-core-11.8.jar:na]
	at feign.FeignException.errorStatus(FeignException.java:185) ~[feign-core-11.8.jar:na]
	at feign.codec.ErrorDecoder$Default.decode(ErrorDecoder.java:92) ~[feign-core-11.8.jar:na]
	at feign.AsyncResponseHandler.handleResponse(AsyncResponseHandler.java:96) ~[feign-core-11.8.jar:na]
	at feign.SynchronousMethodHandler.executeAndDecode(SynchronousMethodHandler.java:138) ~[feign-core-11.8.jar:na]
	at feign.SynchronousMethodHandler.invoke(SynchronousMethodHandler.java:89) ~[feign-core-11.8.jar:na]
	at feign.ReflectiveFeign$FeignInvocationHandler.invoke(ReflectiveFeign.java:100) ~[feign-core-11.8.jar:na]
	at com.sun.proxy.$Proxy114.updateById(Unknown Source) ~[na:na]
	at com.hmall.pay.service.impl.PayOrderServiceImpl.tryPayOrderByBalance(PayOrderServiceImpl.java:72) ~[classes/:na]
	at com.hmall.pay.service.impl.PayOrderServiceImpl$$FastClassBySpringCGLIB$$b2062e7f.invoke(<generated>) ~[classes/:na]
	at org.springframework.cglib.proxy.MethodProxy.invoke(MethodProxy.java:218) ~[spring-core-5.3.27.jar:5.3.27]
	at org.springframework.aop.framework.CglibAopProxy$CglibMethodInvocation.invokeJoinpoint(CglibAopProxy.java:793) ~[spring-aop-5.3.27.jar:5.3.27]
	at org.springframework.aop.framework.ReflectiveMethodInvocation.proceed(ReflectiveMethodInvocation.java:163) ~[spring-aop-5.3.27.jar:5.3.27]
	at org.springframework.aop.framework.CglibAopProxy$CglibMethodInvocation.proceed(CglibAopProxy.java:763) ~[spring-aop-5.3.27.jar:5.3.27]
	at org.springframework.transaction.interceptor.TransactionInterceptor$1.proceedWithInvocation(TransactionInterceptor.java:123) ~[spring-tx-5.3.27.jar:5.3.27]
	at org.springframework.transaction.interceptor.TransactionAspectSupport.invokeWithinTransaction(TransactionAspectSupport.java:388) ~[spring-tx-5.3.27.jar:5.3.27]
	at org.springframework.transaction.interceptor.TransactionInterceptor.invoke(TransactionInterceptor.java:119) ~[spring-tx-5.3.27.jar:5.3.27]
	at org.springframework.aop.framework.ReflectiveMethodInvocation.proceed(ReflectiveMethodInvocation.java:186) ~[spring-aop-5.3.27.jar:5.3.27]
	at org.springframework.aop.framework.CglibAopProxy$CglibMethodInvocation.proceed(CglibAopProxy.java:763) ~[spring-aop-5.3.27.jar:5.3.27]
	at org.springframework.aop.framework.CglibAopProxy$DynamicAdvisedInterceptor.intercept(CglibAopProxy.java:708) ~[spring-aop-5.3.27.jar:5.3.27]
	at com.hmall.pay.service.impl.PayOrderServiceImpl$$EnhancerBySpringCGLIB$$7859aa03.tryPayOrderByBalance(<generated>) ~[classes/:na]
	at com.hmall.pay.controller.PayController.tryPayOrderByBalance(PayController.java:37) ~[classes/:na]
	at java.base/jdk.internal.reflect.NativeMethodAccessorImpl.invoke0(Native Method) ~[na:na]
	at java.base/jdk.internal.reflect.NativeMethodAccessorImpl.invoke(NativeMethodAccessorImpl.java:62) ~[na:na]
	at java.base/jdk.internal.reflect.DelegatingMethodAccessorImpl.invoke(DelegatingMethodAccessorImpl.java:43) ~[na:na]
	at java.base/java.lang.reflect.Method.invoke(Method.java:566) ~[na:na]
	at org.springframework.web.method.support.InvocableHandlerMethod.doInvoke(InvocableHandlerMethod.java:205) ~[spring-web-5.3.27.jar:5.3.27]
	at org.springframework.web.method.support.InvocableHandlerMethod.invokeForRequest(InvocableHandlerMethod.java:150) ~[spring-web-5.3.27.jar:5.3.27]
	at org.springframework.web.servlet.mvc.method.annotation.ServletInvocableHandlerMethod.invokeAndHandle(ServletInvocableHandlerMethod.java:117) ~[spring-webmvc-5.3.27.jar:5.3.27]
	at org.springframework.web.servlet.mvc.method.annotation.RequestMappingHandlerAdapter.invokeHandlerMethod(RequestMappingHandlerAdapter.java:895) ~[spring-webmvc-5.3.27.jar:5.3.27]
	at org.springframework.web.servlet.mvc.method.annotation.RequestMappingHandlerAdapter.handleInternal(RequestMappingHandlerAdapter.java:808) ~[spring-webmvc-5.3.27.jar:5.3.27]
	at org.springframework.web.servlet.mvc.method.AbstractHandlerMethodAdapter.handle(AbstractHandlerMethodAdapter.java:87) ~[spring-webmvc-5.3.27.jar:5.3.27]
	at org.springframework.web.servlet.DispatcherServlet.doDispatch(DispatcherServlet.java:1072) ~[spring-webmvc-5.3.27.jar:5.3.27]
	at org.springframework.web.servlet.DispatcherServlet.doService(DispatcherServlet.java:965) ~[spring-webmvc-5.3.27.jar:5.3.27]
	at org.springframework.web.servlet.FrameworkServlet.processRequest(FrameworkServlet.java:1006) ~[spring-webmvc-5.3.27.jar:5.3.27]
	at org.springframework.web.servlet.FrameworkServlet.doPost(FrameworkServlet.java:909) ~[spring-webmvc-5.3.27.jar:5.3.27]
	at javax.servlet.http.HttpServlet.service(HttpServlet.java:555) ~[tomcat-embed-core-9.0.75.jar:4.0.FR]
	at org.springframework.web.servlet.FrameworkServlet.service(FrameworkServlet.java:883) ~[spring-webmvc-5.3.27.jar:5.3.27]
	at javax.servlet.http.HttpServlet.service(HttpServlet.java:623) ~[tomcat-embed-core-9.0.75.jar:4.0.FR]
	at org.apache.catalina.core.ApplicationFilterChain.internalDoFilter(ApplicationFilterChain.java:209) ~[tomcat-embed-core-9.0.75.jar:9.0.75]
	at org.apache.catalina.core.ApplicationFilterChain.doFilter(ApplicationFilterChain.java:153) ~[tomcat-embed-core-9.0.75.jar:9.0.75]
	at org.apache.tomcat.websocket.server.WsFilter.doFilter(WsFilter.java:51) ~[tomcat-embed-websocket-9.0.75.jar:9.0.75]
	at org.apache.catalina.core.ApplicationFilterChain.internalDoFilter(ApplicationFilterChain.java:178) ~[tomcat-embed-core-9.0.75.jar:9.0.75]
	at org.apache.catalina.core.ApplicationFilterChain.doFilter(ApplicationFilterChain.java:153) ~[tomcat-embed-core-9.0.75.jar:9.0.75]
	at org.springframework.web.filter.RequestContextFilter.doFilterInternal(RequestContextFilter.java:100) ~[spring-web-5.3.27.jar:5.3.27]
	at org.springframework.web.filter.OncePerRequestFilter.doFilter(OncePerRequestFilter.java:117) ~[spring-web-5.3.27.jar:5.3.27]
	at org.apache.catalina.core.ApplicationFilterChain.internalDoFilter(ApplicationFilterChain.java:178) ~[tomcat-embed-core-9.0.75.jar:9.0.75]
	at org.apache.catalina.core.ApplicationFilterChain.doFilter(ApplicationFilterChain.java:153) ~[tomcat-embed-core-9.0.75.jar:9.0.75]
	at org.springframework.web.filter.FormContentFilter.doFilterInternal(FormContentFilter.java:93) ~[spring-web-5.3.27.jar:5.3.27]
	at org.springframework.web.filter.OncePerRequestFilter.doFilter(OncePerRequestFilter.java:117) ~[spring-web-5.3.27.jar:5.3.27]
	at org.apache.catalina.core.ApplicationFilterChain.internalDoFilter(ApplicationFilterChain.java:178) ~[tomcat-embed-core-9.0.75.jar:9.0.75]
	at org.apache.catalina.core.ApplicationFilterChain.doFilter(ApplicationFilterChain.java:153) ~[tomcat-embed-core-9.0.75.jar:9.0.75]
	at org.springframework.web.filter.CharacterEncodingFilter.doFilterInternal(CharacterEncodingFilter.java:201) ~[spring-web-5.3.27.jar:5.3.27]
	at org.springframework.web.filter.OncePerRequestFilter.doFilter(OncePerRequestFilter.java:117) ~[spring-web-5.3.27.jar:5.3.27]
	at org.apache.catalina.core.ApplicationFilterChain.internalDoFilter(ApplicationFilterChain.java:178) ~[tomcat-embed-core-9.0.75.jar:9.0.75]
	at org.apache.catalina.core.ApplicationFilterChain.doFilter(ApplicationFilterChain.java:153) ~[tomcat-embed-core-9.0.75.jar:9.0.75]
	at org.apache.catalina.core.StandardWrapperValve.invoke(StandardWrapperValve.java:167) ~[tomcat-embed-core-9.0.75.jar:9.0.75]
	at org.apache.catalina.core.StandardContextValve.invoke(StandardContextValve.java:90) ~[tomcat-embed-core-9.0.75.jar:9.0.75]
	at org.apache.catalina.authenticator.AuthenticatorBase.invoke(AuthenticatorBase.java:481) ~[tomcat-embed-core-9.0.75.jar:9.0.75]
	at org.apache.catalina.core.StandardHostValve.invoke(StandardHostValve.java:130) ~[tomcat-embed-core-9.0.75.jar:9.0.75]
	at org.apache.catalina.valves.ErrorReportValve.invoke(ErrorReportValve.java:93) ~[tomcat-embed-core-9.0.75.jar:9.0.75]
	at org.apache.catalina.core.StandardEngineValve.invoke(StandardEngineValve.java:74) ~[tomcat-embed-core-9.0.75.jar:9.0.75]
	at org.apache.catalina.connector.CoyoteAdapter.service(CoyoteAdapter.java:343) ~[tomcat-embed-core-9.0.75.jar:9.0.75]
	at org.apache.coyote.http11.Http11Processor.service(Http11Processor.java:390) ~[tomcat-embed-core-9.0.75.jar:9.0.75]
	at org.apache.coyote.AbstractProcessorLight.process(AbstractProcessorLight.java:63) ~[tomcat-embed-core-9.0.75.jar:9.0.75]
	at org.apache.coyote.AbstractProtocol$ConnectionHandler.process(AbstractProtocol.java:926) ~[tomcat-embed-core-9.0.75.jar:9.0.75]
	at org.apache.tomcat.util.net.NioEndpoint$SocketProcessor.doRun(NioEndpoint.java:1791) ~[tomcat-embed-core-9.0.75.jar:9.0.75]
	at org.apache.tomcat.util.net.SocketProcessorBase.run(SocketProcessorBase.java:52) ~[tomcat-embed-core-9.0.75.jar:9.0.75]
	at org.apache.tomcat.util.threads.ThreadPoolExecutor.runWorker(ThreadPoolExecutor.java:1191) ~[tomcat-embed-core-9.0.75.jar:9.0.75]
	at org.apache.tomcat.util.threads.ThreadPoolExecutor$Worker.run(ThreadPoolExecutor.java:659) ~[tomcat-embed-core-9.0.75.jar:9.0.75]
	at org.apache.tomcat.util.threads.TaskThread$WrappingRunnable.run(TaskThread.java:61) ~[tomcat-embed-core-9.0.75.jar:9.0.75]
	at java.base/java.lang.Thread.run(Thread.java:829) ~[na:na]

10:00:49:663  INFO 26980 --- [nacos-grpc-client-executor-186] com.alibaba.nacos.common.remote.client   : [41f3a78c-0f5a-4ede-83b6-0966bdd16b4a] Receive server push request, request = NotifySubscriberRequest, requestId = 41
10:00:49:663  INFO 26980 --- [nacos-grpc-client-executor-186] com.alibaba.nacos.common.remote.client   : [41f3a78c-0f5a-4ede-83b6-0966bdd16b4a] Ack server push request, request = NotifySubscriberRequest, requestId = 41
10:00:53:441 DEBUG 26980 --- [http-nio-8086-exec-10] c.h.pay.mapper.PayOrderMapper.selectOne  : ==>  Preparing: SELECT id,biz_order_no,pay_order_no,biz_user_id,pay_channel_code,amount,pay_type,status,expand_json,result_code,result_msg,pay_success_time,pay_over_time,qr_code_url,create_time,update_time,creater,updater,is_delete FROM pay_order WHERE (biz_order_no = ?)
10:00:53:441 DEBUG 26980 --- [http-nio-8086-exec-10] c.h.pay.mapper.PayOrderMapper.selectOne  : ==> Parameters: 2078298092242837506(Long)
10:00:53:445 DEBUG 26980 --- [http-nio-8086-exec-10] c.h.pay.mapper.PayOrderMapper.selectOne  : <==      Total: 1
10:01:00:167 DEBUG 26980 --- [http-nio-8086-exec-1] c.h.p.mapper.PayOrderMapper.selectById   : ==>  Preparing: SELECT id,biz_order_no,pay_order_no,biz_user_id,pay_channel_code,amount,pay_type,status,expand_json,result_code,result_msg,pay_success_time,pay_over_time,qr_code_url,create_time,update_time,creater,updater,is_delete FROM pay_order WHERE id=?
10:01:00:167 DEBUG 26980 --- [http-nio-8086-exec-1] c.h.p.mapper.PayOrderMapper.selectById   : ==> Parameters: 2078298092695834627(Long)
10:01:00:169 DEBUG 26980 --- [http-nio-8086-exec-1] c.h.p.mapper.PayOrderMapper.selectById   : <==      Total: 1
10:01:00:169 DEBUG 26980 --- [http-nio-8086-exec-1] com.hmall.api.client.UserClient          : [UserClient#deductMoney] ---> PUT http://user-service/users/money/deduct?pw=123&amount=35400 HTTP/1.1
10:01:00:169 DEBUG 26980 --- [http-nio-8086-exec-1] com.hmall.api.client.UserClient          : [UserClient#deductMoney] user-info: 1
10:01:00:169 DEBUG 26980 --- [http-nio-8086-exec-1] com.hmall.api.client.UserClient          : [UserClient#deductMoney] ---> END HTTP (0-byte body)
10:01:00:241 DEBUG 26980 --- [http-nio-8086-exec-1] com.hmall.api.client.UserClient          : [UserClient#deductMoney] <--- HTTP/1.1 200  (71ms)
10:01:00:241 DEBUG 26980 --- [http-nio-8086-exec-1] com.hmall.api.client.UserClient          : [UserClient#deductMoney] connection: keep-alive
10:01:00:241 DEBUG 26980 --- [http-nio-8086-exec-1] com.hmall.api.client.UserClient          : [UserClient#deductMoney] content-length: 0
10:01:00:241 DEBUG 26980 --- [http-nio-8086-exec-1] com.hmall.api.client.UserClient          : [UserClient#deductMoney] date: Sat, 18 Jul 2026 02:01:00 GMT
10:01:00:241 DEBUG 26980 --- [http-nio-8086-exec-1] com.hmall.api.client.UserClient          : [UserClient#deductMoney] keep-alive: timeout=60
10:01:00:241 DEBUG 26980 --- [http-nio-8086-exec-1] com.hmall.api.client.UserClient          : [UserClient#deductMoney] <--- END HTTP (0-byte body)
10:01:00:243 DEBUG 26980 --- [http-nio-8086-exec-1] c.h.pay.mapper.PayOrderMapper.update     : ==>  Preparing: UPDATE pay_order SET status=?,pay_success_time=? WHERE (id = ? AND status IN (?,?))
10:01:00:243 DEBUG 26980 --- [http-nio-8086-exec-1] c.h.pay.mapper.PayOrderMapper.update     : ==> Parameters: 3(Integer), 2026-07-18T10:01:00.241489800(LocalDateTime), 2078298092695834627(Long), 0(Integer), 1(Integer)
10:01:00:245 DEBUG 26980 --- [http-nio-8086-exec-1] c.h.pay.mapper.PayOrderMapper.update     : <==    Updates: 1
10:01:00:245 DEBUG 26980 --- [http-nio-8086-exec-1] com.hmall.api.client.OrderClient         : [OrderClient#updateById] ---> POST http://trade-service/order/updateStatus HTTP/1.1
10:01:00:246 DEBUG 26980 --- [http-nio-8086-exec-1] com.hmall.api.client.OrderClient         : [OrderClient#updateById] Content-Length: 234
10:01:00:246 DEBUG 26980 --- [http-nio-8086-exec-1] com.hmall.api.client.OrderClient         : [OrderClient#updateById] Content-Type: application/json
10:01:00:246 DEBUG 26980 --- [http-nio-8086-exec-1] com.hmall.api.client.OrderClient         : [OrderClient#updateById] user-info: 1
10:01:00:246 DEBUG 26980 --- [http-nio-8086-exec-1] com.hmall.api.client.OrderClient         : [OrderClient#updateById] 
10:01:00:246 DEBUG 26980 --- [http-nio-8086-exec-1] com.hmall.api.client.OrderClient         : [OrderClient#updateById] {"id":"2078298092242837506","totalFee":null,"paymentType":null,"userId":null,"status":2,"createTime":null,"payTime":"2026-07-18T10:01:00.2452346","consignTime":null,"endTime":null,"closeTime":null,"commentTime":null,"updateTime":null}
10:01:00:246 DEBUG 26980 --- [http-nio-8086-exec-1] com.hmall.api.client.OrderClient         : [OrderClient#updateById] ---> END HTTP (234-byte body)
10:01:00:252 DEBUG 26980 --- [http-nio-8086-exec-1] com.hmall.api.client.OrderClient         : [OrderClient#updateById] <--- HTTP/1.1 404  (6ms)
10:01:00:252 DEBUG 26980 --- [http-nio-8086-exec-1] com.hmall.api.client.OrderClient         : [OrderClient#updateById] connection: keep-alive
10:01:00:252 DEBUG 26980 --- [http-nio-8086-exec-1] com.hmall.api.client.OrderClient         : [OrderClient#updateById] content-type: application/json
10:01:00:252 DEBUG 26980 --- [http-nio-8086-exec-1] com.hmall.api.client.OrderClient         : [OrderClient#updateById] date: Sat, 18 Jul 2026 02:01:00 GMT
10:01:00:252 DEBUG 26980 --- [http-nio-8086-exec-1] com.hmall.api.client.OrderClient         : [OrderClient#updateById] keep-alive: timeout=60
10:01:00:252 DEBUG 26980 --- [http-nio-8086-exec-1] com.hmall.api.client.OrderClient         : [OrderClient#updateById] transfer-encoding: chunked
10:01:00:252 DEBUG 26980 --- [http-nio-8086-exec-1] com.hmall.api.client.OrderClient         : [OrderClient#updateById] vary: Origin
10:01:00:252 DEBUG 26980 --- [http-nio-8086-exec-1] com.hmall.api.client.OrderClient         : [OrderClient#updateById] vary: Access-Control-Request-Method
10:01:00:252 DEBUG 26980 --- [http-nio-8086-exec-1] com.hmall.api.client.OrderClient         : [OrderClient#updateById] vary: Access-Control-Request-Headers
10:01:00:252 DEBUG 26980 --- [http-nio-8086-exec-1] com.hmall.api.client.OrderClient         : [OrderClient#updateById] 
10:01:00:253 DEBUG 26980 --- [http-nio-8086-exec-1] com.hmall.api.client.OrderClient         : [OrderClient#updateById] {"timestamp":"2026-07-18T02:01:00.251+00:00","status":404,"error":"Not Found","path":"/order/updateStatus"}
10:01:00:253 DEBUG 26980 --- [http-nio-8086-exec-1] com.hmall.api.client.OrderClient         : [OrderClient#updateById] <--- END HTTP (107-byte body)
10:01:00:256 ERROR 26980 --- [http-nio-8086-exec-1] c.h.common.advice.CommonExceptionAdvice  : 其他异常 uri : /pay-orders/2078298092695834627 -> 

feign.FeignException$NotFound: [404 ] during [POST] to [http://trade-service/order/updateStatus] [OrderClient#updateById(Order)]: [{"timestamp":"2026-07-18T02:01:00.251+00:00","status":404,"error":"Not Found","path":"/order/updateStatus"}]
	at feign.FeignException.clientErrorStatus(FeignException.java:219) ~[feign-core-11.8.jar:na]
	at feign.FeignException.errorStatus(FeignException.java:194) ~[feign-core-11.8.jar:na]
	at feign.FeignException.errorStatus(FeignException.java:185) ~[feign-core-11.8.jar:na]
	at feign.codec.ErrorDecoder$Default.decode(ErrorDecoder.java:92) ~[feign-core-11.8.jar:na]
	at feign.AsyncResponseHandler.handleResponse(AsyncResponseHandler.java:96) ~[feign-core-11.8.jar:na]
	at feign.SynchronousMethodHandler.executeAndDecode(SynchronousMethodHandler.java:138) ~[feign-core-11.8.jar:na]
	at feign.SynchronousMethodHandler.invoke(SynchronousMethodHandler.java:89) ~[feign-core-11.8.jar:na]
	at feign.ReflectiveFeign$FeignInvocationHandler.invoke(ReflectiveFeign.java:100) ~[feign-core-11.8.jar:na]
	at com.sun.proxy.$Proxy114.updateById(Unknown Source) ~[na:na]
	at com.hmall.pay.service.impl.PayOrderServiceImpl.tryPayOrderByBalance(PayOrderServiceImpl.java:72) ~[classes/:na]
	at com.hmall.pay.service.impl.PayOrderServiceImpl$$FastClassBySpringCGLIB$$b2062e7f.invoke(<generated>) ~[classes/:na]
	at org.springframework.cglib.proxy.MethodProxy.invoke(MethodProxy.java:218) ~[spring-core-5.3.27.jar:5.3.27]
	at org.springframework.aop.framework.CglibAopProxy$CglibMethodInvocation.invokeJoinpoint(CglibAopProxy.java:793) ~[spring-aop-5.3.27.jar:5.3.27]
	at org.springframework.aop.framework.ReflectiveMethodInvocation.proceed(ReflectiveMethodInvocation.java:163) ~[spring-aop-5.3.27.jar:5.3.27]
	at org.springframework.aop.framework.CglibAopProxy$CglibMethodInvocation.proceed(CglibAopProxy.java:763) ~[spring-aop-5.3.27.jar:5.3.27]
	at org.springframework.transaction.interceptor.TransactionInterceptor$1.proceedWithInvocation(TransactionInterceptor.java:123) ~[spring-tx-5.3.27.jar:5.3.27]
	at org.springframework.transaction.interceptor.TransactionAspectSupport.invokeWithinTransaction(TransactionAspectSupport.java:388) ~[spring-tx-5.3.27.jar:5.3.27]
	at org.springframework.transaction.interceptor.TransactionInterceptor.invoke(TransactionInterceptor.java:119) ~[spring-tx-5.3.27.jar:5.3.27]
	at org.springframework.aop.framework.ReflectiveMethodInvocation.proceed(ReflectiveMethodInvocation.java:186) ~[spring-aop-5.3.27.jar:5.3.27]
	at org.springframework.aop.framework.CglibAopProxy$CglibMethodInvocation.proceed(CglibAopProxy.java:763) ~[spring-aop-5.3.27.jar:5.3.27]
	at org.springframework.aop.framework.CglibAopProxy$DynamicAdvisedInterceptor.intercept(CglibAopProxy.java:708) ~[spring-aop-5.3.27.jar:5.3.27]
	at com.hmall.pay.service.impl.PayOrderServiceImpl$$EnhancerBySpringCGLIB$$7859aa03.tryPayOrderByBalance(<generated>) ~[classes/:na]
	at com.hmall.pay.controller.PayController.tryPayOrderByBalance(PayController.java:37) ~[classes/:na]
	at java.base/jdk.internal.reflect.NativeMethodAccessorImpl.invoke0(Native Method) ~[na:na]
	at java.base/jdk.internal.reflect.NativeMethodAccessorImpl.invoke(NativeMethodAccessorImpl.java:62) ~[na:na]
	at java.base/jdk.internal.reflect.DelegatingMethodAccessorImpl.invoke(DelegatingMethodAccessorImpl.java:43) ~[na:na]
	at java.base/java.lang.reflect.Method.invoke(Method.java:566) ~[na:na]
	at org.springframework.web.method.support.InvocableHandlerMethod.doInvoke(InvocableHandlerMethod.java:205) ~[spring-web-5.3.27.jar:5.3.27]
	at org.springframework.web.method.support.InvocableHandlerMethod.invokeForRequest(InvocableHandlerMethod.java:150) ~[spring-web-5.3.27.jar:5.3.27]
	at org.springframework.web.servlet.mvc.method.annotation.ServletInvocableHandlerMethod.invokeAndHandle(ServletInvocableHandlerMethod.java:117) ~[spring-webmvc-5.3.27.jar:5.3.27]
	at org.springframework.web.servlet.mvc.method.annotation.RequestMappingHandlerAdapter.invokeHandlerMethod(RequestMappingHandlerAdapter.java:895) ~[spring-webmvc-5.3.27.jar:5.3.27]
	at org.springframework.web.servlet.mvc.method.annotation.RequestMappingHandlerAdapter.handleInternal(RequestMappingHandlerAdapter.java:808) ~[spring-webmvc-5.3.27.jar:5.3.27]
	at org.springframework.web.servlet.mvc.method.AbstractHandlerMethodAdapter.handle(AbstractHandlerMethodAdapter.java:87) ~[spring-webmvc-5.3.27.jar:5.3.27]
	at org.springframework.web.servlet.DispatcherServlet.doDispatch(DispatcherServlet.java:1072) ~[spring-webmvc-5.3.27.jar:5.3.27]
	at org.springframework.web.servlet.DispatcherServlet.doService(DispatcherServlet.java:965) ~[spring-webmvc-5.3.27.jar:5.3.27]
	at org.springframework.web.servlet.FrameworkServlet.processRequest(FrameworkServlet.java:1006) ~[spring-webmvc-5.3.27.jar:5.3.27]
	at org.springframework.web.servlet.FrameworkServlet.doPost(FrameworkServlet.java:909) ~[spring-webmvc-5.3.27.jar:5.3.27]
	at javax.servlet.http.HttpServlet.service(HttpServlet.java:555) ~[tomcat-embed-core-9.0.75.jar:4.0.FR]
	at org.springframework.web.servlet.FrameworkServlet.service(FrameworkServlet.java:883) ~[spring-webmvc-5.3.27.jar:5.3.27]
	at javax.servlet.http.HttpServlet.service(HttpServlet.java:623) ~[tomcat-embed-core-9.0.75.jar:4.0.FR]
	at org.apache.catalina.core.ApplicationFilterChain.internalDoFilter(ApplicationFilterChain.java:209) ~[tomcat-embed-core-9.0.75.jar:9.0.75]
	at org.apache.catalina.core.ApplicationFilterChain.doFilter(ApplicationFilterChain.java:153) ~[tomcat-embed-core-9.0.75.jar:9.0.75]
	at org.apache.tomcat.websocket.server.WsFilter.doFilter(WsFilter.java:51) ~[tomcat-embed-websocket-9.0.75.jar:9.0.75]
	at org.apache.catalina.core.ApplicationFilterChain.internalDoFilter(ApplicationFilterChain.java:178) ~[tomcat-embed-core-9.0.75.jar:9.0.75]
	at org.apache.catalina.core.ApplicationFilterChain.doFilter(ApplicationFilterChain.java:153) ~[tomcat-embed-core-9.0.75.jar:9.0.75]
	at org.springframework.web.filter.RequestContextFilter.doFilterInternal(RequestContextFilter.java:100) ~[spring-web-5.3.27.jar:5.3.27]
	at org.springframework.web.filter.OncePerRequestFilter.doFilter(OncePerRequestFilter.java:117) ~[spring-web-5.3.27.jar:5.3.27]
	at org.apache.catalina.core.ApplicationFilterChain.internalDoFilter(ApplicationFilterChain.java:178) ~[tomcat-embed-core-9.0.75.jar:9.0.75]
	at org.apache.catalina.core.ApplicationFilterChain.doFilter(ApplicationFilterChain.java:153) ~[tomcat-embed-core-9.0.75.jar:9.0.75]
	at org.springframework.web.filter.FormContentFilter.doFilterInternal(FormContentFilter.java:93) ~[spring-web-5.3.27.jar:5.3.27]
	at org.springframework.web.filter.OncePerRequestFilter.doFilter(OncePerRequestFilter.java:117) ~[spring-web-5.3.27.jar:5.3.27]
	at org.apache.catalina.core.ApplicationFilterChain.internalDoFilter(ApplicationFilterChain.java:178) ~[tomcat-embed-core-9.0.75.jar:9.0.75]
	at org.apache.catalina.core.ApplicationFilterChain.doFilter(ApplicationFilterChain.java:153) ~[tomcat-embed-core-9.0.75.jar:9.0.75]
	at org.springframework.web.filter.CharacterEncodingFilter.doFilterInternal(CharacterEncodingFilter.java:201) ~[spring-web-5.3.27.jar:5.3.27]
	at org.springframework.web.filter.OncePerRequestFilter.doFilter(OncePerRequestFilter.java:117) ~[spring-web-5.3.27.jar:5.3.27]
	at org.apache.catalina.core.ApplicationFilterChain.internalDoFilter(ApplicationFilterChain.java:178) ~[tomcat-embed-core-9.0.75.jar:9.0.75]
	at org.apache.catalina.core.ApplicationFilterChain.doFilter(ApplicationFilterChain.java:153) ~[tomcat-embed-core-9.0.75.jar:9.0.75]
	at org.apache.catalina.core.StandardWrapperValve.invoke(StandardWrapperValve.java:167) ~[tomcat-embed-core-9.0.75.jar:9.0.75]
	at org.apache.catalina.core.StandardContextValve.invoke(StandardContextValve.java:90) ~[tomcat-embed-core-9.0.75.jar:9.0.75]
	at org.apache.catalina.authenticator.AuthenticatorBase.invoke(AuthenticatorBase.java:481) ~[tomcat-embed-core-9.0.75.jar:9.0.75]
	at org.apache.catalina.core.StandardHostValve.invoke(StandardHostValve.java:130) ~[tomcat-embed-core-9.0.75.jar:9.0.75]
	at org.apache.catalina.valves.ErrorReportValve.invoke(ErrorReportValve.java:93) ~[tomcat-embed-core-9.0.75.jar:9.0.75]
	at org.apache.catalina.core.StandardEngineValve.invoke(StandardEngineValve.java:74) ~[tomcat-embed-core-9.0.75.jar:9.0.75]
	at org.apache.catalina.connector.CoyoteAdapter.service(CoyoteAdapter.java:343) ~[tomcat-embed-core-9.0.75.jar:9.0.75]
	at org.apache.coyote.http11.Http11Processor.service(Http11Processor.java:390) ~[tomcat-embed-core-9.0.75.jar:9.0.75]
	at org.apache.coyote.AbstractProcessorLight.process(AbstractProcessorLight.java:63) ~[tomcat-embed-core-9.0.75.jar:9.0.75]
	at org.apache.coyote.AbstractProtocol$ConnectionHandler.process(AbstractProtocol.java:926) ~[tomcat-embed-core-9.0.75.jar:9.0.75]
	at org.apache.tomcat.util.net.NioEndpoint$SocketProcessor.doRun(NioEndpoint.java:1791) ~[tomcat-embed-core-9.0.75.jar:9.0.75]
	at org.apache.tomcat.util.net.SocketProcessorBase.run(SocketProcessorBase.java:52) ~[tomcat-embed-core-9.0.75.jar:9.0.75]
	at org.apache.tomcat.util.threads.ThreadPoolExecutor.runWorker(ThreadPoolExecutor.java:1191) ~[tomcat-embed-core-9.0.75.jar:9.0.75]
	at org.apache.tomcat.util.threads.ThreadPoolExecutor$Worker.run(ThreadPoolExecutor.java:659) ~[tomcat-embed-core-9.0.75.jar:9.0.75]
	at org.apache.tomcat.util.threads.TaskThread$WrappingRunnable.run(TaskThread.java:61) ~[tomcat-embed-core-9.0.75.jar:9.0.75]
	at java.base/java.lang.Thread.run(Thread.java:829) ~[na:na]

10:01:14:383 DEBUG 26980 --- [http-nio-8086-exec-6] c.h.pay.mapper.PayOrderMapper.selectOne  : ==>  Preparing: SELECT id,biz_order_no,pay_order_no,biz_user_id,pay_channel_code,amount,pay_type,status,expand_json,result_code,result_msg,pay_success_time,pay_over_time,qr_code_url,create_time,update_time,creater,updater,is_delete FROM pay_order WHERE (biz_order_no = ?)
10:01:14:383 DEBUG 26980 --- [http-nio-8086-exec-6] c.h.pay.mapper.PayOrderMapper.selectOne  : ==> Parameters: 2078298092242837506(Long)
10:01:14:384 DEBUG 26980 --- [http-nio-8086-exec-6] c.h.pay.mapper.PayOrderMapper.selectOne  : <==      Total: 1
10:01:29:380 DEBUG 26980 --- [http-nio-8086-exec-7] c.h.pay.mapper.PayOrderMapper.selectOne  : ==>  Preparing: SELECT id,biz_order_no,pay_order_no,biz_user_id,pay_channel_code,amount,pay_type,status,expand_json,result_code,result_msg,pay_success_time,pay_over_time,qr_code_url,create_time,update_time,creater,updater,is_delete FROM pay_order WHERE (biz_order_no = ?)
10:01:29:380 DEBUG 26980 --- [http-nio-8086-exec-7] c.h.pay.mapper.PayOrderMapper.selectOne  : ==> Parameters: 2078299084342534146(Long)
10:01:29:381 DEBUG 26980 --- [http-nio-8086-exec-7] c.h.pay.mapper.PayOrderMapper.selectOne  : <==      Total: 0
10:01:29:382 DEBUG 26980 --- [http-nio-8086-exec-7] c.h.pay.mapper.PayOrderMapper.insert     : ==>  Preparing: INSERT INTO pay_order ( id, biz_order_no, pay_order_no, biz_user_id, pay_channel_code, amount, pay_type, status, pay_over_time ) VALUES ( ?, ?, ?, ?, ?, ?, ?, ?, ? )
10:01:29:382 DEBUG 26980 --- [http-nio-8086-exec-7] c.h.pay.mapper.PayOrderMapper.insert     : ==> Parameters: 2078299084665507843(Long), 2078299084342534146(Long), 2078299084665507842(Long), 1(Long), balance(String), 379500(Integer), 5(Integer), 1(Integer), 2026-07-18T12:01:29.381766600(LocalDateTime)
10:01:29:389 DEBUG 26980 --- [http-nio-8086-exec-7] c.h.pay.mapper.PayOrderMapper.insert     : <==    Updates: 1
10:01:34:109 DEBUG 26980 --- [http-nio-8086-exec-4] c.h.p.mapper.PayOrderMapper.selectById   : ==>  Preparing: SELECT id,biz_order_no,pay_order_no,biz_user_id,pay_channel_code,amount,pay_type,status,expand_json,result_code,result_msg,pay_success_time,pay_over_time,qr_code_url,create_time,update_time,creater,updater,is_delete FROM pay_order WHERE id=?
10:01:34:109 DEBUG 26980 --- [http-nio-8086-exec-4] c.h.p.mapper.PayOrderMapper.selectById   : ==> Parameters: 2078299084665507843(Long)
10:01:34:110 DEBUG 26980 --- [http-nio-8086-exec-4] c.h.p.mapper.PayOrderMapper.selectById   : <==      Total: 1
10:01:34:111 DEBUG 26980 --- [http-nio-8086-exec-4] com.hmall.api.client.UserClient          : [UserClient#deductMoney] ---> PUT http://user-service/users/money/deduct?pw=123&amount=379500 HTTP/1.1
10:01:34:111 DEBUG 26980 --- [http-nio-8086-exec-4] com.hmall.api.client.UserClient          : [UserClient#deductMoney] user-info: 1
10:01:34:111 DEBUG 26980 --- [http-nio-8086-exec-4] com.hmall.api.client.UserClient          : [UserClient#deductMoney] ---> END HTTP (0-byte body)
10:01:34:187 DEBUG 26980 --- [http-nio-8086-exec-4] com.hmall.api.client.UserClient          : [UserClient#deductMoney] <--- HTTP/1.1 200  (75ms)
10:01:34:187 DEBUG 26980 --- [http-nio-8086-exec-4] com.hmall.api.client.UserClient          : [UserClient#deductMoney] connection: keep-alive
10:01:34:187 DEBUG 26980 --- [http-nio-8086-exec-4] com.hmall.api.client.UserClient          : [UserClient#deductMoney] content-length: 0
10:01:34:187 DEBUG 26980 --- [http-nio-8086-exec-4] com.hmall.api.client.UserClient          : [UserClient#deductMoney] date: Sat, 18 Jul 2026 02:01:34 GMT
10:01:34:187 DEBUG 26980 --- [http-nio-8086-exec-4] com.hmall.api.client.UserClient          : [UserClient#deductMoney] keep-alive: timeout=60
10:01:34:187 DEBUG 26980 --- [http-nio-8086-exec-4] com.hmall.api.client.UserClient          : [UserClient#deductMoney] <--- END HTTP (0-byte body)
10:01:34:188 DEBUG 26980 --- [http-nio-8086-exec-4] c.h.pay.mapper.PayOrderMapper.update     : ==>  Preparing: UPDATE pay_order SET status=?,pay_success_time=? WHERE (id = ? AND status IN (?,?))
10:01:34:189 DEBUG 26980 --- [http-nio-8086-exec-4] c.h.pay.mapper.PayOrderMapper.update     : ==> Parameters: 3(Integer), 2026-07-18T10:01:34.187717(LocalDateTime), 2078299084665507843(Long), 0(Integer), 1(Integer)
10:01:34:191 DEBUG 26980 --- [http-nio-8086-exec-4] c.h.pay.mapper.PayOrderMapper.update     : <==    Updates: 1
10:01:34:191 DEBUG 26980 --- [http-nio-8086-exec-4] com.hmall.api.client.OrderClient         : [OrderClient#updateById] ---> POST http://trade-service/order/updateStatus HTTP/1.1
10:01:34:191 DEBUG 26980 --- [http-nio-8086-exec-4] com.hmall.api.client.OrderClient         : [OrderClient#updateById] Content-Length: 233
10:01:34:191 DEBUG 26980 --- [http-nio-8086-exec-4] com.hmall.api.client.OrderClient         : [OrderClient#updateById] Content-Type: application/json
10:01:34:191 DEBUG 26980 --- [http-nio-8086-exec-4] com.hmall.api.client.OrderClient         : [OrderClient#updateById] user-info: 1
10:01:34:191 DEBUG 26980 --- [http-nio-8086-exec-4] com.hmall.api.client.OrderClient         : [OrderClient#updateById] 
10:01:34:191 DEBUG 26980 --- [http-nio-8086-exec-4] com.hmall.api.client.OrderClient         : [OrderClient#updateById] {"id":"2078299084342534146","totalFee":null,"paymentType":null,"userId":null,"status":2,"createTime":null,"payTime":"2026-07-18T10:01:34.191427","consignTime":null,"endTime":null,"closeTime":null,"commentTime":null,"updateTime":null}
10:01:34:191 DEBUG 26980 --- [http-nio-8086-exec-4] com.hmall.api.client.OrderClient         : [OrderClient#updateById] ---> END HTTP (233-byte body)
10:01:34:202 DEBUG 26980 --- [http-nio-8086-exec-4] com.hmall.api.client.OrderClient         : [OrderClient#updateById] <--- HTTP/1.1 404  (10ms)
10:01:34:202 DEBUG 26980 --- [http-nio-8086-exec-4] com.hmall.api.client.OrderClient         : [OrderClient#updateById] connection: keep-alive
10:01:34:202 DEBUG 26980 --- [http-nio-8086-exec-4] com.hmall.api.client.OrderClient         : [OrderClient#updateById] content-type: application/json
10:01:34:202 DEBUG 26980 --- [http-nio-8086-exec-4] com.hmall.api.client.OrderClient         : [OrderClient#updateById] date: Sat, 18 Jul 2026 02:01:34 GMT
10:01:34:202 DEBUG 26980 --- [http-nio-8086-exec-4] com.hmall.api.client.OrderClient         : [OrderClient#updateById] keep-alive: timeout=60
10:01:34:202 DEBUG 26980 --- [http-nio-8086-exec-4] com.hmall.api.client.OrderClient         : [OrderClient#updateById] transfer-encoding: chunked
10:01:34:202 DEBUG 26980 --- [http-nio-8086-exec-4] com.hmall.api.client.OrderClient         : [OrderClient#updateById] vary: Origin
10:01:34:202 DEBUG 26980 --- [http-nio-8086-exec-4] com.hmall.api.client.OrderClient         : [OrderClient#updateById] vary: Access-Control-Request-Method
10:01:34:202 DEBUG 26980 --- [http-nio-8086-exec-4] com.hmall.api.client.OrderClient         : [OrderClient#updateById] vary: Access-Control-Request-Headers
10:01:34:202 DEBUG 26980 --- [http-nio-8086-exec-4] com.hmall.api.client.OrderClient         : [OrderClient#updateById] 
10:01:34:202 DEBUG 26980 --- [http-nio-8086-exec-4] com.hmall.api.client.OrderClient         : [OrderClient#updateById] {"timestamp":"2026-07-18T02:01:34.201+00:00","status":404,"error":"Not Found","path":"/order/updateStatus"}
10:01:34:202 DEBUG 26980 --- [http-nio-8086-exec-4] com.hmall.api.client.OrderClient         : [OrderClient#updateById] <--- END HTTP (107-byte body)
10:01:34:206 ERROR 26980 --- [http-nio-8086-exec-4] c.h.common.advice.CommonExceptionAdvice  : 其他异常 uri : /pay-orders/2078299084665507843 -> 

feign.FeignException$NotFound: [404 ] during [POST] to [http://trade-service/order/updateStatus] [OrderClient#updateById(Order)]: [{"timestamp":"2026-07-18T02:01:34.201+00:00","status":404,"error":"Not Found","path":"/order/updateStatus"}]
	at feign.FeignException.clientErrorStatus(FeignException.java:219) ~[feign-core-11.8.jar:na]
	at feign.FeignException.errorStatus(FeignException.java:194) ~[feign-core-11.8.jar:na]
	at feign.FeignException.errorStatus(FeignException.java:185) ~[feign-core-11.8.jar:na]
	at feign.codec.ErrorDecoder$Default.decode(ErrorDecoder.java:92) ~[feign-core-11.8.jar:na]
	at feign.AsyncResponseHandler.handleResponse(AsyncResponseHandler.java:96) ~[feign-core-11.8.jar:na]
	at feign.SynchronousMethodHandler.executeAndDecode(SynchronousMethodHandler.java:138) ~[feign-core-11.8.jar:na]
	at feign.SynchronousMethodHandler.invoke(SynchronousMethodHandler.java:89) ~[feign-core-11.8.jar:na]
	at feign.ReflectiveFeign$FeignInvocationHandler.invoke(ReflectiveFeign.java:100) ~[feign-core-11.8.jar:na]
	at com.sun.proxy.$Proxy114.updateById(Unknown Source) ~[na:na]
	at com.hmall.pay.service.impl.PayOrderServiceImpl.tryPayOrderByBalance(PayOrderServiceImpl.java:72) ~[classes/:na]
	at com.hmall.pay.service.impl.PayOrderServiceImpl$$FastClassBySpringCGLIB$$b2062e7f.invoke(<generated>) ~[classes/:na]
	at org.springframework.cglib.proxy.MethodProxy.invoke(MethodProxy.java:218) ~[spring-core-5.3.27.jar:5.3.27]
	at org.springframework.aop.framework.CglibAopProxy$CglibMethodInvocation.invokeJoinpoint(CglibAopProxy.java:793) ~[spring-aop-5.3.27.jar:5.3.27]
	at org.springframework.aop.framework.ReflectiveMethodInvocation.proceed(ReflectiveMethodInvocation.java:163) ~[spring-aop-5.3.27.jar:5.3.27]
	at org.springframework.aop.framework.CglibAopProxy$CglibMethodInvocation.proceed(CglibAopProxy.java:763) ~[spring-aop-5.3.27.jar:5.3.27]
	at org.springframework.transaction.interceptor.TransactionInterceptor$1.proceedWithInvocation(TransactionInterceptor.java:123) ~[spring-tx-5.3.27.jar:5.3.27]
	at org.springframework.transaction.interceptor.TransactionAspectSupport.invokeWithinTransaction(TransactionAspectSupport.java:388) ~[spring-tx-5.3.27.jar:5.3.27]
	at org.springframework.transaction.interceptor.TransactionInterceptor.invoke(TransactionInterceptor.java:119) ~[spring-tx-5.3.27.jar:5.3.27]
	at org.springframework.aop.framework.ReflectiveMethodInvocation.proceed(ReflectiveMethodInvocation.java:186) ~[spring-aop-5.3.27.jar:5.3.27]
	at org.springframework.aop.framework.CglibAopProxy$CglibMethodInvocation.proceed(CglibAopProxy.java:763) ~[spring-aop-5.3.27.jar:5.3.27]
	at org.springframework.aop.framework.CglibAopProxy$DynamicAdvisedInterceptor.intercept(CglibAopProxy.java:708) ~[spring-aop-5.3.27.jar:5.3.27]
	at com.hmall.pay.service.impl.PayOrderServiceImpl$$EnhancerBySpringCGLIB$$7859aa03.tryPayOrderByBalance(<generated>) ~[classes/:na]
	at com.hmall.pay.controller.PayController.tryPayOrderByBalance(PayController.java:37) ~[classes/:na]
	at java.base/jdk.internal.reflect.NativeMethodAccessorImpl.invoke0(Native Method) ~[na:na]
	at java.base/jdk.internal.reflect.NativeMethodAccessorImpl.invoke(NativeMethodAccessorImpl.java:62) ~[na:na]
	at java.base/jdk.internal.reflect.DelegatingMethodAccessorImpl.invoke(DelegatingMethodAccessorImpl.java:43) ~[na:na]
	at java.base/java.lang.reflect.Method.invoke(Method.java:566) ~[na:na]
	at org.springframework.web.method.support.InvocableHandlerMethod.doInvoke(InvocableHandlerMethod.java:205) ~[spring-web-5.3.27.jar:5.3.27]
	at org.springframework.web.method.support.InvocableHandlerMethod.invokeForRequest(InvocableHandlerMethod.java:150) ~[spring-web-5.3.27.jar:5.3.27]
	at org.springframework.web.servlet.mvc.method.annotation.ServletInvocableHandlerMethod.invokeAndHandle(ServletInvocableHandlerMethod.java:117) ~[spring-webmvc-5.3.27.jar:5.3.27]
	at org.springframework.web.servlet.mvc.method.annotation.RequestMappingHandlerAdapter.invokeHandlerMethod(RequestMappingHandlerAdapter.java:895) ~[spring-webmvc-5.3.27.jar:5.3.27]
	at org.springframework.web.servlet.mvc.method.annotation.RequestMappingHandlerAdapter.handleInternal(RequestMappingHandlerAdapter.java:808) ~[spring-webmvc-5.3.27.jar:5.3.27]
	at org.springframework.web.servlet.mvc.method.AbstractHandlerMethodAdapter.handle(AbstractHandlerMethodAdapter.java:87) ~[spring-webmvc-5.3.27.jar:5.3.27]
	at org.springframework.web.servlet.DispatcherServlet.doDispatch(DispatcherServlet.java:1072) ~[spring-webmvc-5.3.27.jar:5.3.27]
	at org.springframework.web.servlet.DispatcherServlet.doService(DispatcherServlet.java:965) ~[spring-webmvc-5.3.27.jar:5.3.27]
	at org.springframework.web.servlet.FrameworkServlet.processRequest(FrameworkServlet.java:1006) ~[spring-webmvc-5.3.27.jar:5.3.27]
	at org.springframework.web.servlet.FrameworkServlet.doPost(FrameworkServlet.java:909) ~[spring-webmvc-5.3.27.jar:5.3.27]
	at javax.servlet.http.HttpServlet.service(HttpServlet.java:555) ~[tomcat-embed-core-9.0.75.jar:4.0.FR]
	at org.springframework.web.servlet.FrameworkServlet.service(FrameworkServlet.java:883) ~[spring-webmvc-5.3.27.jar:5.3.27]
	at javax.servlet.http.HttpServlet.service(HttpServlet.java:623) ~[tomcat-embed-core-9.0.75.jar:4.0.FR]
	at org.apache.catalina.core.ApplicationFilterChain.internalDoFilter(ApplicationFilterChain.java:209) ~[tomcat-embed-core-9.0.75.jar:9.0.75]
	at org.apache.catalina.core.ApplicationFilterChain.doFilter(ApplicationFilterChain.java:153) ~[tomcat-embed-core-9.0.75.jar:9.0.75]
	at org.apache.tomcat.websocket.server.WsFilter.doFilter(WsFilter.java:51) ~[tomcat-embed-websocket-9.0.75.jar:9.0.75]
	at org.apache.catalina.core.ApplicationFilterChain.internalDoFilter(ApplicationFilterChain.java:178) ~[tomcat-embed-core-9.0.75.jar:9.0.75]
	at org.apache.catalina.core.ApplicationFilterChain.doFilter(ApplicationFilterChain.java:153) ~[tomcat-embed-core-9.0.75.jar:9.0.75]
	at org.springframework.web.filter.RequestContextFilter.doFilterInternal(RequestContextFilter.java:100) ~[spring-web-5.3.27.jar:5.3.27]
	at org.springframework.web.filter.OncePerRequestFilter.doFilter(OncePerRequestFilter.java:117) ~[spring-web-5.3.27.jar:5.3.27]
	at org.apache.catalina.core.ApplicationFilterChain.internalDoFilter(ApplicationFilterChain.java:178) ~[tomcat-embed-core-9.0.75.jar:9.0.75]
	at org.apache.catalina.core.ApplicationFilterChain.doFilter(ApplicationFilterChain.java:153) ~[tomcat-embed-core-9.0.75.jar:9.0.75]
	at org.springframework.web.filter.FormContentFilter.doFilterInternal(FormContentFilter.java:93) ~[spring-web-5.3.27.jar:5.3.27]
	at org.springframework.web.filter.OncePerRequestFilter.doFilter(OncePerRequestFilter.java:117) ~[spring-web-5.3.27.jar:5.3.27]
	at org.apache.catalina.core.ApplicationFilterChain.internalDoFilter(ApplicationFilterChain.java:178) ~[tomcat-embed-core-9.0.75.jar:9.0.75]
	at org.apache.catalina.core.ApplicationFilterChain.doFilter(ApplicationFilterChain.java:153) ~[tomcat-embed-core-9.0.75.jar:9.0.75]
	at org.springframework.web.filter.CharacterEncodingFilter.doFilterInternal(CharacterEncodingFilter.java:201) ~[spring-web-5.3.27.jar:5.3.27]
	at org.springframework.web.filter.OncePerRequestFilter.doFilter(OncePerRequestFilter.java:117) ~[spring-web-5.3.27.jar:5.3.27]
	at org.apache.catalina.core.ApplicationFilterChain.internalDoFilter(ApplicationFilterChain.java:178) ~[tomcat-embed-core-9.0.75.jar:9.0.75]
	at org.apache.catalina.core.ApplicationFilterChain.doFilter(ApplicationFilterChain.java:153) ~[tomcat-embed-core-9.0.75.jar:9.0.75]
	at org.apache.catalina.core.StandardWrapperValve.invoke(StandardWrapperValve.java:167) ~[tomcat-embed-core-9.0.75.jar:9.0.75]
	at org.apache.catalina.core.StandardContextValve.invoke(StandardContextValve.java:90) ~[tomcat-embed-core-9.0.75.jar:9.0.75]
	at org.apache.catalina.authenticator.AuthenticatorBase.invoke(AuthenticatorBase.java:481) ~[tomcat-embed-core-9.0.75.jar:9.0.75]
	at org.apache.catalina.core.StandardHostValve.invoke(StandardHostValve.java:130) ~[tomcat-embed-core-9.0.75.jar:9.0.75]
	at org.apache.catalina.valves.ErrorReportValve.invoke(ErrorReportValve.java:93) ~[tomcat-embed-core-9.0.75.jar:9.0.75]
	at org.apache.catalina.core.StandardEngineValve.invoke(StandardEngineValve.java:74) ~[tomcat-embed-core-9.0.75.jar:9.0.75]
	at org.apache.catalina.connector.CoyoteAdapter.service(CoyoteAdapter.java:343) ~[tomcat-embed-core-9.0.75.jar:9.0.75]
	at org.apache.coyote.http11.Http11Processor.service(Http11Processor.java:390) ~[tomcat-embed-core-9.0.75.jar:9.0.75]
	at org.apache.coyote.AbstractProcessorLight.process(AbstractProcessorLight.java:63) ~[tomcat-embed-core-9.0.75.jar:9.0.75]
	at org.apache.coyote.AbstractProtocol$ConnectionHandler.process(AbstractProtocol.java:926) ~[tomcat-embed-core-9.0.75.jar:9.0.75]
	at org.apache.tomcat.util.net.NioEndpoint$SocketProcessor.doRun(NioEndpoint.java:1791) ~[tomcat-embed-core-9.0.75.jar:9.0.75]
	at org.apache.tomcat.util.net.SocketProcessorBase.run(SocketProcessorBase.java:52) ~[tomcat-embed-core-9.0.75.jar:9.0.75]
	at org.apache.tomcat.util.threads.ThreadPoolExecutor.runWorker(ThreadPoolExecutor.java:1191) ~[tomcat-embed-core-9.0.75.jar:9.0.75]
	at org.apache.tomcat.util.threads.ThreadPoolExecutor$Worker.run(ThreadPoolExecutor.java:659) ~[tomcat-embed-core-9.0.75.jar:9.0.75]
	at org.apache.tomcat.util.threads.TaskThread$WrappingRunnable.run(TaskThread.java:61) ~[tomcat-embed-core-9.0.75.jar:9.0.75]
	at java.base/java.lang.Thread.run(Thread.java:829) ~[na:na]

10:03:59:123  WARN 26980 --- [Thread-4] c.a.nacos.common.notify.NotifyCenter     : [NotifyCenter] Start destroying Publisher
10:03:59:123  WARN 26980 --- [Thread-7] c.a.n.common.http.HttpClientBeanHolder   : [HttpClientBeanHolder] Start destroying common HttpClient
10:03:59:123  WARN 26980 --- [Thread-4] c.a.nacos.common.notify.NotifyCenter     : [NotifyCenter] Destruction of the end
10:03:59:125  WARN 26980 --- [Thread-7] c.a.n.common.http.HttpClientBeanHolder   : [HttpClientBeanHolder] Destruction of the end
10:03:59:549  INFO 26980 --- [SpringApplicationShutdownHook] c.a.c.n.registry.NacosServiceRegistry    : De-registering from Nacos Server now...
10:03:59:555  INFO 26980 --- [SpringApplicationShutdownHook] c.a.c.n.registry.NacosServiceRegistry    : De-registration finished.
10:03:59:880  INFO 26980 --- [SpringApplicationShutdownHook] com.alibaba.nacos.common.remote.client   : Shutdown rpc client, set status to shutdown
10:03:59:880  INFO 26980 --- [SpringApplicationShutdownHook] com.alibaba.nacos.common.remote.client   : Shutdown client event executor java.util.concurrent.ScheduledThreadPoolExecutor@7ca851d3[Running, pool size = 2, active threads = 2, queued tasks = 0, completed tasks = 0]
10:03:59:882  INFO 26980 --- [SpringApplicationShutdownHook] com.alibaba.nacos.common.remote.client   : Close current connection 1784339251729_172.18.0.1_34056
10:03:59:889  INFO 26980 --- [nacos-grpc-client-executor-228] c.a.n.c.remote.client.grpc.GrpcClient    : [1784339251729_172.18.0.1_34056]Ignore complete event,isRunning:false,isAbandon=false
10:03:59:901  INFO 26980 --- [SpringApplicationShutdownHook] c.a.n.c.remote.client.grpc.GrpcClient    : Shutdown grpc executor java.util.concurrent.ThreadPoolExecutor@5aaff653[Running, pool size = 6, active threads = 0, queued tasks = 0, completed tasks = 229]
10:03:59:909  INFO 26980 --- [SpringApplicationShutdownHook] com.zaxxer.hikari.HikariDataSource       : HikariPool-1 - Shutdown initiated...
10:03:59:927  INFO 26980 --- [SpringApplicationShutdownHook] com.zaxxer.hikari.HikariDataSource       : HikariPool-1 - Shutdown completed.
10:07:19:829  INFO 16964 --- [main] com.hmall.pay.PayApplication             : Starting PayApplication using Java 11.0.31 on mugen with PID 16964 (D:\AAA_Web\IdeaProjects\hmall\pay-service\target\classes started by mugen in D:\AAA_Web\IdeaProjects\hmall)
10:07:19:831 DEBUG 16964 --- [main] com.hmall.pay.PayApplication             : Running with Spring Boot v2.7.12, Spring v5.3.27
10:07:19:831  INFO 16964 --- [main] com.hmall.pay.PayApplication             : The following 1 profile is active: "dev"
10:07:20:433  INFO 16964 --- [main] .s.d.r.c.RepositoryConfigurationDelegate : Multiple Spring Data modules found, entering strict repository configuration mode
10:07:20:434  INFO 16964 --- [main] .s.d.r.c.RepositoryConfigurationDelegate : Bootstrapping Spring Data Redis repositories in DEFAULT mode.
10:07:20:454  INFO 16964 --- [main] .s.d.r.c.RepositoryConfigurationDelegate : Finished Spring Data repository scanning in 8 ms. Found 0 Redis repository interfaces.
10:07:20:632  INFO 16964 --- [main] o.s.cloud.context.scope.GenericScope     : BeanFactory id=89ac635c-935b-304b-9fd5-8516617d102e
10:07:20:865  INFO 16964 --- [main] o.s.b.w.embedded.tomcat.TomcatWebServer  : Tomcat initialized with port(s): 8086 (http)
10:07:20:871  INFO 16964 --- [main] o.apache.catalina.core.StandardService   : Starting service [Tomcat]
10:07:20:871  INFO 16964 --- [main] org.apache.catalina.core.StandardEngine  : Starting Servlet engine: [Apache Tomcat/9.0.75]
10:07:20:961  INFO 16964 --- [main] o.a.c.c.C.[Tomcat].[localhost].[/]       : Initializing Spring embedded WebApplicationContext
10:07:20:962  INFO 16964 --- [main] w.s.c.ServletWebServerApplicationContext : Root WebApplicationContext: initialization completed in 1102 ms
10:07:21:119  INFO 16964 --- [main] o.s.c.openfeign.FeignClientFactoryBean   : For 'user-service' URL not provided. Will try picking an instance via load-balancing.
10:07:21:258  INFO 16964 --- [main] o.s.c.openfeign.FeignClientFactoryBean   : For 'trade-service' URL not provided. Will try picking an instance via load-balancing.
10:07:23:156  INFO 16964 --- [main] pertySourcedRequestMappingHandlerMapping : Mapped URL path [/v2/api-docs] onto method [springfox.documentation.swagger2.web.Swagger2ControllerWebMvc#getDocumentation(String, HttpServletRequest)]
10:07:23:994  INFO 16964 --- [main] com.alibaba.nacos.common.remote.client   : [RpcClientFactory] create a new rpc client of 5c7520d5-ac94-4139-8f5c-703b239232dc
10:07:24:028  INFO 16964 --- [main] org.reflections.Reflections              : Reflections took 19 ms to scan 1 urls, producing 3 keys and 6 values 
10:07:24:045  INFO 16964 --- [main] org.reflections.Reflections              : Reflections took 7 ms to scan 1 urls, producing 4 keys and 9 values 
10:07:24:053  INFO 16964 --- [main] org.reflections.Reflections              : Reflections took 6 ms to scan 1 urls, producing 3 keys and 10 values 
10:07:24:056  WARN 16964 --- [main] org.reflections.Reflections              : given scan urls are empty. set urls in the configuration
10:07:24:064  INFO 16964 --- [main] org.reflections.Reflections              : Reflections took 7 ms to scan 1 urls, producing 1 keys and 5 values 
10:07:24:072  INFO 16964 --- [main] org.reflections.Reflections              : Reflections took 6 ms to scan 1 urls, producing 1 keys and 7 values 
10:07:24:080  INFO 16964 --- [main] org.reflections.Reflections              : Reflections took 6 ms to scan 1 urls, producing 2 keys and 8 values 
10:07:24:082  WARN 16964 --- [main] org.reflections.Reflections              : given scan urls are empty. set urls in the configuration
10:07:24:083  INFO 16964 --- [main] com.alibaba.nacos.common.remote.client   : [5c7520d5-ac94-4139-8f5c-703b239232dc] RpcClient init label, labels = {module=naming, source=sdk}
10:07:24:084  INFO 16964 --- [main] com.alibaba.nacos.common.remote.client   : [5c7520d5-ac94-4139-8f5c-703b239232dc] RpcClient init, ServerListFactory = com.alibaba.nacos.client.naming.core.ServerListManager
10:07:24:084  INFO 16964 --- [main] com.alibaba.nacos.common.remote.client   : [5c7520d5-ac94-4139-8f5c-703b239232dc] Registry connection listener to current client:com.alibaba.nacos.client.naming.remote.gprc.redo.NamingGrpcRedoService
10:07:24:084  INFO 16964 --- [main] com.alibaba.nacos.common.remote.client   : [5c7520d5-ac94-4139-8f5c-703b239232dc] Register server push request handler:com.alibaba.nacos.client.naming.remote.gprc.NamingPushRequestHandler
10:07:24:086  INFO 16964 --- [main] com.alibaba.nacos.common.remote.client   : [5c7520d5-ac94-4139-8f5c-703b239232dc] Try to connect to server on start up, server: {serverIp = 'localhost', server main port = 8848}
10:07:25:345  INFO 16964 --- [main] com.alibaba.nacos.common.remote.client   : [5c7520d5-ac94-4139-8f5c-703b239232dc] Success to connect to server [localhost:8848] on start up, connectionId = 1784340445166_172.18.0.1_56432
10:07:25:345  INFO 16964 --- [com.alibaba.nacos.client.remote.worker] com.alibaba.nacos.common.remote.client   : [5c7520d5-ac94-4139-8f5c-703b239232dc] Notify connected event to listeners.
10:07:25:345  INFO 16964 --- [main] com.alibaba.nacos.common.remote.client   : [5c7520d5-ac94-4139-8f5c-703b239232dc] Register server push request handler:com.alibaba.nacos.common.remote.client.RpcClient$ConnectResetRequestHandler
10:07:25:346  INFO 16964 --- [main] com.alibaba.nacos.common.remote.client   : [5c7520d5-ac94-4139-8f5c-703b239232dc] Register server push request handler:com.alibaba.nacos.common.remote.client.RpcClient$$Lambda$1137/0x000000084072cc40
10:07:25:394  INFO 16964 --- [main] o.s.b.w.embedded.tomcat.TomcatWebServer  : Tomcat started on port(s): 8086 (http) with context path ''
10:07:25:403  INFO 16964 --- [main] c.a.c.n.registry.NacosServiceRegistry    : nacos registry, DEFAULT_GROUP pay-service 192.168.138.1:8086 register finished
10:07:25:741  INFO 16964 --- [main] d.s.w.p.DocumentationPluginsBootstrapper : Documentation plugins bootstrapped
10:07:25:743  INFO 16964 --- [main] d.s.w.p.DocumentationPluginsBootstrapper : Found 1 custom documentation plugin(s)
10:07:25:754  INFO 16964 --- [main] s.d.s.w.s.ApiListingReferenceScanner     : Scanning for api listing references
10:07:25:801  INFO 16964 --- [main] com.hmall.pay.PayApplication             : Started PayApplication in 6.749 seconds (JVM running for 7.415)
10:07:25:882  INFO 16964 --- [nacos-grpc-client-executor-9] com.alibaba.nacos.common.remote.client   : [5c7520d5-ac94-4139-8f5c-703b239232dc] Receive server push request, request = NotifySubscriberRequest, requestId = 47
10:07:25:898  INFO 16964 --- [nacos-grpc-client-executor-9] com.alibaba.nacos.common.remote.client   : [5c7520d5-ac94-4139-8f5c-703b239232dc] Ack server push request, request = NotifySubscriberRequest, requestId = 47
10:07:35:943  INFO 16964 --- [http-nio-8086-exec-1] o.a.c.c.C.[Tomcat].[localhost].[/]       : Initializing Spring DispatcherServlet 'dispatcherServlet'
10:07:35:943  INFO 16964 --- [http-nio-8086-exec-1] o.s.web.servlet.DispatcherServlet        : Initializing Servlet 'dispatcherServlet'
10:07:35:944  INFO 16964 --- [http-nio-8086-exec-1] o.s.web.servlet.DispatcherServlet        : Completed initialization in 1 ms
10:07:35:972  INFO 16964 --- [http-nio-8086-exec-1] com.zaxxer.hikari.HikariDataSource       : HikariPool-1 - Starting...
10:07:36:125  INFO 16964 --- [http-nio-8086-exec-1] com.zaxxer.hikari.HikariDataSource       : HikariPool-1 - Start completed.
10:07:36:146 DEBUG 16964 --- [http-nio-8086-exec-1] c.h.p.mapper.PayOrderMapper.selectById   : ==>  Preparing: SELECT id,biz_order_no,pay_order_no,biz_user_id,pay_channel_code,amount,pay_type,status,expand_json,result_code,result_msg,pay_success_time,pay_over_time,qr_code_url,create_time,update_time,creater,updater,is_delete FROM pay_order WHERE id=?
10:07:36:156 DEBUG 16964 --- [http-nio-8086-exec-1] c.h.p.mapper.PayOrderMapper.selectById   : ==> Parameters: 2078299084665507843(Long)
10:07:36:176 DEBUG 16964 --- [http-nio-8086-exec-1] c.h.p.mapper.PayOrderMapper.selectById   : <==      Total: 1
10:07:36:181 DEBUG 16964 --- [http-nio-8086-exec-1] com.hmall.api.client.UserClient          : [UserClient#deductMoney] ---> PUT http://user-service/users/money/deduct?pw=123&amount=379500 HTTP/1.1
10:07:36:181 DEBUG 16964 --- [http-nio-8086-exec-1] com.hmall.api.client.UserClient          : [UserClient#deductMoney] user-info: 1
10:07:36:181 DEBUG 16964 --- [http-nio-8086-exec-1] com.hmall.api.client.UserClient          : [UserClient#deductMoney] ---> END HTTP (0-byte body)
10:07:36:331 DEBUG 16964 --- [http-nio-8086-exec-1] com.hmall.api.client.UserClient          : [UserClient#deductMoney] <--- HTTP/1.1 401  (148ms)
10:07:36:331 DEBUG 16964 --- [http-nio-8086-exec-1] com.hmall.api.client.UserClient          : [UserClient#deductMoney] connection: keep-alive
10:07:36:331 DEBUG 16964 --- [http-nio-8086-exec-1] com.hmall.api.client.UserClient          : [UserClient#deductMoney] content-length: 30
10:07:36:331 DEBUG 16964 --- [http-nio-8086-exec-1] com.hmall.api.client.UserClient          : [UserClient#deductMoney] content-type: application/json;charset=UTF-8
10:07:36:331 DEBUG 16964 --- [http-nio-8086-exec-1] com.hmall.api.client.UserClient          : [UserClient#deductMoney] date: Sat, 18 Jul 2026 02:07:36 GMT
10:07:36:331 DEBUG 16964 --- [http-nio-8086-exec-1] com.hmall.api.client.UserClient          : [UserClient#deductMoney] keep-alive: timeout=60
10:07:36:331 DEBUG 16964 --- [http-nio-8086-exec-1] com.hmall.api.client.UserClient          : [UserClient#deductMoney] 
10:07:36:332 DEBUG 16964 --- [http-nio-8086-exec-1] com.hmall.api.client.UserClient          : [UserClient#deductMoney] {"code":401,"msg":"未登录"}
10:07:36:332 DEBUG 16964 --- [http-nio-8086-exec-1] com.hmall.api.client.UserClient          : [UserClient#deductMoney] <--- END HTTP (30-byte body)
10:07:36:339 ERROR 16964 --- [http-nio-8086-exec-1] c.h.common.advice.CommonExceptionAdvice  : 其他异常 uri : /pay-orders/2078299084665507843 -> 

feign.FeignException$Unauthorized: [401 ] during [PUT] to [http://user-service/users/money/deduct?pw=123&amount=379500] [UserClient#deductMoney(String,Integer)]: [{"code":401,"msg":"未登录"}]
	at feign.FeignException.clientErrorStatus(FeignException.java:215) ~[feign-core-11.8.jar:na]
	at feign.FeignException.errorStatus(FeignException.java:194) ~[feign-core-11.8.jar:na]
	at feign.FeignException.errorStatus(FeignException.java:185) ~[feign-core-11.8.jar:na]
	at feign.codec.ErrorDecoder$Default.decode(ErrorDecoder.java:92) ~[feign-core-11.8.jar:na]
	at feign.AsyncResponseHandler.handleResponse(AsyncResponseHandler.java:96) ~[feign-core-11.8.jar:na]
	at feign.SynchronousMethodHandler.executeAndDecode(SynchronousMethodHandler.java:138) ~[feign-core-11.8.jar:na]
	at feign.SynchronousMethodHandler.invoke(SynchronousMethodHandler.java:89) ~[feign-core-11.8.jar:na]
	at feign.ReflectiveFeign$FeignInvocationHandler.invoke(ReflectiveFeign.java:100) ~[feign-core-11.8.jar:na]
	at com.sun.proxy.$Proxy111.deductMoney(Unknown Source) ~[na:na]
	at com.hmall.pay.service.impl.PayOrderServiceImpl.tryPayOrderByBalance(PayOrderServiceImpl.java:61) ~[classes/:na]
	at com.hmall.pay.service.impl.PayOrderServiceImpl$$FastClassBySpringCGLIB$$b2062e7f.invoke(<generated>) ~[classes/:na]
	at org.springframework.cglib.proxy.MethodProxy.invoke(MethodProxy.java:218) ~[spring-core-5.3.27.jar:5.3.27]
	at org.springframework.aop.framework.CglibAopProxy$CglibMethodInvocation.invokeJoinpoint(CglibAopProxy.java:793) ~[spring-aop-5.3.27.jar:5.3.27]
	at org.springframework.aop.framework.ReflectiveMethodInvocation.proceed(ReflectiveMethodInvocation.java:163) ~[spring-aop-5.3.27.jar:5.3.27]
	at org.springframework.aop.framework.CglibAopProxy$CglibMethodInvocation.proceed(CglibAopProxy.java:763) ~[spring-aop-5.3.27.jar:5.3.27]
	at org.springframework.transaction.interceptor.TransactionInterceptor$1.proceedWithInvocation(TransactionInterceptor.java:123) ~[spring-tx-5.3.27.jar:5.3.27]
	at org.springframework.transaction.interceptor.TransactionAspectSupport.invokeWithinTransaction(TransactionAspectSupport.java:388) ~[spring-tx-5.3.27.jar:5.3.27]
	at org.springframework.transaction.interceptor.TransactionInterceptor.invoke(TransactionInterceptor.java:119) ~[spring-tx-5.3.27.jar:5.3.27]
	at org.springframework.aop.framework.ReflectiveMethodInvocation.proceed(ReflectiveMethodInvocation.java:186) ~[spring-aop-5.3.27.jar:5.3.27]
	at org.springframework.aop.framework.CglibAopProxy$CglibMethodInvocation.proceed(CglibAopProxy.java:763) ~[spring-aop-5.3.27.jar:5.3.27]
	at org.springframework.aop.framework.CglibAopProxy$DynamicAdvisedInterceptor.intercept(CglibAopProxy.java:708) ~[spring-aop-5.3.27.jar:5.3.27]
	at com.hmall.pay.service.impl.PayOrderServiceImpl$$EnhancerBySpringCGLIB$$8861126f.tryPayOrderByBalance(<generated>) ~[classes/:na]
	at com.hmall.pay.controller.PayController.tryPayOrderByBalance(PayController.java:37) ~[classes/:na]
	at java.base/jdk.internal.reflect.NativeMethodAccessorImpl.invoke0(Native Method) ~[na:na]
	at java.base/jdk.internal.reflect.NativeMethodAccessorImpl.invoke(NativeMethodAccessorImpl.java:62) ~[na:na]
	at java.base/jdk.internal.reflect.DelegatingMethodAccessorImpl.invoke(DelegatingMethodAccessorImpl.java:43) ~[na:na]
	at java.base/java.lang.reflect.Method.invoke(Method.java:566) ~[na:na]
	at org.springframework.web.method.support.InvocableHandlerMethod.doInvoke(InvocableHandlerMethod.java:205) ~[spring-web-5.3.27.jar:5.3.27]
	at org.springframework.web.method.support.InvocableHandlerMethod.invokeForRequest(InvocableHandlerMethod.java:150) ~[spring-web-5.3.27.jar:5.3.27]
	at org.springframework.web.servlet.mvc.method.annotation.ServletInvocableHandlerMethod.invokeAndHandle(ServletInvocableHandlerMethod.java:117) ~[spring-webmvc-5.3.27.jar:5.3.27]
	at org.springframework.web.servlet.mvc.method.annotation.RequestMappingHandlerAdapter.invokeHandlerMethod(RequestMappingHandlerAdapter.java:895) ~[spring-webmvc-5.3.27.jar:5.3.27]
	at org.springframework.web.servlet.mvc.method.annotation.RequestMappingHandlerAdapter.handleInternal(RequestMappingHandlerAdapter.java:808) ~[spring-webmvc-5.3.27.jar:5.3.27]
	at org.springframework.web.servlet.mvc.method.AbstractHandlerMethodAdapter.handle(AbstractHandlerMethodAdapter.java:87) ~[spring-webmvc-5.3.27.jar:5.3.27]
	at org.springframework.web.servlet.DispatcherServlet.doDispatch(DispatcherServlet.java:1072) ~[spring-webmvc-5.3.27.jar:5.3.27]
	at org.springframework.web.servlet.DispatcherServlet.doService(DispatcherServlet.java:965) ~[spring-webmvc-5.3.27.jar:5.3.27]
	at org.springframework.web.servlet.FrameworkServlet.processRequest(FrameworkServlet.java:1006) ~[spring-webmvc-5.3.27.jar:5.3.27]
	at org.springframework.web.servlet.FrameworkServlet.doPost(FrameworkServlet.java:909) ~[spring-webmvc-5.3.27.jar:5.3.27]
	at javax.servlet.http.HttpServlet.service(HttpServlet.java:555) ~[tomcat-embed-core-9.0.75.jar:4.0.FR]
	at org.springframework.web.servlet.FrameworkServlet.service(FrameworkServlet.java:883) ~[spring-webmvc-5.3.27.jar:5.3.27]
	at javax.servlet.http.HttpServlet.service(HttpServlet.java:623) ~[tomcat-embed-core-9.0.75.jar:4.0.FR]
	at org.apache.catalina.core.ApplicationFilterChain.internalDoFilter(ApplicationFilterChain.java:209) ~[tomcat-embed-core-9.0.75.jar:9.0.75]
	at org.apache.catalina.core.ApplicationFilterChain.doFilter(ApplicationFilterChain.java:153) ~[tomcat-embed-core-9.0.75.jar:9.0.75]
	at org.apache.tomcat.websocket.server.WsFilter.doFilter(WsFilter.java:51) ~[tomcat-embed-websocket-9.0.75.jar:9.0.75]
	at org.apache.catalina.core.ApplicationFilterChain.internalDoFilter(ApplicationFilterChain.java:178) ~[tomcat-embed-core-9.0.75.jar:9.0.75]
	at org.apache.catalina.core.ApplicationFilterChain.doFilter(ApplicationFilterChain.java:153) ~[tomcat-embed-core-9.0.75.jar:9.0.75]
	at org.springframework.web.filter.RequestContextFilter.doFilterInternal(RequestContextFilter.java:100) ~[spring-web-5.3.27.jar:5.3.27]
	at org.springframework.web.filter.OncePerRequestFilter.doFilter(OncePerRequestFilter.java:117) ~[spring-web-5.3.27.jar:5.3.27]
	at org.apache.catalina.core.ApplicationFilterChain.internalDoFilter(ApplicationFilterChain.java:178) ~[tomcat-embed-core-9.0.75.jar:9.0.75]
	at org.apache.catalina.core.ApplicationFilterChain.doFilter(ApplicationFilterChain.java:153) ~[tomcat-embed-core-9.0.75.jar:9.0.75]
	at org.springframework.web.filter.FormContentFilter.doFilterInternal(FormContentFilter.java:93) ~[spring-web-5.3.27.jar:5.3.27]
	at org.springframework.web.filter.OncePerRequestFilter.doFilter(OncePerRequestFilter.java:117) ~[spring-web-5.3.27.jar:5.3.27]
	at org.apache.catalina.core.ApplicationFilterChain.internalDoFilter(ApplicationFilterChain.java:178) ~[tomcat-embed-core-9.0.75.jar:9.0.75]
	at org.apache.catalina.core.ApplicationFilterChain.doFilter(ApplicationFilterChain.java:153) ~[tomcat-embed-core-9.0.75.jar:9.0.75]
	at org.springframework.web.filter.CharacterEncodingFilter.doFilterInternal(CharacterEncodingFilter.java:201) ~[spring-web-5.3.27.jar:5.3.27]
	at org.springframework.web.filter.OncePerRequestFilter.doFilter(OncePerRequestFilter.java:117) ~[spring-web-5.3.27.jar:5.3.27]
	at org.apache.catalina.core.ApplicationFilterChain.internalDoFilter(ApplicationFilterChain.java:178) ~[tomcat-embed-core-9.0.75.jar:9.0.75]
	at org.apache.catalina.core.ApplicationFilterChain.doFilter(ApplicationFilterChain.java:153) ~[tomcat-embed-core-9.0.75.jar:9.0.75]
	at org.apache.catalina.core.StandardWrapperValve.invoke(StandardWrapperValve.java:167) ~[tomcat-embed-core-9.0.75.jar:9.0.75]
	at org.apache.catalina.core.StandardContextValve.invoke(StandardContextValve.java:90) ~[tomcat-embed-core-9.0.75.jar:9.0.75]
	at org.apache.catalina.authenticator.AuthenticatorBase.invoke(AuthenticatorBase.java:481) ~[tomcat-embed-core-9.0.75.jar:9.0.75]
	at org.apache.catalina.core.StandardHostValve.invoke(StandardHostValve.java:130) ~[tomcat-embed-core-9.0.75.jar:9.0.75]
	at org.apache.catalina.valves.ErrorReportValve.invoke(ErrorReportValve.java:93) ~[tomcat-embed-core-9.0.75.jar:9.0.75]
	at org.apache.catalina.core.StandardEngineValve.invoke(StandardEngineValve.java:74) ~[tomcat-embed-core-9.0.75.jar:9.0.75]
	at org.apache.catalina.connector.CoyoteAdapter.service(CoyoteAdapter.java:343) ~[tomcat-embed-core-9.0.75.jar:9.0.75]
	at org.apache.coyote.http11.Http11Processor.service(Http11Processor.java:390) ~[tomcat-embed-core-9.0.75.jar:9.0.75]
	at org.apache.coyote.AbstractProcessorLight.process(AbstractProcessorLight.java:63) ~[tomcat-embed-core-9.0.75.jar:9.0.75]
	at org.apache.coyote.AbstractProtocol$ConnectionHandler.process(AbstractProtocol.java:926) ~[tomcat-embed-core-9.0.75.jar:9.0.75]
	at org.apache.tomcat.util.net.NioEndpoint$SocketProcessor.doRun(NioEndpoint.java:1791) ~[tomcat-embed-core-9.0.75.jar:9.0.75]
	at org.apache.tomcat.util.net.SocketProcessorBase.run(SocketProcessorBase.java:52) ~[tomcat-embed-core-9.0.75.jar:9.0.75]
	at org.apache.tomcat.util.threads.ThreadPoolExecutor.runWorker(ThreadPoolExecutor.java:1191) ~[tomcat-embed-core-9.0.75.jar:9.0.75]
	at org.apache.tomcat.util.threads.ThreadPoolExecutor$Worker.run(ThreadPoolExecutor.java:659) ~[tomcat-embed-core-9.0.75.jar:9.0.75]
	at org.apache.tomcat.util.threads.TaskThread$WrappingRunnable.run(TaskThread.java:61) ~[tomcat-embed-core-9.0.75.jar:9.0.75]
	at java.base/java.lang.Thread.run(Thread.java:829) ~[na:na]

10:07:36:799  INFO 16964 --- [nacos-grpc-client-executor-15] com.alibaba.nacos.common.remote.client   : [5c7520d5-ac94-4139-8f5c-703b239232dc] Receive server push request, request = NotifySubscriberRequest, requestId = 52
10:07:36:799  INFO 16964 --- [nacos-grpc-client-executor-15] com.alibaba.nacos.common.remote.client   : [5c7520d5-ac94-4139-8f5c-703b239232dc] Ack server push request, request = NotifySubscriberRequest, requestId = 52
10:07:50:725 DEBUG 16964 --- [http-nio-8086-exec-2] c.h.pay.mapper.PayOrderMapper.selectOne  : ==>  Preparing: SELECT id,biz_order_no,pay_order_no,biz_user_id,pay_channel_code,amount,pay_type,status,expand_json,result_code,result_msg,pay_success_time,pay_over_time,qr_code_url,create_time,update_time,creater,updater,is_delete FROM pay_order WHERE (biz_order_no = ?)
10:07:50:726 DEBUG 16964 --- [http-nio-8086-exec-2] c.h.pay.mapper.PayOrderMapper.selectOne  : ==> Parameters: 2078300683160834049(Long)
10:07:50:727 DEBUG 16964 --- [http-nio-8086-exec-2] c.h.pay.mapper.PayOrderMapper.selectOne  : <==      Total: 0
10:07:50:755 DEBUG 16964 --- [http-nio-8086-exec-2] c.h.pay.mapper.PayOrderMapper.insert     : ==>  Preparing: INSERT INTO pay_order ( id, biz_order_no, pay_order_no, biz_user_id, pay_channel_code, amount, pay_type, status, pay_over_time ) VALUES ( ?, ?, ?, ?, ?, ?, ?, ?, ? )
10:07:50:756 DEBUG 16964 --- [http-nio-8086-exec-2] c.h.pay.mapper.PayOrderMapper.insert     : ==> Parameters: 2078300684297445379(Long), 2078300683160834049(Long), 2078300684297445378(Long), 1(Long), balance(String), 224900(Integer), 5(Integer), 1(Integer), 2026-07-18T12:07:50.752423900(LocalDateTime)
10:07:50:762 DEBUG 16964 --- [http-nio-8086-exec-2] c.h.pay.mapper.PayOrderMapper.insert     : <==    Updates: 1
10:07:54:603 DEBUG 16964 --- [http-nio-8086-exec-3] c.h.p.mapper.PayOrderMapper.selectById   : ==>  Preparing: SELECT id,biz_order_no,pay_order_no,biz_user_id,pay_channel_code,amount,pay_type,status,expand_json,result_code,result_msg,pay_success_time,pay_over_time,qr_code_url,create_time,update_time,creater,updater,is_delete FROM pay_order WHERE id=?
10:07:54:603 DEBUG 16964 --- [http-nio-8086-exec-3] c.h.p.mapper.PayOrderMapper.selectById   : ==> Parameters: 2078300684297445379(Long)
10:07:54:605 DEBUG 16964 --- [http-nio-8086-exec-3] c.h.p.mapper.PayOrderMapper.selectById   : <==      Total: 1
10:07:54:606 DEBUG 16964 --- [http-nio-8086-exec-3] com.hmall.api.client.UserClient          : [UserClient#deductMoney] ---> PUT http://user-service/users/money/deduct?pw=123&amount=224900 HTTP/1.1
10:07:54:606 DEBUG 16964 --- [http-nio-8086-exec-3] com.hmall.api.client.UserClient          : [UserClient#deductMoney] user-info: 1
10:07:54:606 DEBUG 16964 --- [http-nio-8086-exec-3] com.hmall.api.client.UserClient          : [UserClient#deductMoney] ---> END HTTP (0-byte body)
10:07:54:625 DEBUG 16964 --- [http-nio-8086-exec-3] com.hmall.api.client.UserClient          : [UserClient#deductMoney] <--- HTTP/1.1 401  (18ms)
10:07:54:625 DEBUG 16964 --- [http-nio-8086-exec-3] com.hmall.api.client.UserClient          : [UserClient#deductMoney] connection: keep-alive
10:07:54:625 DEBUG 16964 --- [http-nio-8086-exec-3] com.hmall.api.client.UserClient          : [UserClient#deductMoney] content-length: 30
10:07:54:625 DEBUG 16964 --- [http-nio-8086-exec-3] com.hmall.api.client.UserClient          : [UserClient#deductMoney] content-type: application/json;charset=UTF-8
10:07:54:625 DEBUG 16964 --- [http-nio-8086-exec-3] com.hmall.api.client.UserClient          : [UserClient#deductMoney] date: Sat, 18 Jul 2026 02:07:54 GMT
10:07:54:625 DEBUG 16964 --- [http-nio-8086-exec-3] com.hmall.api.client.UserClient          : [UserClient#deductMoney] keep-alive: timeout=60
10:07:54:625 DEBUG 16964 --- [http-nio-8086-exec-3] com.hmall.api.client.UserClient          : [UserClient#deductMoney] 
10:07:54:625 DEBUG 16964 --- [http-nio-8086-exec-3] com.hmall.api.client.UserClient          : [UserClient#deductMoney] {"code":401,"msg":"未登录"}
10:07:54:625 DEBUG 16964 --- [http-nio-8086-exec-3] com.hmall.api.client.UserClient          : [UserClient#deductMoney] <--- END HTTP (30-byte body)
10:07:54:628 ERROR 16964 --- [http-nio-8086-exec-3] c.h.common.advice.CommonExceptionAdvice  : 其他异常 uri : /pay-orders/2078300684297445379 -> 

feign.FeignException$Unauthorized: [401 ] during [PUT] to [http://user-service/users/money/deduct?pw=123&amount=224900] [UserClient#deductMoney(String,Integer)]: [{"code":401,"msg":"未登录"}]
	at feign.FeignException.clientErrorStatus(FeignException.java:215) ~[feign-core-11.8.jar:na]
	at feign.FeignException.errorStatus(FeignException.java:194) ~[feign-core-11.8.jar:na]
	at feign.FeignException.errorStatus(FeignException.java:185) ~[feign-core-11.8.jar:na]
	at feign.codec.ErrorDecoder$Default.decode(ErrorDecoder.java:92) ~[feign-core-11.8.jar:na]
	at feign.AsyncResponseHandler.handleResponse(AsyncResponseHandler.java:96) ~[feign-core-11.8.jar:na]
	at feign.SynchronousMethodHandler.executeAndDecode(SynchronousMethodHandler.java:138) ~[feign-core-11.8.jar:na]
	at feign.SynchronousMethodHandler.invoke(SynchronousMethodHandler.java:89) ~[feign-core-11.8.jar:na]
	at feign.ReflectiveFeign$FeignInvocationHandler.invoke(ReflectiveFeign.java:100) ~[feign-core-11.8.jar:na]
	at com.sun.proxy.$Proxy111.deductMoney(Unknown Source) ~[na:na]
	at com.hmall.pay.service.impl.PayOrderServiceImpl.tryPayOrderByBalance(PayOrderServiceImpl.java:61) ~[classes/:na]
	at com.hmall.pay.service.impl.PayOrderServiceImpl$$FastClassBySpringCGLIB$$b2062e7f.invoke(<generated>) ~[classes/:na]
	at org.springframework.cglib.proxy.MethodProxy.invoke(MethodProxy.java:218) ~[spring-core-5.3.27.jar:5.3.27]
	at org.springframework.aop.framework.CglibAopProxy$CglibMethodInvocation.invokeJoinpoint(CglibAopProxy.java:793) ~[spring-aop-5.3.27.jar:5.3.27]
	at org.springframework.aop.framework.ReflectiveMethodInvocation.proceed(ReflectiveMethodInvocation.java:163) ~[spring-aop-5.3.27.jar:5.3.27]
	at org.springframework.aop.framework.CglibAopProxy$CglibMethodInvocation.proceed(CglibAopProxy.java:763) ~[spring-aop-5.3.27.jar:5.3.27]
	at org.springframework.transaction.interceptor.TransactionInterceptor$1.proceedWithInvocation(TransactionInterceptor.java:123) ~[spring-tx-5.3.27.jar:5.3.27]
	at org.springframework.transaction.interceptor.TransactionAspectSupport.invokeWithinTransaction(TransactionAspectSupport.java:388) ~[spring-tx-5.3.27.jar:5.3.27]
	at org.springframework.transaction.interceptor.TransactionInterceptor.invoke(TransactionInterceptor.java:119) ~[spring-tx-5.3.27.jar:5.3.27]
	at org.springframework.aop.framework.ReflectiveMethodInvocation.proceed(ReflectiveMethodInvocation.java:186) ~[spring-aop-5.3.27.jar:5.3.27]
	at org.springframework.aop.framework.CglibAopProxy$CglibMethodInvocation.proceed(CglibAopProxy.java:763) ~[spring-aop-5.3.27.jar:5.3.27]
	at org.springframework.aop.framework.CglibAopProxy$DynamicAdvisedInterceptor.intercept(CglibAopProxy.java:708) ~[spring-aop-5.3.27.jar:5.3.27]
	at com.hmall.pay.service.impl.PayOrderServiceImpl$$EnhancerBySpringCGLIB$$8861126f.tryPayOrderByBalance(<generated>) ~[classes/:na]
	at com.hmall.pay.controller.PayController.tryPayOrderByBalance(PayController.java:37) ~[classes/:na]
	at java.base/jdk.internal.reflect.NativeMethodAccessorImpl.invoke0(Native Method) ~[na:na]
	at java.base/jdk.internal.reflect.NativeMethodAccessorImpl.invoke(NativeMethodAccessorImpl.java:62) ~[na:na]
	at java.base/jdk.internal.reflect.DelegatingMethodAccessorImpl.invoke(DelegatingMethodAccessorImpl.java:43) ~[na:na]
	at java.base/java.lang.reflect.Method.invoke(Method.java:566) ~[na:na]
	at org.springframework.web.method.support.InvocableHandlerMethod.doInvoke(InvocableHandlerMethod.java:205) ~[spring-web-5.3.27.jar:5.3.27]
	at org.springframework.web.method.support.InvocableHandlerMethod.invokeForRequest(InvocableHandlerMethod.java:150) ~[spring-web-5.3.27.jar:5.3.27]
	at org.springframework.web.servlet.mvc.method.annotation.ServletInvocableHandlerMethod.invokeAndHandle(ServletInvocableHandlerMethod.java:117) ~[spring-webmvc-5.3.27.jar:5.3.27]
	at org.springframework.web.servlet.mvc.method.annotation.RequestMappingHandlerAdapter.invokeHandlerMethod(RequestMappingHandlerAdapter.java:895) ~[spring-webmvc-5.3.27.jar:5.3.27]
	at org.springframework.web.servlet.mvc.method.annotation.RequestMappingHandlerAdapter.handleInternal(RequestMappingHandlerAdapter.java:808) ~[spring-webmvc-5.3.27.jar:5.3.27]
	at org.springframework.web.servlet.mvc.method.AbstractHandlerMethodAdapter.handle(AbstractHandlerMethodAdapter.java:87) ~[spring-webmvc-5.3.27.jar:5.3.27]
	at org.springframework.web.servlet.DispatcherServlet.doDispatch(DispatcherServlet.java:1072) ~[spring-webmvc-5.3.27.jar:5.3.27]
	at org.springframework.web.servlet.DispatcherServlet.doService(DispatcherServlet.java:965) ~[spring-webmvc-5.3.27.jar:5.3.27]
	at org.springframework.web.servlet.FrameworkServlet.processRequest(FrameworkServlet.java:1006) ~[spring-webmvc-5.3.27.jar:5.3.27]
	at org.springframework.web.servlet.FrameworkServlet.doPost(FrameworkServlet.java:909) ~[spring-webmvc-5.3.27.jar:5.3.27]
	at javax.servlet.http.HttpServlet.service(HttpServlet.java:555) ~[tomcat-embed-core-9.0.75.jar:4.0.FR]
	at org.springframework.web.servlet.FrameworkServlet.service(FrameworkServlet.java:883) ~[spring-webmvc-5.3.27.jar:5.3.27]
	at javax.servlet.http.HttpServlet.service(HttpServlet.java:623) ~[tomcat-embed-core-9.0.75.jar:4.0.FR]
	at org.apache.catalina.core.ApplicationFilterChain.internalDoFilter(ApplicationFilterChain.java:209) ~[tomcat-embed-core-9.0.75.jar:9.0.75]
	at org.apache.catalina.core.ApplicationFilterChain.doFilter(ApplicationFilterChain.java:153) ~[tomcat-embed-core-9.0.75.jar:9.0.75]
	at org.apache.tomcat.websocket.server.WsFilter.doFilter(WsFilter.java:51) ~[tomcat-embed-websocket-9.0.75.jar:9.0.75]
	at org.apache.catalina.core.ApplicationFilterChain.internalDoFilter(ApplicationFilterChain.java:178) ~[tomcat-embed-core-9.0.75.jar:9.0.75]
	at org.apache.catalina.core.ApplicationFilterChain.doFilter(ApplicationFilterChain.java:153) ~[tomcat-embed-core-9.0.75.jar:9.0.75]
	at org.springframework.web.filter.RequestContextFilter.doFilterInternal(RequestContextFilter.java:100) ~[spring-web-5.3.27.jar:5.3.27]
	at org.springframework.web.filter.OncePerRequestFilter.doFilter(OncePerRequestFilter.java:117) ~[spring-web-5.3.27.jar:5.3.27]
	at org.apache.catalina.core.ApplicationFilterChain.internalDoFilter(ApplicationFilterChain.java:178) ~[tomcat-embed-core-9.0.75.jar:9.0.75]
	at org.apache.catalina.core.ApplicationFilterChain.doFilter(ApplicationFilterChain.java:153) ~[tomcat-embed-core-9.0.75.jar:9.0.75]
	at org.springframework.web.filter.FormContentFilter.doFilterInternal(FormContentFilter.java:93) ~[spring-web-5.3.27.jar:5.3.27]
	at org.springframework.web.filter.OncePerRequestFilter.doFilter(OncePerRequestFilter.java:117) ~[spring-web-5.3.27.jar:5.3.27]
	at org.apache.catalina.core.ApplicationFilterChain.internalDoFilter(ApplicationFilterChain.java:178) ~[tomcat-embed-core-9.0.75.jar:9.0.75]
	at org.apache.catalina.core.ApplicationFilterChain.doFilter(ApplicationFilterChain.java:153) ~[tomcat-embed-core-9.0.75.jar:9.0.75]
	at org.springframework.web.filter.CharacterEncodingFilter.doFilterInternal(CharacterEncodingFilter.java:201) ~[spring-web-5.3.27.jar:5.3.27]
	at org.springframework.web.filter.OncePerRequestFilter.doFilter(OncePerRequestFilter.java:117) ~[spring-web-5.3.27.jar:5.3.27]
	at org.apache.catalina.core.ApplicationFilterChain.internalDoFilter(ApplicationFilterChain.java:178) ~[tomcat-embed-core-9.0.75.jar:9.0.75]
	at org.apache.catalina.core.ApplicationFilterChain.doFilter(ApplicationFilterChain.java:153) ~[tomcat-embed-core-9.0.75.jar:9.0.75]
	at org.apache.catalina.core.StandardWrapperValve.invoke(StandardWrapperValve.java:167) ~[tomcat-embed-core-9.0.75.jar:9.0.75]
	at org.apache.catalina.core.StandardContextValve.invoke(StandardContextValve.java:90) ~[tomcat-embed-core-9.0.75.jar:9.0.75]
	at org.apache.catalina.authenticator.AuthenticatorBase.invoke(AuthenticatorBase.java:481) ~[tomcat-embed-core-9.0.75.jar:9.0.75]
	at org.apache.catalina.core.StandardHostValve.invoke(StandardHostValve.java:130) ~[tomcat-embed-core-9.0.75.jar:9.0.75]
	at org.apache.catalina.valves.ErrorReportValve.invoke(ErrorReportValve.java:93) ~[tomcat-embed-core-9.0.75.jar:9.0.75]
	at org.apache.catalina.core.StandardEngineValve.invoke(StandardEngineValve.java:74) ~[tomcat-embed-core-9.0.75.jar:9.0.75]
	at org.apache.catalina.connector.CoyoteAdapter.service(CoyoteAdapter.java:343) ~[tomcat-embed-core-9.0.75.jar:9.0.75]
	at org.apache.coyote.http11.Http11Processor.service(Http11Processor.java:390) ~[tomcat-embed-core-9.0.75.jar:9.0.75]
	at org.apache.coyote.AbstractProcessorLight.process(AbstractProcessorLight.java:63) ~[tomcat-embed-core-9.0.75.jar:9.0.75]
	at org.apache.coyote.AbstractProtocol$ConnectionHandler.process(AbstractProtocol.java:926) ~[tomcat-embed-core-9.0.75.jar:9.0.75]
	at org.apache.tomcat.util.net.NioEndpoint$SocketProcessor.doRun(NioEndpoint.java:1791) ~[tomcat-embed-core-9.0.75.jar:9.0.75]
	at org.apache.tomcat.util.net.SocketProcessorBase.run(SocketProcessorBase.java:52) ~[tomcat-embed-core-9.0.75.jar:9.0.75]
	at org.apache.tomcat.util.threads.ThreadPoolExecutor.runWorker(ThreadPoolExecutor.java:1191) ~[tomcat-embed-core-9.0.75.jar:9.0.75]
	at org.apache.tomcat.util.threads.ThreadPoolExecutor$Worker.run(ThreadPoolExecutor.java:659) ~[tomcat-embed-core-9.0.75.jar:9.0.75]
	at org.apache.tomcat.util.threads.TaskThread$WrappingRunnable.run(TaskThread.java:61) ~[tomcat-embed-core-9.0.75.jar:9.0.75]
	at java.base/java.lang.Thread.run(Thread.java:829) ~[na:na]

10:15:47:898  WARN 16964 --- [Thread-4] c.a.nacos.common.notify.NotifyCenter     : [NotifyCenter] Start destroying Publisher
10:15:47:898  WARN 16964 --- [Thread-7] c.a.n.common.http.HttpClientBeanHolder   : [HttpClientBeanHolder] Start destroying common HttpClient
10:15:47:898  WARN 16964 --- [Thread-4] c.a.nacos.common.notify.NotifyCenter     : [NotifyCenter] Destruction of the end
10:15:47:899  WARN 16964 --- [Thread-7] c.a.n.common.http.HttpClientBeanHolder   : [HttpClientBeanHolder] Destruction of the end
10:15:48:105  INFO 16964 --- [SpringApplicationShutdownHook] c.a.c.n.registry.NacosServiceRegistry    : De-registering from Nacos Server now...
10:15:48:114  INFO 16964 --- [SpringApplicationShutdownHook] c.a.c.n.registry.NacosServiceRegistry    : De-registration finished.
10:15:48:442  INFO 16964 --- [SpringApplicationShutdownHook] com.alibaba.nacos.common.remote.client   : Shutdown rpc client, set status to shutdown
10:15:48:442  INFO 16964 --- [SpringApplicationShutdownHook] com.alibaba.nacos.common.remote.client   : Shutdown client event executor java.util.concurrent.ScheduledThreadPoolExecutor@627707d8[Running, pool size = 2, active threads = 2, queued tasks = 0, completed tasks = 0]
10:15:48:442  INFO 16964 --- [SpringApplicationShutdownHook] com.alibaba.nacos.common.remote.client   : Close current connection 1784340445166_172.18.0.1_56432
10:15:48:448  INFO 16964 --- [nacos-grpc-client-executor-125] c.a.n.c.remote.client.grpc.GrpcClient    : [1784340445166_172.18.0.1_56432]Ignore complete event,isRunning:false,isAbandon=false
10:15:48:450  INFO 16964 --- [SpringApplicationShutdownHook] c.a.n.c.remote.client.grpc.GrpcClient    : Shutdown grpc executor java.util.concurrent.ThreadPoolExecutor@b920663[Running, pool size = 4, active threads = 0, queued tasks = 0, completed tasks = 126]
10:15:48:453  INFO 16964 --- [SpringApplicationShutdownHook] com.zaxxer.hikari.HikariDataSource       : HikariPool-1 - Shutdown initiated...
10:15:48:466  INFO 16964 --- [SpringApplicationShutdownHook] com.zaxxer.hikari.HikariDataSource       : HikariPool-1 - Shutdown completed.
10:15:50:886  INFO 27964 --- [main] com.hmall.pay.PayApplication             : Starting PayApplication using Java 11.0.31 on mugen with PID 27964 (D:\AAA_Web\IdeaProjects\hmall\pay-service\target\classes started by mugen in D:\AAA_Web\IdeaProjects\hmall)
10:15:50:888 DEBUG 27964 --- [main] com.hmall.pay.PayApplication             : Running with Spring Boot v2.7.12, Spring v5.3.27
10:15:50:888  INFO 27964 --- [main] com.hmall.pay.PayApplication             : The following 1 profile is active: "dev"
10:15:51:419  INFO 27964 --- [main] .s.d.r.c.RepositoryConfigurationDelegate : Multiple Spring Data modules found, entering strict repository configuration mode
10:15:51:420  INFO 27964 --- [main] .s.d.r.c.RepositoryConfigurationDelegate : Bootstrapping Spring Data Redis repositories in DEFAULT mode.
10:15:51:431  INFO 27964 --- [main] .s.d.r.c.RepositoryConfigurationDelegate : Finished Spring Data repository scanning in 3 ms. Found 0 Redis repository interfaces.
10:15:51:560  INFO 27964 --- [main] o.s.cloud.context.scope.GenericScope     : BeanFactory id=89ac635c-935b-304b-9fd5-8516617d102e
10:15:51:762  INFO 27964 --- [main] o.s.b.w.embedded.tomcat.TomcatWebServer  : Tomcat initialized with port(s): 8086 (http)
10:15:51:766  INFO 27964 --- [main] o.apache.catalina.core.StandardService   : Starting service [Tomcat]
10:15:51:768  INFO 27964 --- [main] org.apache.catalina.core.StandardEngine  : Starting Servlet engine: [Apache Tomcat/9.0.75]
10:15:51:855  INFO 27964 --- [main] o.a.c.c.C.[Tomcat].[localhost].[/]       : Initializing Spring embedded WebApplicationContext
10:15:51:855  INFO 27964 --- [main] w.s.c.ServletWebServerApplicationContext : Root WebApplicationContext: initialization completed in 940 ms
10:15:51:972  INFO 27964 --- [main] o.s.c.openfeign.FeignClientFactoryBean   : For 'user-service' URL not provided. Will try picking an instance via load-balancing.
10:15:52:130  INFO 27964 --- [main] o.s.c.openfeign.FeignClientFactoryBean   : For 'trade-service' URL not provided. Will try picking an instance via load-balancing.
10:15:53:463  INFO 27964 --- [main] pertySourcedRequestMappingHandlerMapping : Mapped URL path [/v2/api-docs] onto method [springfox.documentation.swagger2.web.Swagger2ControllerWebMvc#getDocumentation(String, HttpServletRequest)]
10:15:54:221  INFO 27964 --- [main] com.alibaba.nacos.common.remote.client   : [RpcClientFactory] create a new rpc client of ad007046-d796-43ba-8579-238b8cb996a8
10:15:54:257  INFO 27964 --- [main] org.reflections.Reflections              : Reflections took 17 ms to scan 1 urls, producing 3 keys and 6 values 
10:15:54:278  INFO 27964 --- [main] org.reflections.Reflections              : Reflections took 6 ms to scan 1 urls, producing 4 keys and 9 values 
10:15:54:285  INFO 27964 --- [main] org.reflections.Reflections              : Reflections took 5 ms to scan 1 urls, producing 3 keys and 10 values 
10:15:54:287  WARN 27964 --- [main] org.reflections.Reflections              : given scan urls are empty. set urls in the configuration
10:15:54:293  INFO 27964 --- [main] org.reflections.Reflections              : Reflections took 4 ms to scan 1 urls, producing 1 keys and 5 values 
10:15:54:300  INFO 27964 --- [main] org.reflections.Reflections              : Reflections took 5 ms to scan 1 urls, producing 1 keys and 7 values 
10:15:54:308  INFO 27964 --- [main] org.reflections.Reflections              : Reflections took 5 ms to scan 1 urls, producing 2 keys and 8 values 
10:15:54:309  WARN 27964 --- [main] org.reflections.Reflections              : given scan urls are empty. set urls in the configuration
10:15:54:310  INFO 27964 --- [main] com.alibaba.nacos.common.remote.client   : [ad007046-d796-43ba-8579-238b8cb996a8] RpcClient init label, labels = {module=naming, source=sdk}
10:15:54:312  INFO 27964 --- [main] com.alibaba.nacos.common.remote.client   : [ad007046-d796-43ba-8579-238b8cb996a8] RpcClient init, ServerListFactory = com.alibaba.nacos.client.naming.core.ServerListManager
10:15:54:312  INFO 27964 --- [main] com.alibaba.nacos.common.remote.client   : [ad007046-d796-43ba-8579-238b8cb996a8] Registry connection listener to current client:com.alibaba.nacos.client.naming.remote.gprc.redo.NamingGrpcRedoService
10:15:54:313  INFO 27964 --- [main] com.alibaba.nacos.common.remote.client   : [ad007046-d796-43ba-8579-238b8cb996a8] Register server push request handler:com.alibaba.nacos.client.naming.remote.gprc.NamingPushRequestHandler
10:15:54:314  INFO 27964 --- [main] com.alibaba.nacos.common.remote.client   : [ad007046-d796-43ba-8579-238b8cb996a8] Try to connect to server on start up, server: {serverIp = 'localhost', server main port = 8848}
10:15:55:743  INFO 27964 --- [main] com.alibaba.nacos.common.remote.client   : [ad007046-d796-43ba-8579-238b8cb996a8] Success to connect to server [localhost:8848] on start up, connectionId = 1784340955566_172.18.0.1_33762
10:15:55:743  INFO 27964 --- [com.alibaba.nacos.client.remote.worker] com.alibaba.nacos.common.remote.client   : [ad007046-d796-43ba-8579-238b8cb996a8] Notify connected event to listeners.
10:15:55:744  INFO 27964 --- [main] com.alibaba.nacos.common.remote.client   : [ad007046-d796-43ba-8579-238b8cb996a8] Register server push request handler:com.alibaba.nacos.common.remote.client.RpcClient$ConnectResetRequestHandler
10:15:55:745  INFO 27964 --- [main] com.alibaba.nacos.common.remote.client   : [ad007046-d796-43ba-8579-238b8cb996a8] Register server push request handler:com.alibaba.nacos.common.remote.client.RpcClient$$Lambda$1137/0x000000084072c440
10:15:55:804  INFO 27964 --- [main] o.s.b.w.embedded.tomcat.TomcatWebServer  : Tomcat started on port(s): 8086 (http) with context path ''
10:15:55:815  INFO 27964 --- [main] c.a.c.n.registry.NacosServiceRegistry    : nacos registry, DEFAULT_GROUP pay-service 192.168.138.1:8086 register finished
10:15:56:149  INFO 27964 --- [main] d.s.w.p.DocumentationPluginsBootstrapper : Documentation plugins bootstrapped
10:15:56:151  INFO 27964 --- [main] d.s.w.p.DocumentationPluginsBootstrapper : Found 1 custom documentation plugin(s)
10:15:56:165  INFO 27964 --- [main] s.d.s.w.s.ApiListingReferenceScanner     : Scanning for api listing references
10:15:56:229  INFO 27964 --- [main] com.hmall.pay.PayApplication             : Started PayApplication in 5.971 seconds (JVM running for 6.628)
10:15:56:361  INFO 27964 --- [nacos-grpc-client-executor-9] com.alibaba.nacos.common.remote.client   : [ad007046-d796-43ba-8579-238b8cb996a8] Receive server push request, request = NotifySubscriberRequest, requestId = 62
10:15:56:377  INFO 27964 --- [nacos-grpc-client-executor-9] com.alibaba.nacos.common.remote.client   : [ad007046-d796-43ba-8579-238b8cb996a8] Ack server push request, request = NotifySubscriberRequest, requestId = 62
10:16:40:312  INFO 27964 --- [http-nio-8086-exec-1] o.a.c.c.C.[Tomcat].[localhost].[/]       : Initializing Spring DispatcherServlet 'dispatcherServlet'
10:16:40:312  INFO 27964 --- [http-nio-8086-exec-1] o.s.web.servlet.DispatcherServlet        : Initializing Servlet 'dispatcherServlet'
10:16:40:313  INFO 27964 --- [http-nio-8086-exec-1] o.s.web.servlet.DispatcherServlet        : Completed initialization in 1 ms
10:16:40:348  INFO 27964 --- [http-nio-8086-exec-1] com.zaxxer.hikari.HikariDataSource       : HikariPool-1 - Starting...
10:16:40:516  INFO 27964 --- [http-nio-8086-exec-1] com.zaxxer.hikari.HikariDataSource       : HikariPool-1 - Start completed.
10:16:40:535 DEBUG 27964 --- [http-nio-8086-exec-1] c.h.p.mapper.PayOrderMapper.selectById   : ==>  Preparing: SELECT id,biz_order_no,pay_order_no,biz_user_id,pay_channel_code,amount,pay_type,status,expand_json,result_code,result_msg,pay_success_time,pay_over_time,qr_code_url,create_time,update_time,creater,updater,is_delete FROM pay_order WHERE id=?
10:16:40:547 DEBUG 27964 --- [http-nio-8086-exec-1] c.h.p.mapper.PayOrderMapper.selectById   : ==> Parameters: 2078300684297445379(Long)
10:16:40:562 DEBUG 27964 --- [http-nio-8086-exec-1] c.h.p.mapper.PayOrderMapper.selectById   : <==      Total: 1
10:16:40:567 DEBUG 27964 --- [http-nio-8086-exec-1] com.hmall.api.client.UserClient          : [UserClient#deductMoney] ---> PUT http://user-service/users/money/deduct?pw=123&amount=224900 HTTP/1.1
10:16:40:567 DEBUG 27964 --- [http-nio-8086-exec-1] com.hmall.api.client.UserClient          : [UserClient#deductMoney] user-info: 1
10:16:40:567 DEBUG 27964 --- [http-nio-8086-exec-1] com.hmall.api.client.UserClient          : [UserClient#deductMoney] ---> END HTTP (0-byte body)
10:16:40:969 DEBUG 27964 --- [http-nio-8086-exec-1] com.hmall.api.client.UserClient          : [UserClient#deductMoney] <--- HTTP/1.1 200  (401ms)
10:16:40:969 DEBUG 27964 --- [http-nio-8086-exec-1] com.hmall.api.client.UserClient          : [UserClient#deductMoney] connection: keep-alive
10:16:40:969 DEBUG 27964 --- [http-nio-8086-exec-1] com.hmall.api.client.UserClient          : [UserClient#deductMoney] content-length: 0
10:16:40:969 DEBUG 27964 --- [http-nio-8086-exec-1] com.hmall.api.client.UserClient          : [UserClient#deductMoney] date: Sat, 18 Jul 2026 02:16:40 GMT
10:16:40:969 DEBUG 27964 --- [http-nio-8086-exec-1] com.hmall.api.client.UserClient          : [UserClient#deductMoney] keep-alive: timeout=60
10:16:40:969 DEBUG 27964 --- [http-nio-8086-exec-1] com.hmall.api.client.UserClient          : [UserClient#deductMoney] <--- END HTTP (0-byte body)
10:16:40:992 DEBUG 27964 --- [http-nio-8086-exec-1] c.h.pay.mapper.PayOrderMapper.update     : ==>  Preparing: UPDATE pay_order SET status=?,pay_success_time=? WHERE (id = ? AND status IN (?,?))
10:16:40:995 DEBUG 27964 --- [http-nio-8086-exec-1] c.h.pay.mapper.PayOrderMapper.update     : ==> Parameters: 3(Integer), 2026-07-18T10:16:40.969414(LocalDateTime), 2078300684297445379(Long), 0(Integer), 1(Integer)
10:16:40:997 DEBUG 27964 --- [http-nio-8086-exec-1] c.h.pay.mapper.PayOrderMapper.update     : <==    Updates: 1
10:16:41:006 DEBUG 27964 --- [http-nio-8086-exec-1] com.hmall.api.client.OrderClient         : [OrderClient#updateById] ---> POST http://trade-service/order/updateStatus HTTP/1.1
10:16:41:006 DEBUG 27964 --- [http-nio-8086-exec-1] com.hmall.api.client.OrderClient         : [OrderClient#updateById] Content-Length: 234
10:16:41:006 DEBUG 27964 --- [http-nio-8086-exec-1] com.hmall.api.client.OrderClient         : [OrderClient#updateById] Content-Type: application/json
10:16:41:006 DEBUG 27964 --- [http-nio-8086-exec-1] com.hmall.api.client.OrderClient         : [OrderClient#updateById] user-info: 1
10:16:41:006 DEBUG 27964 --- [http-nio-8086-exec-1] com.hmall.api.client.OrderClient         : [OrderClient#updateById] 
10:16:41:006 DEBUG 27964 --- [http-nio-8086-exec-1] com.hmall.api.client.OrderClient         : [OrderClient#updateById] {"id":"2078300683160834049","totalFee":null,"paymentType":null,"userId":null,"status":2,"createTime":null,"payTime":"2026-07-18T10:16:40.9981658","consignTime":null,"endTime":null,"closeTime":null,"commentTime":null,"updateTime":null}
10:16:41:006 DEBUG 27964 --- [http-nio-8086-exec-1] com.hmall.api.client.OrderClient         : [OrderClient#updateById] ---> END HTTP (234-byte body)
10:16:41:044 DEBUG 27964 --- [http-nio-8086-exec-1] com.hmall.api.client.OrderClient         : [OrderClient#updateById] <--- HTTP/1.1 404  (37ms)
10:16:41:044 DEBUG 27964 --- [http-nio-8086-exec-1] com.hmall.api.client.OrderClient         : [OrderClient#updateById] connection: keep-alive
10:16:41:044 DEBUG 27964 --- [http-nio-8086-exec-1] com.hmall.api.client.OrderClient         : [OrderClient#updateById] content-type: application/json
10:16:41:044 DEBUG 27964 --- [http-nio-8086-exec-1] com.hmall.api.client.OrderClient         : [OrderClient#updateById] date: Sat, 18 Jul 2026 02:16:41 GMT
10:16:41:044 DEBUG 27964 --- [http-nio-8086-exec-1] com.hmall.api.client.OrderClient         : [OrderClient#updateById] keep-alive: timeout=60
10:16:41:044 DEBUG 27964 --- [http-nio-8086-exec-1] com.hmall.api.client.OrderClient         : [OrderClient#updateById] transfer-encoding: chunked
10:16:41:044 DEBUG 27964 --- [http-nio-8086-exec-1] com.hmall.api.client.OrderClient         : [OrderClient#updateById] vary: Origin
10:16:41:044 DEBUG 27964 --- [http-nio-8086-exec-1] com.hmall.api.client.OrderClient         : [OrderClient#updateById] vary: Access-Control-Request-Method
10:16:41:044 DEBUG 27964 --- [http-nio-8086-exec-1] com.hmall.api.client.OrderClient         : [OrderClient#updateById] vary: Access-Control-Request-Headers
10:16:41:044 DEBUG 27964 --- [http-nio-8086-exec-1] com.hmall.api.client.OrderClient         : [OrderClient#updateById] 
10:16:41:044 DEBUG 27964 --- [http-nio-8086-exec-1] com.hmall.api.client.OrderClient         : [OrderClient#updateById] {"timestamp":"2026-07-18T02:16:41.038+00:00","status":404,"error":"Not Found","path":"/order/updateStatus"}
10:16:41:044 DEBUG 27964 --- [http-nio-8086-exec-1] com.hmall.api.client.OrderClient         : [OrderClient#updateById] <--- END HTTP (107-byte body)
10:16:41:054 ERROR 27964 --- [http-nio-8086-exec-1] c.h.common.advice.CommonExceptionAdvice  : 其他异常 uri : /pay-orders/2078300684297445379 -> 

feign.FeignException$NotFound: [404 ] during [POST] to [http://trade-service/order/updateStatus] [OrderClient#updateById(Order)]: [{"timestamp":"2026-07-18T02:16:41.038+00:00","status":404,"error":"Not Found","path":"/order/updateStatus"}]
	at feign.FeignException.clientErrorStatus(FeignException.java:219) ~[feign-core-11.8.jar:na]
	at feign.FeignException.errorStatus(FeignException.java:194) ~[feign-core-11.8.jar:na]
	at feign.FeignException.errorStatus(FeignException.java:185) ~[feign-core-11.8.jar:na]
	at feign.codec.ErrorDecoder$Default.decode(ErrorDecoder.java:92) ~[feign-core-11.8.jar:na]
	at feign.AsyncResponseHandler.handleResponse(AsyncResponseHandler.java:96) ~[feign-core-11.8.jar:na]
	at feign.SynchronousMethodHandler.executeAndDecode(SynchronousMethodHandler.java:138) ~[feign-core-11.8.jar:na]
	at feign.SynchronousMethodHandler.invoke(SynchronousMethodHandler.java:89) ~[feign-core-11.8.jar:na]
	at feign.ReflectiveFeign$FeignInvocationHandler.invoke(ReflectiveFeign.java:100) ~[feign-core-11.8.jar:na]
	at com.sun.proxy.$Proxy114.updateById(Unknown Source) ~[na:na]
	at com.hmall.pay.service.impl.PayOrderServiceImpl.tryPayOrderByBalance(PayOrderServiceImpl.java:72) ~[classes/:na]
	at com.hmall.pay.service.impl.PayOrderServiceImpl$$FastClassBySpringCGLIB$$b2062e7f.invoke(<generated>) ~[classes/:na]
	at org.springframework.cglib.proxy.MethodProxy.invoke(MethodProxy.java:218) ~[spring-core-5.3.27.jar:5.3.27]
	at org.springframework.aop.framework.CglibAopProxy$CglibMethodInvocation.invokeJoinpoint(CglibAopProxy.java:793) ~[spring-aop-5.3.27.jar:5.3.27]
	at org.springframework.aop.framework.ReflectiveMethodInvocation.proceed(ReflectiveMethodInvocation.java:163) ~[spring-aop-5.3.27.jar:5.3.27]
	at org.springframework.aop.framework.CglibAopProxy$CglibMethodInvocation.proceed(CglibAopProxy.java:763) ~[spring-aop-5.3.27.jar:5.3.27]
	at org.springframework.transaction.interceptor.TransactionInterceptor$1.proceedWithInvocation(TransactionInterceptor.java:123) ~[spring-tx-5.3.27.jar:5.3.27]
	at org.springframework.transaction.interceptor.TransactionAspectSupport.invokeWithinTransaction(TransactionAspectSupport.java:388) ~[spring-tx-5.3.27.jar:5.3.27]
	at org.springframework.transaction.interceptor.TransactionInterceptor.invoke(TransactionInterceptor.java:119) ~[spring-tx-5.3.27.jar:5.3.27]
	at org.springframework.aop.framework.ReflectiveMethodInvocation.proceed(ReflectiveMethodInvocation.java:186) ~[spring-aop-5.3.27.jar:5.3.27]
	at org.springframework.aop.framework.CglibAopProxy$CglibMethodInvocation.proceed(CglibAopProxy.java:763) ~[spring-aop-5.3.27.jar:5.3.27]
	at org.springframework.aop.framework.CglibAopProxy$DynamicAdvisedInterceptor.intercept(CglibAopProxy.java:708) ~[spring-aop-5.3.27.jar:5.3.27]
	at com.hmall.pay.service.impl.PayOrderServiceImpl$$EnhancerBySpringCGLIB$$96e691b6.tryPayOrderByBalance(<generated>) ~[classes/:na]
	at com.hmall.pay.controller.PayController.tryPayOrderByBalance(PayController.java:37) ~[classes/:na]
	at java.base/jdk.internal.reflect.NativeMethodAccessorImpl.invoke0(Native Method) ~[na:na]
	at java.base/jdk.internal.reflect.NativeMethodAccessorImpl.invoke(NativeMethodAccessorImpl.java:62) ~[na:na]
	at java.base/jdk.internal.reflect.DelegatingMethodAccessorImpl.invoke(DelegatingMethodAccessorImpl.java:43) ~[na:na]
	at java.base/java.lang.reflect.Method.invoke(Method.java:566) ~[na:na]
	at org.springframework.web.method.support.InvocableHandlerMethod.doInvoke(InvocableHandlerMethod.java:205) ~[spring-web-5.3.27.jar:5.3.27]
	at org.springframework.web.method.support.InvocableHandlerMethod.invokeForRequest(InvocableHandlerMethod.java:150) ~[spring-web-5.3.27.jar:5.3.27]
	at org.springframework.web.servlet.mvc.method.annotation.ServletInvocableHandlerMethod.invokeAndHandle(ServletInvocableHandlerMethod.java:117) ~[spring-webmvc-5.3.27.jar:5.3.27]
	at org.springframework.web.servlet.mvc.method.annotation.RequestMappingHandlerAdapter.invokeHandlerMethod(RequestMappingHandlerAdapter.java:895) ~[spring-webmvc-5.3.27.jar:5.3.27]
	at org.springframework.web.servlet.mvc.method.annotation.RequestMappingHandlerAdapter.handleInternal(RequestMappingHandlerAdapter.java:808) ~[spring-webmvc-5.3.27.jar:5.3.27]
	at org.springframework.web.servlet.mvc.method.AbstractHandlerMethodAdapter.handle(AbstractHandlerMethodAdapter.java:87) ~[spring-webmvc-5.3.27.jar:5.3.27]
	at org.springframework.web.servlet.DispatcherServlet.doDispatch(DispatcherServlet.java:1072) ~[spring-webmvc-5.3.27.jar:5.3.27]
	at org.springframework.web.servlet.DispatcherServlet.doService(DispatcherServlet.java:965) ~[spring-webmvc-5.3.27.jar:5.3.27]
	at org.springframework.web.servlet.FrameworkServlet.processRequest(FrameworkServlet.java:1006) ~[spring-webmvc-5.3.27.jar:5.3.27]
	at org.springframework.web.servlet.FrameworkServlet.doPost(FrameworkServlet.java:909) ~[spring-webmvc-5.3.27.jar:5.3.27]
	at javax.servlet.http.HttpServlet.service(HttpServlet.java:555) ~[tomcat-embed-core-9.0.75.jar:4.0.FR]
	at org.springframework.web.servlet.FrameworkServlet.service(FrameworkServlet.java:883) ~[spring-webmvc-5.3.27.jar:5.3.27]
	at javax.servlet.http.HttpServlet.service(HttpServlet.java:623) ~[tomcat-embed-core-9.0.75.jar:4.0.FR]
	at org.apache.catalina.core.ApplicationFilterChain.internalDoFilter(ApplicationFilterChain.java:209) ~[tomcat-embed-core-9.0.75.jar:9.0.75]
	at org.apache.catalina.core.ApplicationFilterChain.doFilter(ApplicationFilterChain.java:153) ~[tomcat-embed-core-9.0.75.jar:9.0.75]
	at org.apache.tomcat.websocket.server.WsFilter.doFilter(WsFilter.java:51) ~[tomcat-embed-websocket-9.0.75.jar:9.0.75]
	at org.apache.catalina.core.ApplicationFilterChain.internalDoFilter(ApplicationFilterChain.java:178) ~[tomcat-embed-core-9.0.75.jar:9.0.75]
	at org.apache.catalina.core.ApplicationFilterChain.doFilter(ApplicationFilterChain.java:153) ~[tomcat-embed-core-9.0.75.jar:9.0.75]
	at org.springframework.web.filter.RequestContextFilter.doFilterInternal(RequestContextFilter.java:100) ~[spring-web-5.3.27.jar:5.3.27]
	at org.springframework.web.filter.OncePerRequestFilter.doFilter(OncePerRequestFilter.java:117) ~[spring-web-5.3.27.jar:5.3.27]
	at org.apache.catalina.core.ApplicationFilterChain.internalDoFilter(ApplicationFilterChain.java:178) ~[tomcat-embed-core-9.0.75.jar:9.0.75]
	at org.apache.catalina.core.ApplicationFilterChain.doFilter(ApplicationFilterChain.java:153) ~[tomcat-embed-core-9.0.75.jar:9.0.75]
	at org.springframework.web.filter.FormContentFilter.doFilterInternal(FormContentFilter.java:93) ~[spring-web-5.3.27.jar:5.3.27]
	at org.springframework.web.filter.OncePerRequestFilter.doFilter(OncePerRequestFilter.java:117) ~[spring-web-5.3.27.jar:5.3.27]
	at org.apache.catalina.core.ApplicationFilterChain.internalDoFilter(ApplicationFilterChain.java:178) ~[tomcat-embed-core-9.0.75.jar:9.0.75]
	at org.apache.catalina.core.ApplicationFilterChain.doFilter(ApplicationFilterChain.java:153) ~[tomcat-embed-core-9.0.75.jar:9.0.75]
	at org.springframework.web.filter.CharacterEncodingFilter.doFilterInternal(CharacterEncodingFilter.java:201) ~[spring-web-5.3.27.jar:5.3.27]
	at org.springframework.web.filter.OncePerRequestFilter.doFilter(OncePerRequestFilter.java:117) ~[spring-web-5.3.27.jar:5.3.27]
	at org.apache.catalina.core.ApplicationFilterChain.internalDoFilter(ApplicationFilterChain.java:178) ~[tomcat-embed-core-9.0.75.jar:9.0.75]
	at org.apache.catalina.core.ApplicationFilterChain.doFilter(ApplicationFilterChain.java:153) ~[tomcat-embed-core-9.0.75.jar:9.0.75]
	at org.apache.catalina.core.StandardWrapperValve.invoke(StandardWrapperValve.java:167) ~[tomcat-embed-core-9.0.75.jar:9.0.75]
	at org.apache.catalina.core.StandardContextValve.invoke(StandardContextValve.java:90) ~[tomcat-embed-core-9.0.75.jar:9.0.75]
	at org.apache.catalina.authenticator.AuthenticatorBase.invoke(AuthenticatorBase.java:481) ~[tomcat-embed-core-9.0.75.jar:9.0.75]
	at org.apache.catalina.core.StandardHostValve.invoke(StandardHostValve.java:130) ~[tomcat-embed-core-9.0.75.jar:9.0.75]
	at org.apache.catalina.valves.ErrorReportValve.invoke(ErrorReportValve.java:93) ~[tomcat-embed-core-9.0.75.jar:9.0.75]
	at org.apache.catalina.core.StandardEngineValve.invoke(StandardEngineValve.java:74) ~[tomcat-embed-core-9.0.75.jar:9.0.75]
	at org.apache.catalina.connector.CoyoteAdapter.service(CoyoteAdapter.java:343) ~[tomcat-embed-core-9.0.75.jar:9.0.75]
	at org.apache.coyote.http11.Http11Processor.service(Http11Processor.java:390) ~[tomcat-embed-core-9.0.75.jar:9.0.75]
	at org.apache.coyote.AbstractProcessorLight.process(AbstractProcessorLight.java:63) ~[tomcat-embed-core-9.0.75.jar:9.0.75]
	at org.apache.coyote.AbstractProtocol$ConnectionHandler.process(AbstractProtocol.java:926) ~[tomcat-embed-core-9.0.75.jar:9.0.75]
	at org.apache.tomcat.util.net.NioEndpoint$SocketProcessor.doRun(NioEndpoint.java:1791) ~[tomcat-embed-core-9.0.75.jar:9.0.75]
	at org.apache.tomcat.util.net.SocketProcessorBase.run(SocketProcessorBase.java:52) ~[tomcat-embed-core-9.0.75.jar:9.0.75]
	at org.apache.tomcat.util.threads.ThreadPoolExecutor.runWorker(ThreadPoolExecutor.java:1191) ~[tomcat-embed-core-9.0.75.jar:9.0.75]
	at org.apache.tomcat.util.threads.ThreadPoolExecutor$Worker.run(ThreadPoolExecutor.java:659) ~[tomcat-embed-core-9.0.75.jar:9.0.75]
	at org.apache.tomcat.util.threads.TaskThread$WrappingRunnable.run(TaskThread.java:61) ~[tomcat-embed-core-9.0.75.jar:9.0.75]
	at java.base/java.lang.Thread.run(Thread.java:829) ~[na:na]

10:16:41:150  INFO 27964 --- [nacos-grpc-client-executor-22] com.alibaba.nacos.common.remote.client   : [ad007046-d796-43ba-8579-238b8cb996a8] Receive server push request, request = NotifySubscriberRequest, requestId = 66
10:16:41:151  INFO 27964 --- [nacos-grpc-client-executor-22] com.alibaba.nacos.common.remote.client   : [ad007046-d796-43ba-8579-238b8cb996a8] Ack server push request, request = NotifySubscriberRequest, requestId = 66
10:16:41:549  INFO 27964 --- [nacos-grpc-client-executor-23] com.alibaba.nacos.common.remote.client   : [ad007046-d796-43ba-8579-238b8cb996a8] Receive server push request, request = NotifySubscriberRequest, requestId = 67
10:16:41:549  INFO 27964 --- [nacos-grpc-client-executor-23] com.alibaba.nacos.common.remote.client   : [ad007046-d796-43ba-8579-238b8cb996a8] Ack server push request, request = NotifySubscriberRequest, requestId = 67
10:22:26:040  WARN 27964 --- [Thread-4] c.a.nacos.common.notify.NotifyCenter     : [NotifyCenter] Start destroying Publisher
10:22:26:040  WARN 27964 --- [Thread-7] c.a.n.common.http.HttpClientBeanHolder   : [HttpClientBeanHolder] Start destroying common HttpClient
10:22:26:041  WARN 27964 --- [Thread-4] c.a.nacos.common.notify.NotifyCenter     : [NotifyCenter] Destruction of the end
10:22:26:041  WARN 27964 --- [Thread-7] c.a.n.common.http.HttpClientBeanHolder   : [HttpClientBeanHolder] Destruction of the end
10:22:26:403  INFO 27964 --- [SpringApplicationShutdownHook] c.a.c.n.registry.NacosServiceRegistry    : De-registering from Nacos Server now...
10:22:26:411  INFO 27964 --- [SpringApplicationShutdownHook] c.a.c.n.registry.NacosServiceRegistry    : De-registration finished.
10:22:26:745  INFO 27964 --- [SpringApplicationShutdownHook] com.alibaba.nacos.common.remote.client   : Shutdown rpc client, set status to shutdown
10:22:26:745  INFO 27964 --- [SpringApplicationShutdownHook] com.alibaba.nacos.common.remote.client   : Shutdown client event executor java.util.concurrent.ScheduledThreadPoolExecutor@1c46718e[Running, pool size = 2, active threads = 2, queued tasks = 0, completed tasks = 0]
10:22:26:745  INFO 27964 --- [SpringApplicationShutdownHook] com.alibaba.nacos.common.remote.client   : Close current connection 1784340955566_172.18.0.1_33762
10:22:26:750  INFO 27964 --- [SpringApplicationShutdownHook] c.a.n.c.remote.client.grpc.GrpcClient    : Shutdown grpc executor java.util.concurrent.ThreadPoolExecutor@6163908e[Running, pool size = 4, active threads = 0, queued tasks = 0, completed tasks = 108]
10:22:26:754  INFO 27964 --- [SpringApplicationShutdownHook] com.zaxxer.hikari.HikariDataSource       : HikariPool-1 - Shutdown initiated...
10:22:26:783  INFO 27964 --- [SpringApplicationShutdownHook] com.zaxxer.hikari.HikariDataSource       : HikariPool-1 - Shutdown completed.
10:22:37:037  INFO 21384 --- [main] com.hmall.pay.PayApplication             : Starting PayApplication using Java 11.0.31 on mugen with PID 21384 (D:\AAA_Web\IdeaProjects\hmall\pay-service\target\classes started by mugen in D:\AAA_Web\IdeaProjects\hmall)
10:22:37:038 DEBUG 21384 --- [main] com.hmall.pay.PayApplication             : Running with Spring Boot v2.7.12, Spring v5.3.27
10:22:37:038  INFO 21384 --- [main] com.hmall.pay.PayApplication             : The following 1 profile is active: "dev"
10:22:37:587  INFO 21384 --- [main] .s.d.r.c.RepositoryConfigurationDelegate : Multiple Spring Data modules found, entering strict repository configuration mode
10:22:37:588  INFO 21384 --- [main] .s.d.r.c.RepositoryConfigurationDelegate : Bootstrapping Spring Data Redis repositories in DEFAULT mode.
10:22:37:605  INFO 21384 --- [main] .s.d.r.c.RepositoryConfigurationDelegate : Finished Spring Data repository scanning in 5 ms. Found 0 Redis repository interfaces.
10:22:37:732  INFO 21384 --- [main] o.s.cloud.context.scope.GenericScope     : BeanFactory id=89ac635c-935b-304b-9fd5-8516617d102e
10:22:37:959  INFO 21384 --- [main] o.s.b.w.embedded.tomcat.TomcatWebServer  : Tomcat initialized with port(s): 8086 (http)
10:22:37:968  INFO 21384 --- [main] o.apache.catalina.core.StandardService   : Starting service [Tomcat]
10:22:37:968  INFO 21384 --- [main] org.apache.catalina.core.StandardEngine  : Starting Servlet engine: [Apache Tomcat/9.0.75]
10:22:38:067  INFO 21384 --- [main] o.a.c.c.C.[Tomcat].[localhost].[/]       : Initializing Spring embedded WebApplicationContext
10:22:38:067  INFO 21384 --- [main] w.s.c.ServletWebServerApplicationContext : Root WebApplicationContext: initialization completed in 1004 ms
10:22:38:214  INFO 21384 --- [main] o.s.c.openfeign.FeignClientFactoryBean   : For 'user-service' URL not provided. Will try picking an instance via load-balancing.
10:22:38:358  INFO 21384 --- [main] o.s.c.openfeign.FeignClientFactoryBean   : For 'trade-service' URL not provided. Will try picking an instance via load-balancing.
10:22:39:800  INFO 21384 --- [main] pertySourcedRequestMappingHandlerMapping : Mapped URL path [/v2/api-docs] onto method [springfox.documentation.swagger2.web.Swagger2ControllerWebMvc#getDocumentation(String, HttpServletRequest)]
10:22:40:476  INFO 21384 --- [main] com.alibaba.nacos.common.remote.client   : [RpcClientFactory] create a new rpc client of d6b37d79-6ce6-4f72-8f0b-108a1b5fd598
10:22:40:507  INFO 21384 --- [main] org.reflections.Reflections              : Reflections took 16 ms to scan 1 urls, producing 3 keys and 6 values 
10:22:40:523  INFO 21384 --- [main] org.reflections.Reflections              : Reflections took 5 ms to scan 1 urls, producing 4 keys and 9 values 
10:22:40:531  INFO 21384 --- [main] org.reflections.Reflections              : Reflections took 5 ms to scan 1 urls, producing 3 keys and 10 values 
10:22:40:534  WARN 21384 --- [main] org.reflections.Reflections              : given scan urls are empty. set urls in the configuration
10:22:40:539  INFO 21384 --- [main] org.reflections.Reflections              : Reflections took 5 ms to scan 1 urls, producing 1 keys and 5 values 
10:22:40:545  INFO 21384 --- [main] org.reflections.Reflections              : Reflections took 5 ms to scan 1 urls, producing 1 keys and 7 values 
10:22:40:552  INFO 21384 --- [main] org.reflections.Reflections              : Reflections took 5 ms to scan 1 urls, producing 2 keys and 8 values 
10:22:40:554  WARN 21384 --- [main] org.reflections.Reflections              : given scan urls are empty. set urls in the configuration
10:22:40:555  INFO 21384 --- [main] com.alibaba.nacos.common.remote.client   : [d6b37d79-6ce6-4f72-8f0b-108a1b5fd598] RpcClient init label, labels = {module=naming, source=sdk}
10:22:40:557  INFO 21384 --- [main] com.alibaba.nacos.common.remote.client   : [d6b37d79-6ce6-4f72-8f0b-108a1b5fd598] RpcClient init, ServerListFactory = com.alibaba.nacos.client.naming.core.ServerListManager
10:22:40:557  INFO 21384 --- [main] com.alibaba.nacos.common.remote.client   : [d6b37d79-6ce6-4f72-8f0b-108a1b5fd598] Registry connection listener to current client:com.alibaba.nacos.client.naming.remote.gprc.redo.NamingGrpcRedoService
10:22:40:558  INFO 21384 --- [main] com.alibaba.nacos.common.remote.client   : [d6b37d79-6ce6-4f72-8f0b-108a1b5fd598] Register server push request handler:com.alibaba.nacos.client.naming.remote.gprc.NamingPushRequestHandler
10:22:40:558  INFO 21384 --- [main] com.alibaba.nacos.common.remote.client   : [d6b37d79-6ce6-4f72-8f0b-108a1b5fd598] Try to connect to server on start up, server: {serverIp = 'localhost', server main port = 8848}
10:22:42:217  INFO 21384 --- [main] com.alibaba.nacos.common.remote.client   : [d6b37d79-6ce6-4f72-8f0b-108a1b5fd598] Success to connect to server [localhost:8848] on start up, connectionId = 1784341362005_172.18.0.1_35550
10:22:42:218  INFO 21384 --- [com.alibaba.nacos.client.remote.worker] com.alibaba.nacos.common.remote.client   : [d6b37d79-6ce6-4f72-8f0b-108a1b5fd598] Notify connected event to listeners.
10:22:42:220  INFO 21384 --- [main] com.alibaba.nacos.common.remote.client   : [d6b37d79-6ce6-4f72-8f0b-108a1b5fd598] Register server push request handler:com.alibaba.nacos.common.remote.client.RpcClient$ConnectResetRequestHandler
10:22:42:220  INFO 21384 --- [main] com.alibaba.nacos.common.remote.client   : [d6b37d79-6ce6-4f72-8f0b-108a1b5fd598] Register server push request handler:com.alibaba.nacos.common.remote.client.RpcClient$$Lambda$1137/0x000000084072bc40
10:22:42:272  INFO 21384 --- [main] o.s.b.w.embedded.tomcat.TomcatWebServer  : Tomcat started on port(s): 8086 (http) with context path ''
10:22:42:281  INFO 21384 --- [main] c.a.c.n.registry.NacosServiceRegistry    : nacos registry, DEFAULT_GROUP pay-service 192.168.138.1:8086 register finished
10:22:42:689  INFO 21384 --- [main] d.s.w.p.DocumentationPluginsBootstrapper : Documentation plugins bootstrapped
10:22:42:691  INFO 21384 --- [main] d.s.w.p.DocumentationPluginsBootstrapper : Found 1 custom documentation plugin(s)
10:22:42:711  INFO 21384 --- [main] s.d.s.w.s.ApiListingReferenceScanner     : Scanning for api listing references
10:22:42:765  INFO 21384 --- [main] com.hmall.pay.PayApplication             : Started PayApplication in 6.439 seconds (JVM running for 7.46)
10:22:42:836  INFO 21384 --- [nacos-grpc-client-executor-8] com.alibaba.nacos.common.remote.client   : [d6b37d79-6ce6-4f72-8f0b-108a1b5fd598] Receive server push request, request = NotifySubscriberRequest, requestId = 68
10:22:42:852  INFO 21384 --- [nacos-grpc-client-executor-8] com.alibaba.nacos.common.remote.client   : [d6b37d79-6ce6-4f72-8f0b-108a1b5fd598] Ack server push request, request = NotifySubscriberRequest, requestId = 68
10:25:52:163  INFO 21384 --- [http-nio-8086-exec-1] o.a.c.c.C.[Tomcat].[localhost].[/]       : Initializing Spring DispatcherServlet 'dispatcherServlet'
10:25:52:163  INFO 21384 --- [http-nio-8086-exec-1] o.s.web.servlet.DispatcherServlet        : Initializing Servlet 'dispatcherServlet'
10:25:52:164  INFO 21384 --- [http-nio-8086-exec-1] o.s.web.servlet.DispatcherServlet        : Completed initialization in 1 ms
10:25:52:231  INFO 21384 --- [http-nio-8086-exec-1] com.zaxxer.hikari.HikariDataSource       : HikariPool-1 - Starting...
10:25:52:369  INFO 21384 --- [http-nio-8086-exec-1] com.zaxxer.hikari.HikariDataSource       : HikariPool-1 - Start completed.
10:25:52:373 DEBUG 21384 --- [http-nio-8086-exec-1] c.h.pay.mapper.PayOrderMapper.selectOne  : ==>  Preparing: SELECT id,biz_order_no,pay_order_no,biz_user_id,pay_channel_code,amount,pay_type,status,expand_json,result_code,result_msg,pay_success_time,pay_over_time,qr_code_url,create_time,update_time,creater,updater,is_delete FROM pay_order WHERE (biz_order_no = ?)
10:25:52:384 DEBUG 21384 --- [http-nio-8086-exec-1] c.h.pay.mapper.PayOrderMapper.selectOne  : ==> Parameters: 2078305218893737986(Long)
10:25:52:396 DEBUG 21384 --- [http-nio-8086-exec-1] c.h.pay.mapper.PayOrderMapper.selectOne  : <==      Total: 0
10:25:52:421 DEBUG 21384 --- [http-nio-8086-exec-1] c.h.pay.mapper.PayOrderMapper.insert     : ==>  Preparing: INSERT INTO pay_order ( id, biz_order_no, pay_order_no, biz_user_id, pay_channel_code, amount, pay_type, status, pay_over_time ) VALUES ( ?, ?, ?, ?, ?, ?, ?, ?, ? )
10:25:52:422 DEBUG 21384 --- [http-nio-8086-exec-1] c.h.pay.mapper.PayOrderMapper.insert     : ==> Parameters: 2078305221133467650(Long), 2078305218893737986(Long), 2078305221133467649(Long), 1(Long), balance(String), 224900(Integer), 5(Integer), 1(Integer), 2026-07-18T12:25:52.418296400(LocalDateTime)
10:25:52:429 DEBUG 21384 --- [http-nio-8086-exec-1] c.h.pay.mapper.PayOrderMapper.insert     : <==    Updates: 1
10:25:55:587 DEBUG 21384 --- [http-nio-8086-exec-2] c.h.p.mapper.PayOrderMapper.selectById   : ==>  Preparing: SELECT id,biz_order_no,pay_order_no,biz_user_id,pay_channel_code,amount,pay_type,status,expand_json,result_code,result_msg,pay_success_time,pay_over_time,qr_code_url,create_time,update_time,creater,updater,is_delete FROM pay_order WHERE id=?
10:25:55:588 DEBUG 21384 --- [http-nio-8086-exec-2] c.h.p.mapper.PayOrderMapper.selectById   : ==> Parameters: 2078305221133467650(Long)
10:25:55:593 DEBUG 21384 --- [http-nio-8086-exec-2] c.h.p.mapper.PayOrderMapper.selectById   : <==      Total: 1
10:25:55:594 DEBUG 21384 --- [http-nio-8086-exec-2] com.hmall.api.client.UserClient          : [UserClient#deductMoney] ---> PUT http://user-service/users/money/deduct?pw=123&amount=224900 HTTP/1.1
10:25:55:595 DEBUG 21384 --- [http-nio-8086-exec-2] com.hmall.api.client.UserClient          : [UserClient#deductMoney] user-info: 1
10:25:55:595 DEBUG 21384 --- [http-nio-8086-exec-2] com.hmall.api.client.UserClient          : [UserClient#deductMoney] ---> END HTTP (0-byte body)
10:25:55:695 DEBUG 21384 --- [http-nio-8086-exec-2] com.hmall.api.client.UserClient          : [UserClient#deductMoney] <--- HTTP/1.1 401  (101ms)
10:25:55:696 DEBUG 21384 --- [http-nio-8086-exec-2] com.hmall.api.client.UserClient          : [UserClient#deductMoney] connection: keep-alive
10:25:55:696 DEBUG 21384 --- [http-nio-8086-exec-2] com.hmall.api.client.UserClient          : [UserClient#deductMoney] content-length: 30
10:25:55:696 DEBUG 21384 --- [http-nio-8086-exec-2] com.hmall.api.client.UserClient          : [UserClient#deductMoney] content-type: application/json;charset=UTF-8
10:25:55:696 DEBUG 21384 --- [http-nio-8086-exec-2] com.hmall.api.client.UserClient          : [UserClient#deductMoney] date: Sat, 18 Jul 2026 02:25:55 GMT
10:25:55:696 DEBUG 21384 --- [http-nio-8086-exec-2] com.hmall.api.client.UserClient          : [UserClient#deductMoney] keep-alive: timeout=60
10:25:55:696 DEBUG 21384 --- [http-nio-8086-exec-2] com.hmall.api.client.UserClient          : [UserClient#deductMoney] 
10:25:55:696 DEBUG 21384 --- [http-nio-8086-exec-2] com.hmall.api.client.UserClient          : [UserClient#deductMoney] {"code":401,"msg":"未登录"}
10:25:55:696 DEBUG 21384 --- [http-nio-8086-exec-2] com.hmall.api.client.UserClient          : [UserClient#deductMoney] <--- END HTTP (30-byte body)
10:25:55:707 ERROR 21384 --- [http-nio-8086-exec-2] c.h.common.advice.CommonExceptionAdvice  : 其他异常 uri : /pay-orders/2078305221133467650 -> 

feign.FeignException$Unauthorized: [401 ] during [PUT] to [http://user-service/users/money/deduct?pw=123&amount=224900] [UserClient#deductMoney(String,Integer)]: [{"code":401,"msg":"未登录"}]
	at feign.FeignException.clientErrorStatus(FeignException.java:215) ~[feign-core-11.8.jar:na]
	at feign.FeignException.errorStatus(FeignException.java:194) ~[feign-core-11.8.jar:na]
	at feign.FeignException.errorStatus(FeignException.java:185) ~[feign-core-11.8.jar:na]
	at feign.codec.ErrorDecoder$Default.decode(ErrorDecoder.java:92) ~[feign-core-11.8.jar:na]
	at feign.AsyncResponseHandler.handleResponse(AsyncResponseHandler.java:96) ~[feign-core-11.8.jar:na]
	at feign.SynchronousMethodHandler.executeAndDecode(SynchronousMethodHandler.java:138) ~[feign-core-11.8.jar:na]
	at feign.SynchronousMethodHandler.invoke(SynchronousMethodHandler.java:89) ~[feign-core-11.8.jar:na]
	at feign.ReflectiveFeign$FeignInvocationHandler.invoke(ReflectiveFeign.java:100) ~[feign-core-11.8.jar:na]
	at com.sun.proxy.$Proxy111.deductMoney(Unknown Source) ~[na:na]
	at com.hmall.pay.service.impl.PayOrderServiceImpl.tryPayOrderByBalance(PayOrderServiceImpl.java:61) ~[classes/:na]
	at com.hmall.pay.service.impl.PayOrderServiceImpl$$FastClassBySpringCGLIB$$b2062e7f.invoke(<generated>) ~[classes/:na]
	at org.springframework.cglib.proxy.MethodProxy.invoke(MethodProxy.java:218) ~[spring-core-5.3.27.jar:5.3.27]
	at org.springframework.aop.framework.CglibAopProxy$CglibMethodInvocation.invokeJoinpoint(CglibAopProxy.java:793) ~[spring-aop-5.3.27.jar:5.3.27]
	at org.springframework.aop.framework.ReflectiveMethodInvocation.proceed(ReflectiveMethodInvocation.java:163) ~[spring-aop-5.3.27.jar:5.3.27]
	at org.springframework.aop.framework.CglibAopProxy$CglibMethodInvocation.proceed(CglibAopProxy.java:763) ~[spring-aop-5.3.27.jar:5.3.27]
	at org.springframework.transaction.interceptor.TransactionInterceptor$1.proceedWithInvocation(TransactionInterceptor.java:123) ~[spring-tx-5.3.27.jar:5.3.27]
	at org.springframework.transaction.interceptor.TransactionAspectSupport.invokeWithinTransaction(TransactionAspectSupport.java:388) ~[spring-tx-5.3.27.jar:5.3.27]
	at org.springframework.transaction.interceptor.TransactionInterceptor.invoke(TransactionInterceptor.java:119) ~[spring-tx-5.3.27.jar:5.3.27]
	at org.springframework.aop.framework.ReflectiveMethodInvocation.proceed(ReflectiveMethodInvocation.java:186) ~[spring-aop-5.3.27.jar:5.3.27]
	at org.springframework.aop.framework.CglibAopProxy$CglibMethodInvocation.proceed(CglibAopProxy.java:763) ~[spring-aop-5.3.27.jar:5.3.27]
	at org.springframework.aop.framework.CglibAopProxy$DynamicAdvisedInterceptor.intercept(CglibAopProxy.java:708) ~[spring-aop-5.3.27.jar:5.3.27]
	at com.hmall.pay.service.impl.PayOrderServiceImpl$$EnhancerBySpringCGLIB$$d85d73ab.tryPayOrderByBalance(<generated>) ~[classes/:na]
	at com.hmall.pay.controller.PayController.tryPayOrderByBalance(PayController.java:37) ~[classes/:na]
	at java.base/jdk.internal.reflect.NativeMethodAccessorImpl.invoke0(Native Method) ~[na:na]
	at java.base/jdk.internal.reflect.NativeMethodAccessorImpl.invoke(NativeMethodAccessorImpl.java:62) ~[na:na]
	at java.base/jdk.internal.reflect.DelegatingMethodAccessorImpl.invoke(DelegatingMethodAccessorImpl.java:43) ~[na:na]
	at java.base/java.lang.reflect.Method.invoke(Method.java:566) ~[na:na]
	at org.springframework.web.method.support.InvocableHandlerMethod.doInvoke(InvocableHandlerMethod.java:205) ~[spring-web-5.3.27.jar:5.3.27]
	at org.springframework.web.method.support.InvocableHandlerMethod.invokeForRequest(InvocableHandlerMethod.java:150) ~[spring-web-5.3.27.jar:5.3.27]
	at org.springframework.web.servlet.mvc.method.annotation.ServletInvocableHandlerMethod.invokeAndHandle(ServletInvocableHandlerMethod.java:117) ~[spring-webmvc-5.3.27.jar:5.3.27]
	at org.springframework.web.servlet.mvc.method.annotation.RequestMappingHandlerAdapter.invokeHandlerMethod(RequestMappingHandlerAdapter.java:895) ~[spring-webmvc-5.3.27.jar:5.3.27]
	at org.springframework.web.servlet.mvc.method.annotation.RequestMappingHandlerAdapter.handleInternal(RequestMappingHandlerAdapter.java:808) ~[spring-webmvc-5.3.27.jar:5.3.27]
	at org.springframework.web.servlet.mvc.method.AbstractHandlerMethodAdapter.handle(AbstractHandlerMethodAdapter.java:87) ~[spring-webmvc-5.3.27.jar:5.3.27]
	at org.springframework.web.servlet.DispatcherServlet.doDispatch(DispatcherServlet.java:1072) ~[spring-webmvc-5.3.27.jar:5.3.27]
	at org.springframework.web.servlet.DispatcherServlet.doService(DispatcherServlet.java:965) ~[spring-webmvc-5.3.27.jar:5.3.27]
	at org.springframework.web.servlet.FrameworkServlet.processRequest(FrameworkServlet.java:1006) ~[spring-webmvc-5.3.27.jar:5.3.27]
	at org.springframework.web.servlet.FrameworkServlet.doPost(FrameworkServlet.java:909) ~[spring-webmvc-5.3.27.jar:5.3.27]
	at javax.servlet.http.HttpServlet.service(HttpServlet.java:555) ~[tomcat-embed-core-9.0.75.jar:4.0.FR]
	at org.springframework.web.servlet.FrameworkServlet.service(FrameworkServlet.java:883) ~[spring-webmvc-5.3.27.jar:5.3.27]
	at javax.servlet.http.HttpServlet.service(HttpServlet.java:623) ~[tomcat-embed-core-9.0.75.jar:4.0.FR]
	at org.apache.catalina.core.ApplicationFilterChain.internalDoFilter(ApplicationFilterChain.java:209) ~[tomcat-embed-core-9.0.75.jar:9.0.75]
	at org.apache.catalina.core.ApplicationFilterChain.doFilter(ApplicationFilterChain.java:153) ~[tomcat-embed-core-9.0.75.jar:9.0.75]
	at org.apache.tomcat.websocket.server.WsFilter.doFilter(WsFilter.java:51) ~[tomcat-embed-websocket-9.0.75.jar:9.0.75]
	at org.apache.catalina.core.ApplicationFilterChain.internalDoFilter(ApplicationFilterChain.java:178) ~[tomcat-embed-core-9.0.75.jar:9.0.75]
	at org.apache.catalina.core.ApplicationFilterChain.doFilter(ApplicationFilterChain.java:153) ~[tomcat-embed-core-9.0.75.jar:9.0.75]
	at org.springframework.web.filter.RequestContextFilter.doFilterInternal(RequestContextFilter.java:100) ~[spring-web-5.3.27.jar:5.3.27]
	at org.springframework.web.filter.OncePerRequestFilter.doFilter(OncePerRequestFilter.java:117) ~[spring-web-5.3.27.jar:5.3.27]
	at org.apache.catalina.core.ApplicationFilterChain.internalDoFilter(ApplicationFilterChain.java:178) ~[tomcat-embed-core-9.0.75.jar:9.0.75]
	at org.apache.catalina.core.ApplicationFilterChain.doFilter(ApplicationFilterChain.java:153) ~[tomcat-embed-core-9.0.75.jar:9.0.75]
	at org.springframework.web.filter.FormContentFilter.doFilterInternal(FormContentFilter.java:93) ~[spring-web-5.3.27.jar:5.3.27]
	at org.springframework.web.filter.OncePerRequestFilter.doFilter(OncePerRequestFilter.java:117) ~[spring-web-5.3.27.jar:5.3.27]
	at org.apache.catalina.core.ApplicationFilterChain.internalDoFilter(ApplicationFilterChain.java:178) ~[tomcat-embed-core-9.0.75.jar:9.0.75]
	at org.apache.catalina.core.ApplicationFilterChain.doFilter(ApplicationFilterChain.java:153) ~[tomcat-embed-core-9.0.75.jar:9.0.75]
	at org.springframework.web.filter.CharacterEncodingFilter.doFilterInternal(CharacterEncodingFilter.java:201) ~[spring-web-5.3.27.jar:5.3.27]
	at org.springframework.web.filter.OncePerRequestFilter.doFilter(OncePerRequestFilter.java:117) ~[spring-web-5.3.27.jar:5.3.27]
	at org.apache.catalina.core.ApplicationFilterChain.internalDoFilter(ApplicationFilterChain.java:178) ~[tomcat-embed-core-9.0.75.jar:9.0.75]
	at org.apache.catalina.core.ApplicationFilterChain.doFilter(ApplicationFilterChain.java:153) ~[tomcat-embed-core-9.0.75.jar:9.0.75]
	at org.apache.catalina.core.StandardWrapperValve.invoke(StandardWrapperValve.java:167) ~[tomcat-embed-core-9.0.75.jar:9.0.75]
	at org.apache.catalina.core.StandardContextValve.invoke(StandardContextValve.java:90) ~[tomcat-embed-core-9.0.75.jar:9.0.75]
	at org.apache.catalina.authenticator.AuthenticatorBase.invoke(AuthenticatorBase.java:481) ~[tomcat-embed-core-9.0.75.jar:9.0.75]
	at org.apache.catalina.core.StandardHostValve.invoke(StandardHostValve.java:130) ~[tomcat-embed-core-9.0.75.jar:9.0.75]
	at org.apache.catalina.valves.ErrorReportValve.invoke(ErrorReportValve.java:93) ~[tomcat-embed-core-9.0.75.jar:9.0.75]
	at org.apache.catalina.core.StandardEngineValve.invoke(StandardEngineValve.java:74) ~[tomcat-embed-core-9.0.75.jar:9.0.75]
	at org.apache.catalina.connector.CoyoteAdapter.service(CoyoteAdapter.java:343) ~[tomcat-embed-core-9.0.75.jar:9.0.75]
	at org.apache.coyote.http11.Http11Processor.service(Http11Processor.java:390) ~[tomcat-embed-core-9.0.75.jar:9.0.75]
	at org.apache.coyote.AbstractProcessorLight.process(AbstractProcessorLight.java:63) ~[tomcat-embed-core-9.0.75.jar:9.0.75]
	at org.apache.coyote.AbstractProtocol$ConnectionHandler.process(AbstractProtocol.java:926) ~[tomcat-embed-core-9.0.75.jar:9.0.75]
	at org.apache.tomcat.util.net.NioEndpoint$SocketProcessor.doRun(NioEndpoint.java:1791) ~[tomcat-embed-core-9.0.75.jar:9.0.75]
	at org.apache.tomcat.util.net.SocketProcessorBase.run(SocketProcessorBase.java:52) ~[tomcat-embed-core-9.0.75.jar:9.0.75]
	at org.apache.tomcat.util.threads.ThreadPoolExecutor.runWorker(ThreadPoolExecutor.java:1191) ~[tomcat-embed-core-9.0.75.jar:9.0.75]
	at org.apache.tomcat.util.threads.ThreadPoolExecutor$Worker.run(ThreadPoolExecutor.java:659) ~[tomcat-embed-core-9.0.75.jar:9.0.75]
	at org.apache.tomcat.util.threads.TaskThread$WrappingRunnable.run(TaskThread.java:61) ~[tomcat-embed-core-9.0.75.jar:9.0.75]
	at java.base/java.lang.Thread.run(Thread.java:829) ~[na:na]

10:25:56:155  INFO 21384 --- [nacos-grpc-client-executor-52] com.alibaba.nacos.common.remote.client   : [d6b37d79-6ce6-4f72-8f0b-108a1b5fd598] Receive server push request, request = NotifySubscriberRequest, requestId = 83
10:25:56:155  INFO 21384 --- [nacos-grpc-client-executor-52] com.alibaba.nacos.common.remote.client   : [d6b37d79-6ce6-4f72-8f0b-108a1b5fd598] Ack server push request, request = NotifySubscriberRequest, requestId = 83
10:30:36:726  INFO 21384 --- [nacos-grpc-client-executor-114] com.alibaba.nacos.common.remote.client   : [d6b37d79-6ce6-4f72-8f0b-108a1b5fd598] Receive server push request, request = NotifySubscriberRequest, requestId = 84
10:30:36:753  INFO 21384 --- [nacos-grpc-client-executor-114] com.alibaba.nacos.common.remote.client   : [d6b37d79-6ce6-4f72-8f0b-108a1b5fd598] Ack server push request, request = NotifySubscriberRequest, requestId = 84
10:30:45:444  INFO 21384 --- [nacos-grpc-client-executor-118] com.alibaba.nacos.common.remote.client   : [d6b37d79-6ce6-4f72-8f0b-108a1b5fd598] Receive server push request, request = NotifySubscriberRequest, requestId = 87
10:30:45:465  INFO 21384 --- [nacos-grpc-client-executor-118] com.alibaba.nacos.common.remote.client   : [d6b37d79-6ce6-4f72-8f0b-108a1b5fd598] Ack server push request, request = NotifySubscriberRequest, requestId = 87
10:30:58:799 DEBUG 21384 --- [http-nio-8086-exec-6] c.h.pay.mapper.PayOrderMapper.selectOne  : ==>  Preparing: SELECT id,biz_order_no,pay_order_no,biz_user_id,pay_channel_code,amount,pay_type,status,expand_json,result_code,result_msg,pay_success_time,pay_over_time,qr_code_url,create_time,update_time,creater,updater,is_delete FROM pay_order WHERE (biz_order_no = ?)
10:30:58:800 DEBUG 21384 --- [http-nio-8086-exec-6] c.h.pay.mapper.PayOrderMapper.selectOne  : ==> Parameters: 2078306505752342530(Long)
10:30:58:802 DEBUG 21384 --- [http-nio-8086-exec-6] c.h.pay.mapper.PayOrderMapper.selectOne  : <==      Total: 0
10:30:58:803 DEBUG 21384 --- [http-nio-8086-exec-6] c.h.pay.mapper.PayOrderMapper.insert     : ==>  Preparing: INSERT INTO pay_order ( id, biz_order_no, pay_order_no, biz_user_id, pay_channel_code, amount, pay_type, status, pay_over_time ) VALUES ( ?, ?, ?, ?, ?, ?, ?, ?, ? )
10:30:58:804 DEBUG 21384 --- [http-nio-8086-exec-6] c.h.pay.mapper.PayOrderMapper.insert     : ==> Parameters: 2078306506196910083(Long), 2078306505752342530(Long), 2078306506196910082(Long), 1(Long), balance(String), 224900(Integer), 5(Integer), 1(Integer), 2026-07-18T12:30:58.802894900(LocalDateTime)
10:30:58:812 DEBUG 21384 --- [http-nio-8086-exec-6] c.h.pay.mapper.PayOrderMapper.insert     : <==    Updates: 1
10:31:02:045 DEBUG 21384 --- [http-nio-8086-exec-8] c.h.p.mapper.PayOrderMapper.selectById   : ==>  Preparing: SELECT id,biz_order_no,pay_order_no,biz_user_id,pay_channel_code,amount,pay_type,status,expand_json,result_code,result_msg,pay_success_time,pay_over_time,qr_code_url,create_time,update_time,creater,updater,is_delete FROM pay_order WHERE id=?
10:31:02:046 DEBUG 21384 --- [http-nio-8086-exec-8] c.h.p.mapper.PayOrderMapper.selectById   : ==> Parameters: 2078306506196910083(Long)
10:31:02:047 DEBUG 21384 --- [http-nio-8086-exec-8] c.h.p.mapper.PayOrderMapper.selectById   : <==      Total: 1
10:31:02:048 DEBUG 21384 --- [http-nio-8086-exec-8] com.hmall.api.client.UserClient          : [UserClient#deductMoney] ---> PUT http://user-service/users/money/deduct?pw=123&amount=224900 HTTP/1.1
10:31:02:048 DEBUG 21384 --- [http-nio-8086-exec-8] com.hmall.api.client.UserClient          : [UserClient#deductMoney] user-info: 1
10:31:02:048 DEBUG 21384 --- [http-nio-8086-exec-8] com.hmall.api.client.UserClient          : [UserClient#deductMoney] ---> END HTTP (0-byte body)
10:31:02:142 DEBUG 21384 --- [http-nio-8086-exec-8] com.hmall.api.client.UserClient          : [UserClient#deductMoney] <--- HTTP/1.1 200  (93ms)
10:31:02:142 DEBUG 21384 --- [http-nio-8086-exec-8] com.hmall.api.client.UserClient          : [UserClient#deductMoney] connection: keep-alive
10:31:02:142 DEBUG 21384 --- [http-nio-8086-exec-8] com.hmall.api.client.UserClient          : [UserClient#deductMoney] content-length: 0
10:31:02:142 DEBUG 21384 --- [http-nio-8086-exec-8] com.hmall.api.client.UserClient          : [UserClient#deductMoney] date: Sat, 18 Jul 2026 02:31:02 GMT
10:31:02:142 DEBUG 21384 --- [http-nio-8086-exec-8] com.hmall.api.client.UserClient          : [UserClient#deductMoney] keep-alive: timeout=60
10:31:02:142 DEBUG 21384 --- [http-nio-8086-exec-8] com.hmall.api.client.UserClient          : [UserClient#deductMoney] <--- END HTTP (0-byte body)
10:31:02:147 DEBUG 21384 --- [http-nio-8086-exec-8] c.h.pay.mapper.PayOrderMapper.update     : ==>  Preparing: UPDATE pay_order SET status=?,pay_success_time=? WHERE (id = ? AND status IN (?,?))
10:31:02:148 DEBUG 21384 --- [http-nio-8086-exec-8] c.h.pay.mapper.PayOrderMapper.update     : ==> Parameters: 3(Integer), 2026-07-18T10:31:02.142093600(LocalDateTime), 2078306506196910083(Long), 0(Integer), 1(Integer)
10:31:02:150 DEBUG 21384 --- [http-nio-8086-exec-8] c.h.pay.mapper.PayOrderMapper.update     : <==    Updates: 1
10:31:02:157 DEBUG 21384 --- [http-nio-8086-exec-8] com.hmall.api.client.OrderClient         : [OrderClient#updateById] ---> POST http://trade-service/order/updateStatus HTTP/1.1
10:31:02:157 DEBUG 21384 --- [http-nio-8086-exec-8] com.hmall.api.client.OrderClient         : [OrderClient#updateById] Content-Length: 234
10:31:02:157 DEBUG 21384 --- [http-nio-8086-exec-8] com.hmall.api.client.OrderClient         : [OrderClient#updateById] Content-Type: application/json
10:31:02:157 DEBUG 21384 --- [http-nio-8086-exec-8] com.hmall.api.client.OrderClient         : [OrderClient#updateById] user-info: 1
10:31:02:157 DEBUG 21384 --- [http-nio-8086-exec-8] com.hmall.api.client.OrderClient         : [OrderClient#updateById] 
10:31:02:157 DEBUG 21384 --- [http-nio-8086-exec-8] com.hmall.api.client.OrderClient         : [OrderClient#updateById] {"id":"2078306505752342530","totalFee":null,"paymentType":null,"userId":null,"status":2,"createTime":null,"payTime":"2026-07-18T10:31:02.1509969","consignTime":null,"endTime":null,"closeTime":null,"commentTime":null,"updateTime":null}
10:31:02:157 DEBUG 21384 --- [http-nio-8086-exec-8] com.hmall.api.client.OrderClient         : [OrderClient#updateById] ---> END HTTP (234-byte body)
10:31:02:207 DEBUG 21384 --- [http-nio-8086-exec-8] com.hmall.api.client.OrderClient         : [OrderClient#updateById] <--- HTTP/1.1 404  (49ms)
10:31:02:207 DEBUG 21384 --- [http-nio-8086-exec-8] com.hmall.api.client.OrderClient         : [OrderClient#updateById] connection: keep-alive
10:31:02:207 DEBUG 21384 --- [http-nio-8086-exec-8] com.hmall.api.client.OrderClient         : [OrderClient#updateById] content-type: application/json
10:31:02:207 DEBUG 21384 --- [http-nio-8086-exec-8] com.hmall.api.client.OrderClient         : [OrderClient#updateById] date: Sat, 18 Jul 2026 02:31:02 GMT
10:31:02:207 DEBUG 21384 --- [http-nio-8086-exec-8] com.hmall.api.client.OrderClient         : [OrderClient#updateById] keep-alive: timeout=60
10:31:02:207 DEBUG 21384 --- [http-nio-8086-exec-8] com.hmall.api.client.OrderClient         : [OrderClient#updateById] transfer-encoding: chunked
10:31:02:207 DEBUG 21384 --- [http-nio-8086-exec-8] com.hmall.api.client.OrderClient         : [OrderClient#updateById] vary: Origin
10:31:02:207 DEBUG 21384 --- [http-nio-8086-exec-8] com.hmall.api.client.OrderClient         : [OrderClient#updateById] vary: Access-Control-Request-Method
10:31:02:207 DEBUG 21384 --- [http-nio-8086-exec-8] com.hmall.api.client.OrderClient         : [OrderClient#updateById] vary: Access-Control-Request-Headers
10:31:02:207 DEBUG 21384 --- [http-nio-8086-exec-8] com.hmall.api.client.OrderClient         : [OrderClient#updateById] 
10:31:02:207 DEBUG 21384 --- [http-nio-8086-exec-8] com.hmall.api.client.OrderClient         : [OrderClient#updateById] {"timestamp":"2026-07-18T02:31:02.201+00:00","status":404,"error":"Not Found","path":"/order/updateStatus"}
10:31:02:208 DEBUG 21384 --- [http-nio-8086-exec-8] com.hmall.api.client.OrderClient         : [OrderClient#updateById] <--- END HTTP (107-byte body)
10:31:02:214 ERROR 21384 --- [http-nio-8086-exec-8] c.h.common.advice.CommonExceptionAdvice  : 其他异常 uri : /pay-orders/2078306506196910083 -> 

feign.FeignException$NotFound: [404 ] during [POST] to [http://trade-service/order/updateStatus] [OrderClient#updateById(Order)]: [{"timestamp":"2026-07-18T02:31:02.201+00:00","status":404,"error":"Not Found","path":"/order/updateStatus"}]
	at feign.FeignException.clientErrorStatus(FeignException.java:219) ~[feign-core-11.8.jar:na]
	at feign.FeignException.errorStatus(FeignException.java:194) ~[feign-core-11.8.jar:na]
	at feign.FeignException.errorStatus(FeignException.java:185) ~[feign-core-11.8.jar:na]
	at feign.codec.ErrorDecoder$Default.decode(ErrorDecoder.java:92) ~[feign-core-11.8.jar:na]
	at feign.AsyncResponseHandler.handleResponse(AsyncResponseHandler.java:96) ~[feign-core-11.8.jar:na]
	at feign.SynchronousMethodHandler.executeAndDecode(SynchronousMethodHandler.java:138) ~[feign-core-11.8.jar:na]
	at feign.SynchronousMethodHandler.invoke(SynchronousMethodHandler.java:89) ~[feign-core-11.8.jar:na]
	at feign.ReflectiveFeign$FeignInvocationHandler.invoke(ReflectiveFeign.java:100) ~[feign-core-11.8.jar:na]
	at com.sun.proxy.$Proxy114.updateById(Unknown Source) ~[na:na]
	at com.hmall.pay.service.impl.PayOrderServiceImpl.tryPayOrderByBalance(PayOrderServiceImpl.java:72) ~[classes/:na]
	at com.hmall.pay.service.impl.PayOrderServiceImpl$$FastClassBySpringCGLIB$$b2062e7f.invoke(<generated>) ~[classes/:na]
	at org.springframework.cglib.proxy.MethodProxy.invoke(MethodProxy.java:218) ~[spring-core-5.3.27.jar:5.3.27]
	at org.springframework.aop.framework.CglibAopProxy$CglibMethodInvocation.invokeJoinpoint(CglibAopProxy.java:793) ~[spring-aop-5.3.27.jar:5.3.27]
	at org.springframework.aop.framework.ReflectiveMethodInvocation.proceed(ReflectiveMethodInvocation.java:163) ~[spring-aop-5.3.27.jar:5.3.27]
	at org.springframework.aop.framework.CglibAopProxy$CglibMethodInvocation.proceed(CglibAopProxy.java:763) ~[spring-aop-5.3.27.jar:5.3.27]
	at org.springframework.transaction.interceptor.TransactionInterceptor$1.proceedWithInvocation(TransactionInterceptor.java:123) ~[spring-tx-5.3.27.jar:5.3.27]
	at org.springframework.transaction.interceptor.TransactionAspectSupport.invokeWithinTransaction(TransactionAspectSupport.java:388) ~[spring-tx-5.3.27.jar:5.3.27]
	at org.springframework.transaction.interceptor.TransactionInterceptor.invoke(TransactionInterceptor.java:119) ~[spring-tx-5.3.27.jar:5.3.27]
	at org.springframework.aop.framework.ReflectiveMethodInvocation.proceed(ReflectiveMethodInvocation.java:186) ~[spring-aop-5.3.27.jar:5.3.27]
	at org.springframework.aop.framework.CglibAopProxy$CglibMethodInvocation.proceed(CglibAopProxy.java:763) ~[spring-aop-5.3.27.jar:5.3.27]
	at org.springframework.aop.framework.CglibAopProxy$DynamicAdvisedInterceptor.intercept(CglibAopProxy.java:708) ~[spring-aop-5.3.27.jar:5.3.27]
	at com.hmall.pay.service.impl.PayOrderServiceImpl$$EnhancerBySpringCGLIB$$d85d73ab.tryPayOrderByBalance(<generated>) ~[classes/:na]
	at com.hmall.pay.controller.PayController.tryPayOrderByBalance(PayController.java:37) ~[classes/:na]
	at java.base/jdk.internal.reflect.NativeMethodAccessorImpl.invoke0(Native Method) ~[na:na]
	at java.base/jdk.internal.reflect.NativeMethodAccessorImpl.invoke(NativeMethodAccessorImpl.java:62) ~[na:na]
	at java.base/jdk.internal.reflect.DelegatingMethodAccessorImpl.invoke(DelegatingMethodAccessorImpl.java:43) ~[na:na]
	at java.base/java.lang.reflect.Method.invoke(Method.java:566) ~[na:na]
	at org.springframework.web.method.support.InvocableHandlerMethod.doInvoke(InvocableHandlerMethod.java:205) ~[spring-web-5.3.27.jar:5.3.27]
	at org.springframework.web.method.support.InvocableHandlerMethod.invokeForRequest(InvocableHandlerMethod.java:150) ~[spring-web-5.3.27.jar:5.3.27]
	at org.springframework.web.servlet.mvc.method.annotation.ServletInvocableHandlerMethod.invokeAndHandle(ServletInvocableHandlerMethod.java:117) ~[spring-webmvc-5.3.27.jar:5.3.27]
	at org.springframework.web.servlet.mvc.method.annotation.RequestMappingHandlerAdapter.invokeHandlerMethod(RequestMappingHandlerAdapter.java:895) ~[spring-webmvc-5.3.27.jar:5.3.27]
	at org.springframework.web.servlet.mvc.method.annotation.RequestMappingHandlerAdapter.handleInternal(RequestMappingHandlerAdapter.java:808) ~[spring-webmvc-5.3.27.jar:5.3.27]
	at org.springframework.web.servlet.mvc.method.AbstractHandlerMethodAdapter.handle(AbstractHandlerMethodAdapter.java:87) ~[spring-webmvc-5.3.27.jar:5.3.27]
	at org.springframework.web.servlet.DispatcherServlet.doDispatch(DispatcherServlet.java:1072) ~[spring-webmvc-5.3.27.jar:5.3.27]
	at org.springframework.web.servlet.DispatcherServlet.doService(DispatcherServlet.java:965) ~[spring-webmvc-5.3.27.jar:5.3.27]
	at org.springframework.web.servlet.FrameworkServlet.processRequest(FrameworkServlet.java:1006) ~[spring-webmvc-5.3.27.jar:5.3.27]
	at org.springframework.web.servlet.FrameworkServlet.doPost(FrameworkServlet.java:909) ~[spring-webmvc-5.3.27.jar:5.3.27]
	at javax.servlet.http.HttpServlet.service(HttpServlet.java:555) ~[tomcat-embed-core-9.0.75.jar:4.0.FR]
	at org.springframework.web.servlet.FrameworkServlet.service(FrameworkServlet.java:883) ~[spring-webmvc-5.3.27.jar:5.3.27]
	at javax.servlet.http.HttpServlet.service(HttpServlet.java:623) ~[tomcat-embed-core-9.0.75.jar:4.0.FR]
	at org.apache.catalina.core.ApplicationFilterChain.internalDoFilter(ApplicationFilterChain.java:209) ~[tomcat-embed-core-9.0.75.jar:9.0.75]
	at org.apache.catalina.core.ApplicationFilterChain.doFilter(ApplicationFilterChain.java:153) ~[tomcat-embed-core-9.0.75.jar:9.0.75]
	at org.apache.tomcat.websocket.server.WsFilter.doFilter(WsFilter.java:51) ~[tomcat-embed-websocket-9.0.75.jar:9.0.75]
	at org.apache.catalina.core.ApplicationFilterChain.internalDoFilter(ApplicationFilterChain.java:178) ~[tomcat-embed-core-9.0.75.jar:9.0.75]
	at org.apache.catalina.core.ApplicationFilterChain.doFilter(ApplicationFilterChain.java:153) ~[tomcat-embed-core-9.0.75.jar:9.0.75]
	at org.springframework.web.filter.RequestContextFilter.doFilterInternal(RequestContextFilter.java:100) ~[spring-web-5.3.27.jar:5.3.27]
	at org.springframework.web.filter.OncePerRequestFilter.doFilter(OncePerRequestFilter.java:117) ~[spring-web-5.3.27.jar:5.3.27]
	at org.apache.catalina.core.ApplicationFilterChain.internalDoFilter(ApplicationFilterChain.java:178) ~[tomcat-embed-core-9.0.75.jar:9.0.75]
	at org.apache.catalina.core.ApplicationFilterChain.doFilter(ApplicationFilterChain.java:153) ~[tomcat-embed-core-9.0.75.jar:9.0.75]
	at org.springframework.web.filter.FormContentFilter.doFilterInternal(FormContentFilter.java:93) ~[spring-web-5.3.27.jar:5.3.27]
	at org.springframework.web.filter.OncePerRequestFilter.doFilter(OncePerRequestFilter.java:117) ~[spring-web-5.3.27.jar:5.3.27]
	at org.apache.catalina.core.ApplicationFilterChain.internalDoFilter(ApplicationFilterChain.java:178) ~[tomcat-embed-core-9.0.75.jar:9.0.75]
	at org.apache.catalina.core.ApplicationFilterChain.doFilter(ApplicationFilterChain.java:153) ~[tomcat-embed-core-9.0.75.jar:9.0.75]
	at org.springframework.web.filter.CharacterEncodingFilter.doFilterInternal(CharacterEncodingFilter.java:201) ~[spring-web-5.3.27.jar:5.3.27]
	at org.springframework.web.filter.OncePerRequestFilter.doFilter(OncePerRequestFilter.java:117) ~[spring-web-5.3.27.jar:5.3.27]
	at org.apache.catalina.core.ApplicationFilterChain.internalDoFilter(ApplicationFilterChain.java:178) ~[tomcat-embed-core-9.0.75.jar:9.0.75]
	at org.apache.catalina.core.ApplicationFilterChain.doFilter(ApplicationFilterChain.java:153) ~[tomcat-embed-core-9.0.75.jar:9.0.75]
	at org.apache.catalina.core.StandardWrapperValve.invoke(StandardWrapperValve.java:167) ~[tomcat-embed-core-9.0.75.jar:9.0.75]
	at org.apache.catalina.core.StandardContextValve.invoke(StandardContextValve.java:90) ~[tomcat-embed-core-9.0.75.jar:9.0.75]
	at org.apache.catalina.authenticator.AuthenticatorBase.invoke(AuthenticatorBase.java:481) ~[tomcat-embed-core-9.0.75.jar:9.0.75]
	at org.apache.catalina.core.StandardHostValve.invoke(StandardHostValve.java:130) ~[tomcat-embed-core-9.0.75.jar:9.0.75]
	at org.apache.catalina.valves.ErrorReportValve.invoke(ErrorReportValve.java:93) ~[tomcat-embed-core-9.0.75.jar:9.0.75]
	at org.apache.catalina.core.StandardEngineValve.invoke(StandardEngineValve.java:74) ~[tomcat-embed-core-9.0.75.jar:9.0.75]
	at org.apache.catalina.connector.CoyoteAdapter.service(CoyoteAdapter.java:343) ~[tomcat-embed-core-9.0.75.jar:9.0.75]
	at org.apache.coyote.http11.Http11Processor.service(Http11Processor.java:390) ~[tomcat-embed-core-9.0.75.jar:9.0.75]
	at org.apache.coyote.AbstractProcessorLight.process(AbstractProcessorLight.java:63) ~[tomcat-embed-core-9.0.75.jar:9.0.75]
	at org.apache.coyote.AbstractProtocol$ConnectionHandler.process(AbstractProtocol.java:926) ~[tomcat-embed-core-9.0.75.jar:9.0.75]
	at org.apache.tomcat.util.net.NioEndpoint$SocketProcessor.doRun(NioEndpoint.java:1791) ~[tomcat-embed-core-9.0.75.jar:9.0.75]
	at org.apache.tomcat.util.net.SocketProcessorBase.run(SocketProcessorBase.java:52) ~[tomcat-embed-core-9.0.75.jar:9.0.75]
	at org.apache.tomcat.util.threads.ThreadPoolExecutor.runWorker(ThreadPoolExecutor.java:1191) ~[tomcat-embed-core-9.0.75.jar:9.0.75]
	at org.apache.tomcat.util.threads.ThreadPoolExecutor$Worker.run(ThreadPoolExecutor.java:659) ~[tomcat-embed-core-9.0.75.jar:9.0.75]
	at org.apache.tomcat.util.threads.TaskThread$WrappingRunnable.run(TaskThread.java:61) ~[tomcat-embed-core-9.0.75.jar:9.0.75]
	at java.base/java.lang.Thread.run(Thread.java:829) ~[na:na]

10:31:02:679  INFO 21384 --- [nacos-grpc-client-executor-123] com.alibaba.nacos.common.remote.client   : [d6b37d79-6ce6-4f72-8f0b-108a1b5fd598] Receive server push request, request = NotifySubscriberRequest, requestId = 89
10:31:02:679  INFO 21384 --- [nacos-grpc-client-executor-123] com.alibaba.nacos.common.remote.client   : [d6b37d79-6ce6-4f72-8f0b-108a1b5fd598] Ack server push request, request = NotifySubscriberRequest, requestId = 89
10:31:23:317  INFO 21384 --- [nacos-grpc-client-executor-129] com.alibaba.nacos.common.remote.client   : [d6b37d79-6ce6-4f72-8f0b-108a1b5fd598] Receive server push request, request = NotifySubscriberRequest, requestId = 90
10:31:23:340  INFO 21384 --- [nacos-grpc-client-executor-129] com.alibaba.nacos.common.remote.client   : [d6b37d79-6ce6-4f72-8f0b-108a1b5fd598] Ack server push request, request = NotifySubscriberRequest, requestId = 90
10:31:30:429  INFO 21384 --- [nacos-grpc-client-executor-130] com.alibaba.nacos.common.remote.client   : [d6b37d79-6ce6-4f72-8f0b-108a1b5fd598] Receive server push request, request = NotifySubscriberRequest, requestId = 93
10:31:30:452  INFO 21384 --- [nacos-grpc-client-executor-130] com.alibaba.nacos.common.remote.client   : [d6b37d79-6ce6-4f72-8f0b-108a1b5fd598] Ack server push request, request = NotifySubscriberRequest, requestId = 93
