01:05:25:962  INFO 55204 --- [main] com.hmall.item.IndexTest                 : The following 1 profile is active: "local"
01:05:26:482  INFO 55204 --- [main] o.s.cloud.context.scope.GenericScope     : BeanFactory id=073440be-6b34-3aa6-944e-08d7326818ff
01:05:26:587 ERROR 55204 --- [com.alibaba.nacos.client.remote.worker] c.a.n.c.remote.client.grpc.GrpcClient    : Server check fail, please check server localhost ,port 9848 is available , error ={}

java.util.concurrent.ExecutionException: com.alibaba.nacos.shaded.io.grpc.StatusRuntimeException: UNAVAILABLE: io exception
	at com.alibaba.nacos.shaded.com.google.common.util.concurrent.AbstractFuture.getDoneValue(AbstractFuture.java:566) ~[nacos-client-2.0.4.jar:na]
	at com.alibaba.nacos.shaded.com.google.common.util.concurrent.AbstractFuture.get(AbstractFuture.java:445) ~[nacos-client-2.0.4.jar:na]
	at com.alibaba.nacos.common.remote.client.grpc.GrpcClient.serverCheck(GrpcClient.java:148) ~[nacos-client-2.0.4.jar:na]
	at com.alibaba.nacos.common.remote.client.grpc.GrpcClient.connectToServer(GrpcClient.java:264) ~[nacos-client-2.0.4.jar:na]
	at com.alibaba.nacos.common.remote.client.RpcClient.reconnect(RpcClient.java:522) ~[nacos-client-2.0.4.jar:na]
	at com.alibaba.nacos.common.remote.client.RpcClient.lambda$start$2(RpcClient.java:370) ~[nacos-client-2.0.4.jar:na]
	at java.base/java.util.concurrent.Executors$RunnableAdapter.call(Executors.java:515) ~[na:na]
	at java.base/java.util.concurrent.FutureTask.run$$$capture(FutureTask.java:264) ~[na:na]
	at java.base/java.util.concurrent.FutureTask.run(FutureTask.java) ~[na:na]
	at java.base/java.util.concurrent.ScheduledThreadPoolExecutor$ScheduledFutureTask.run(ScheduledThreadPoolExecutor.java:304) ~[na:na]
	at java.base/java.util.concurrent.ThreadPoolExecutor.runWorker(ThreadPoolExecutor.java:1128) ~[na:na]
	at java.base/java.util.concurrent.ThreadPoolExecutor$Worker.run(ThreadPoolExecutor.java:628) ~[na:na]
	at java.base/java.lang.Thread.run(Thread.java:829) ~[na:na]
Caused by: com.alibaba.nacos.shaded.io.grpc.StatusRuntimeException: UNAVAILABLE: io exception
	at com.alibaba.nacos.shaded.io.grpc.Status.asRuntimeException(Status.java:533) ~[nacos-client-2.0.4.jar:na]
	at com.alibaba.nacos.shaded.io.grpc.stub.ClientCalls$UnaryStreamToFuture.onClose(ClientCalls.java:490) ~[nacos-client-2.0.4.jar:na]
	at com.alibaba.nacos.shaded.io.grpc.PartialForwardingClientCallListener.onClose(PartialForwardingClientCallListener.java:39) ~[nacos-client-2.0.4.jar:na]
	at com.alibaba.nacos.shaded.io.grpc.ForwardingClientCallListener.onClose(ForwardingClientCallListener.java:23) ~[nacos-client-2.0.4.jar:na]
	at com.alibaba.nacos.shaded.io.grpc.ForwardingClientCallListener$SimpleForwardingClientCallListener.onClose(ForwardingClientCallListener.java:40) ~[nacos-client-2.0.4.jar:na]
	at com.alibaba.nacos.shaded.io.grpc.internal.CensusStatsModule$StatsClientInterceptor$1$1.onClose(CensusStatsModule.java:700) ~[nacos-client-2.0.4.jar:na]
	at com.alibaba.nacos.shaded.io.grpc.PartialForwardingClientCallListener.onClose(PartialForwardingClientCallListener.java:39) ~[nacos-client-2.0.4.jar:na]
	at com.alibaba.nacos.shaded.io.grpc.ForwardingClientCallListener.onClose(ForwardingClientCallListener.java:23) ~[nacos-client-2.0.4.jar:na]
	at com.alibaba.nacos.shaded.io.grpc.ForwardingClientCallListener$SimpleForwardingClientCallListener.onClose(ForwardingClientCallListener.java:40) ~[nacos-client-2.0.4.jar:na]
	at com.alibaba.nacos.shaded.io.grpc.internal.CensusTracingModule$TracingClientInterceptor$1$1.onClose(CensusTracingModule.java:399) ~[nacos-client-2.0.4.jar:na]
	at com.alibaba.nacos.shaded.io.grpc.internal.ClientCallImpl.closeObserver(ClientCallImpl.java:510) ~[nacos-client-2.0.4.jar:na]
	at com.alibaba.nacos.shaded.io.grpc.internal.ClientCallImpl.access$300(ClientCallImpl.java:66) ~[nacos-client-2.0.4.jar:na]
	at com.alibaba.nacos.shaded.io.grpc.internal.ClientCallImpl$ClientStreamListenerImpl.close(ClientCallImpl.java:630) ~[nacos-client-2.0.4.jar:na]
	at com.alibaba.nacos.shaded.io.grpc.internal.ClientCallImpl$ClientStreamListenerImpl.access$700(ClientCallImpl.java:518) ~[nacos-client-2.0.4.jar:na]
	at com.alibaba.nacos.shaded.io.grpc.internal.ClientCallImpl$ClientStreamListenerImpl$1StreamClosed.runInternal(ClientCallImpl.java:692) ~[nacos-client-2.0.4.jar:na]
	at com.alibaba.nacos.shaded.io.grpc.internal.ClientCallImpl$ClientStreamListenerImpl$1StreamClosed.runInContext(ClientCallImpl.java:681) ~[nacos-client-2.0.4.jar:na]
	at com.alibaba.nacos.shaded.io.grpc.internal.ContextRunnable.run(ContextRunnable.java:37) ~[nacos-client-2.0.4.jar:na]
	at com.alibaba.nacos.shaded.io.grpc.internal.SerializingExecutor.run(SerializingExecutor.java:123) ~[nacos-client-2.0.4.jar:na]
	... 3 common frames omitted
Caused by: com.alibaba.nacos.shaded.io.grpc.netty.shaded.io.netty.channel.AbstractChannel$AnnotatedConnectException: Connection refused: localhost/0:0:0:0:0:0:0:1:9848
Caused by: java.net.ConnectException: Connection refused
	at java.base/sun.nio.ch.SocketChannelImpl.checkConnect(Native Method) ~[na:na]
	at java.base/sun.nio.ch.SocketChannelImpl.finishConnect(SocketChannelImpl.java:777) ~[na:na]
	at com.alibaba.nacos.shaded.io.grpc.netty.shaded.io.netty.channel.socket.nio.NioSocketChannel.doFinishConnect(NioSocketChannel.java:327) ~[nacos-client-2.0.4.jar:na]
	at com.alibaba.nacos.shaded.io.grpc.netty.shaded.io.netty.channel.nio.AbstractNioChannel$AbstractNioUnsafe.finishConnect(AbstractNioChannel.java:336) ~[nacos-client-2.0.4.jar:na]
	at com.alibaba.nacos.shaded.io.grpc.netty.shaded.io.netty.channel.nio.NioEventLoop.processSelectedKey(NioEventLoop.java:685) ~[nacos-client-2.0.4.jar:na]
	at com.alibaba.nacos.shaded.io.grpc.netty.shaded.io.netty.channel.nio.NioEventLoop.processSelectedKeysOptimized(NioEventLoop.java:632) ~[nacos-client-2.0.4.jar:na]
	at com.alibaba.nacos.shaded.io.grpc.netty.shaded.io.netty.channel.nio.NioEventLoop.processSelectedKeys(NioEventLoop.java:549) ~[nacos-client-2.0.4.jar:na]
	at com.alibaba.nacos.shaded.io.grpc.netty.shaded.io.netty.channel.nio.NioEventLoop.run(NioEventLoop.java:511) ~[nacos-client-2.0.4.jar:na]
	at com.alibaba.nacos.shaded.io.grpc.netty.shaded.io.netty.util.concurrent.SingleThreadEventExecutor$5.run(SingleThreadEventExecutor.java:918) ~[nacos-client-2.0.4.jar:na]
	at com.alibaba.nacos.shaded.io.grpc.netty.shaded.io.netty.util.internal.ThreadExecutorMap$2.run(ThreadExecutorMap.java:74) ~[nacos-client-2.0.4.jar:na]
	at com.alibaba.nacos.shaded.io.grpc.netty.shaded.io.netty.util.concurrent.FastThreadLocalRunnable.run(FastThreadLocalRunnable.java:30) ~[nacos-client-2.0.4.jar:na]
	at java.base/java.lang.Thread.run(Thread.java:829) ~[na:na]

01:05:26:589  INFO 55204 --- [com.alibaba.nacos.client.remote.worker] com.alibaba.nacos.common.remote.client   : [b0b8ad0a-9d36-485a-93d1-4b2b57751d3e_config-0] Fail to connect server, after trying 7 times, last try server is {serverIp = 'localhost', server main port = 8848}, error = unknown
01:05:27:392 ERROR 55204 --- [com.alibaba.nacos.client.remote.worker] c.a.n.c.remote.client.grpc.GrpcClient    : Server check fail, please check server localhost ,port 9848 is available , error ={}

java.util.concurrent.ExecutionException: com.alibaba.nacos.shaded.io.grpc.StatusRuntimeException: UNAVAILABLE: io exception
	at com.alibaba.nacos.shaded.com.google.common.util.concurrent.AbstractFuture.getDoneValue(AbstractFuture.java:566) ~[nacos-client-2.0.4.jar:na]
	at com.alibaba.nacos.shaded.com.google.common.util.concurrent.AbstractFuture.get(AbstractFuture.java:445) ~[nacos-client-2.0.4.jar:na]
	at com.alibaba.nacos.common.remote.client.grpc.GrpcClient.serverCheck(GrpcClient.java:148) ~[nacos-client-2.0.4.jar:na]
	at com.alibaba.nacos.common.remote.client.grpc.GrpcClient.connectToServer(GrpcClient.java:264) ~[nacos-client-2.0.4.jar:na]
	at com.alibaba.nacos.common.remote.client.RpcClient.reconnect(RpcClient.java:522) ~[nacos-client-2.0.4.jar:na]
	at com.alibaba.nacos.common.remote.client.RpcClient.lambda$start$2(RpcClient.java:370) ~[nacos-client-2.0.4.jar:na]
	at java.base/java.util.concurrent.Executors$RunnableAdapter.call(Executors.java:515) ~[na:na]
	at java.base/java.util.concurrent.FutureTask.run$$$capture(FutureTask.java:264) ~[na:na]
	at java.base/java.util.concurrent.FutureTask.run(FutureTask.java) ~[na:na]
	at java.base/java.util.concurrent.ScheduledThreadPoolExecutor$ScheduledFutureTask.run(ScheduledThreadPoolExecutor.java:304) ~[na:na]
	at java.base/java.util.concurrent.ThreadPoolExecutor.runWorker(ThreadPoolExecutor.java:1128) ~[na:na]
	at java.base/java.util.concurrent.ThreadPoolExecutor$Worker.run(ThreadPoolExecutor.java:628) ~[na:na]
	at java.base/java.lang.Thread.run(Thread.java:829) ~[na:na]
Caused by: com.alibaba.nacos.shaded.io.grpc.StatusRuntimeException: UNAVAILABLE: io exception
	at com.alibaba.nacos.shaded.io.grpc.Status.asRuntimeException(Status.java:533) ~[nacos-client-2.0.4.jar:na]
	at com.alibaba.nacos.shaded.io.grpc.stub.ClientCalls$UnaryStreamToFuture.onClose(ClientCalls.java:490) ~[nacos-client-2.0.4.jar:na]
	at com.alibaba.nacos.shaded.io.grpc.PartialForwardingClientCallListener.onClose(PartialForwardingClientCallListener.java:39) ~[nacos-client-2.0.4.jar:na]
	at com.alibaba.nacos.shaded.io.grpc.ForwardingClientCallListener.onClose(ForwardingClientCallListener.java:23) ~[nacos-client-2.0.4.jar:na]
	at com.alibaba.nacos.shaded.io.grpc.ForwardingClientCallListener$SimpleForwardingClientCallListener.onClose(ForwardingClientCallListener.java:40) ~[nacos-client-2.0.4.jar:na]
	at com.alibaba.nacos.shaded.io.grpc.internal.CensusStatsModule$StatsClientInterceptor$1$1.onClose(CensusStatsModule.java:700) ~[nacos-client-2.0.4.jar:na]
	at com.alibaba.nacos.shaded.io.grpc.PartialForwardingClientCallListener.onClose(PartialForwardingClientCallListener.java:39) ~[nacos-client-2.0.4.jar:na]
	at com.alibaba.nacos.shaded.io.grpc.ForwardingClientCallListener.onClose(ForwardingClientCallListener.java:23) ~[nacos-client-2.0.4.jar:na]
	at com.alibaba.nacos.shaded.io.grpc.ForwardingClientCallListener$SimpleForwardingClientCallListener.onClose(ForwardingClientCallListener.java:40) ~[nacos-client-2.0.4.jar:na]
	at com.alibaba.nacos.shaded.io.grpc.internal.CensusTracingModule$TracingClientInterceptor$1$1.onClose(CensusTracingModule.java:399) ~[nacos-client-2.0.4.jar:na]
	at com.alibaba.nacos.shaded.io.grpc.internal.ClientCallImpl.closeObserver(ClientCallImpl.java:510) ~[nacos-client-2.0.4.jar:na]
	at com.alibaba.nacos.shaded.io.grpc.internal.ClientCallImpl.access$300(ClientCallImpl.java:66) ~[nacos-client-2.0.4.jar:na]
	at com.alibaba.nacos.shaded.io.grpc.internal.ClientCallImpl$ClientStreamListenerImpl.close(ClientCallImpl.java:630) ~[nacos-client-2.0.4.jar:na]
	at com.alibaba.nacos.shaded.io.grpc.internal.ClientCallImpl$ClientStreamListenerImpl.access$700(ClientCallImpl.java:518) ~[nacos-client-2.0.4.jar:na]
	at com.alibaba.nacos.shaded.io.grpc.internal.ClientCallImpl$ClientStreamListenerImpl$1StreamClosed.runInternal(ClientCallImpl.java:692) ~[nacos-client-2.0.4.jar:na]
	at com.alibaba.nacos.shaded.io.grpc.internal.ClientCallImpl$ClientStreamListenerImpl$1StreamClosed.runInContext(ClientCallImpl.java:681) ~[nacos-client-2.0.4.jar:na]
	at com.alibaba.nacos.shaded.io.grpc.internal.ContextRunnable.run(ContextRunnable.java:37) ~[nacos-client-2.0.4.jar:na]
	at com.alibaba.nacos.shaded.io.grpc.internal.SerializingExecutor.run(SerializingExecutor.java:123) ~[nacos-client-2.0.4.jar:na]
	... 3 common frames omitted
Caused by: com.alibaba.nacos.shaded.io.grpc.netty.shaded.io.netty.channel.AbstractChannel$AnnotatedConnectException: Connection refused: localhost/0:0:0:0:0:0:0:1:9848
Caused by: java.net.ConnectException: Connection refused
	at java.base/sun.nio.ch.SocketChannelImpl.checkConnect(Native Method) ~[na:na]
	at java.base/sun.nio.ch.SocketChannelImpl.finishConnect(SocketChannelImpl.java:777) ~[na:na]
	at com.alibaba.nacos.shaded.io.grpc.netty.shaded.io.netty.channel.socket.nio.NioSocketChannel.doFinishConnect(NioSocketChannel.java:327) ~[nacos-client-2.0.4.jar:na]
	at com.alibaba.nacos.shaded.io.grpc.netty.shaded.io.netty.channel.nio.AbstractNioChannel$AbstractNioUnsafe.finishConnect(AbstractNioChannel.java:336) ~[nacos-client-2.0.4.jar:na]
	at com.alibaba.nacos.shaded.io.grpc.netty.shaded.io.netty.channel.nio.NioEventLoop.processSelectedKey(NioEventLoop.java:685) ~[nacos-client-2.0.4.jar:na]
	at com.alibaba.nacos.shaded.io.grpc.netty.shaded.io.netty.channel.nio.NioEventLoop.processSelectedKeysOptimized(NioEventLoop.java:632) ~[nacos-client-2.0.4.jar:na]
	at com.alibaba.nacos.shaded.io.grpc.netty.shaded.io.netty.channel.nio.NioEventLoop.processSelectedKeys(NioEventLoop.java:549) ~[nacos-client-2.0.4.jar:na]
	at com.alibaba.nacos.shaded.io.grpc.netty.shaded.io.netty.channel.nio.NioEventLoop.run(NioEventLoop.java:511) ~[nacos-client-2.0.4.jar:na]
	at com.alibaba.nacos.shaded.io.grpc.netty.shaded.io.netty.util.concurrent.SingleThreadEventExecutor$5.run(SingleThreadEventExecutor.java:918) ~[nacos-client-2.0.4.jar:na]
	at com.alibaba.nacos.shaded.io.grpc.netty.shaded.io.netty.util.internal.ThreadExecutorMap$2.run(ThreadExecutorMap.java:74) ~[nacos-client-2.0.4.jar:na]
	at com.alibaba.nacos.shaded.io.grpc.netty.shaded.io.netty.util.concurrent.FastThreadLocalRunnable.run(FastThreadLocalRunnable.java:30) ~[nacos-client-2.0.4.jar:na]
	at java.base/java.lang.Thread.run(Thread.java:829) ~[na:na]

01:05:27:392  INFO 55204 --- [com.alibaba.nacos.client.remote.worker] com.alibaba.nacos.common.remote.client   : [b0b8ad0a-9d36-485a-93d1-4b2b57751d3e_config-0] Fail to connect server, after trying 8 times, last try server is {serverIp = 'localhost', server main port = 8848}, error = unknown
01:05:27:628  INFO 55204 --- [main] pertySourcedRequestMappingHandlerMapping : Mapped URL path [/v2/api-docs] onto method [springfox.documentation.swagger2.web.Swagger2ControllerWebMvc#getDocumentation(String, HttpServletRequest)]
01:05:28:206  INFO 55204 --- [main] com.alibaba.nacos.common.remote.client   : [RpcClientFactory] create a new rpc client of d034c830-8bd2-4f4e-9bc8-e746a4d0b664
01:05:28:206  INFO 55204 --- [main] com.alibaba.nacos.common.remote.client   : [d034c830-8bd2-4f4e-9bc8-e746a4d0b664] RpcClient init label, labels = {module=naming, source=sdk}
01:05:28:215  INFO 55204 --- [main] com.alibaba.nacos.common.remote.client   : [d034c830-8bd2-4f4e-9bc8-e746a4d0b664] RpcClient init, ServerListFactory = com.alibaba.nacos.client.naming.core.ServerListManager
01:05:28:215  INFO 55204 --- [main] com.alibaba.nacos.common.remote.client   : [d034c830-8bd2-4f4e-9bc8-e746a4d0b664] Registry connection listener to current client:com.alibaba.nacos.client.naming.remote.gprc.redo.NamingGrpcRedoService
01:05:28:215  INFO 55204 --- [main] com.alibaba.nacos.common.remote.client   : [d034c830-8bd2-4f4e-9bc8-e746a4d0b664] Register server push request handler:com.alibaba.nacos.client.naming.remote.gprc.NamingPushRequestHandler
01:05:28:216  INFO 55204 --- [main] com.alibaba.nacos.common.remote.client   : [d034c830-8bd2-4f4e-9bc8-e746a4d0b664] Try to connect to server on start up, server: {serverIp = 'localhost', server main port = 8848}
01:05:28:233 ERROR 55204 --- [main] c.a.n.c.remote.client.grpc.GrpcClient    : Server check fail, please check server localhost ,port 9848 is available , error ={}

java.util.concurrent.ExecutionException: com.alibaba.nacos.shaded.io.grpc.StatusRuntimeException: UNAVAILABLE: io exception
	at com.alibaba.nacos.shaded.com.google.common.util.concurrent.AbstractFuture.getDoneValue(AbstractFuture.java:566) ~[nacos-client-2.0.4.jar:na]
	at com.alibaba.nacos.shaded.com.google.common.util.concurrent.AbstractFuture.get(AbstractFuture.java:445) ~[nacos-client-2.0.4.jar:na]
	at com.alibaba.nacos.common.remote.client.grpc.GrpcClient.serverCheck(GrpcClient.java:148) ~[nacos-client-2.0.4.jar:na]
	at com.alibaba.nacos.common.remote.client.grpc.GrpcClient.connectToServer(GrpcClient.java:264) ~[nacos-client-2.0.4.jar:na]
	at com.alibaba.nacos.common.remote.client.RpcClient.start(RpcClient.java:390) ~[nacos-client-2.0.4.jar:na]
	at com.alibaba.nacos.client.naming.remote.gprc.NamingGrpcClientProxy.start(NamingGrpcClientProxy.java:96) ~[nacos-client-2.0.4.jar:na]
	at com.alibaba.nacos.client.naming.remote.gprc.NamingGrpcClientProxy.<init>(NamingGrpcClientProxy.java:89) ~[nacos-client-2.0.4.jar:na]
	at com.alibaba.nacos.client.naming.remote.NamingClientProxyDelegate.<init>(NamingClientProxyDelegate.java:76) ~[nacos-client-2.0.4.jar:na]
	at com.alibaba.nacos.client.naming.NacosNamingService.init(NacosNamingService.java:95) ~[nacos-client-2.0.4.jar:na]
	at com.alibaba.nacos.client.naming.NacosNamingService.<init>(NacosNamingService.java:81) ~[nacos-client-2.0.4.jar:na]
	at java.base/jdk.internal.reflect.NativeConstructorAccessorImpl.newInstance0(Native Method) ~[na:na]
	at java.base/jdk.internal.reflect.NativeConstructorAccessorImpl.newInstance(NativeConstructorAccessorImpl.java:62) ~[na:na]
	at java.base/jdk.internal.reflect.DelegatingConstructorAccessorImpl.newInstance(DelegatingConstructorAccessorImpl.java:45) ~[na:na]
	at java.base/java.lang.reflect.Constructor.newInstance(Constructor.java:490) ~[na:na]
	at com.alibaba.nacos.api.naming.NamingFactory.createNamingService(NamingFactory.java:59) ~[nacos-client-2.0.4.jar:na]
	at com.alibaba.nacos.api.NacosFactory.createNamingService(NacosFactory.java:77) ~[nacos-client-2.0.4.jar:na]
	at com.alibaba.cloud.nacos.NacosServiceManager.createNewNamingService(NacosServiceManager.java:99) ~[spring-cloud-starter-alibaba-nacos-discovery-2021.0.4.0.jar:2021.0.4.0]
	at com.alibaba.cloud.nacos.NacosServiceManager.buildNamingService(NacosServiceManager.java:90) ~[spring-cloud-starter-alibaba-nacos-discovery-2021.0.4.0.jar:2021.0.4.0]
	at com.alibaba.cloud.nacos.NacosServiceManager.getNamingService(NacosServiceManager.java:46) ~[spring-cloud-starter-alibaba-nacos-discovery-2021.0.4.0.jar:2021.0.4.0]
	at com.alibaba.cloud.nacos.discovery.NacosWatch.start(NacosWatch.java:130) ~[spring-cloud-starter-alibaba-nacos-discovery-2021.0.4.0.jar:2021.0.4.0]
	at org.springframework.context.support.DefaultLifecycleProcessor.doStart(DefaultLifecycleProcessor.java:178) ~[spring-context-5.3.27.jar:5.3.27]
	at org.springframework.context.support.DefaultLifecycleProcessor.access$200(DefaultLifecycleProcessor.java:54) ~[spring-context-5.3.27.jar:5.3.27]
	at org.springframework.context.support.DefaultLifecycleProcessor$LifecycleGroup.start(DefaultLifecycleProcessor.java:356) ~[spring-context-5.3.27.jar:5.3.27]
	at java.base/java.lang.Iterable.forEach(Iterable.java:75) ~[na:na]
	at org.springframework.context.support.DefaultLifecycleProcessor.startBeans(DefaultLifecycleProcessor.java:155) ~[spring-context-5.3.27.jar:5.3.27]
	at org.springframework.context.support.DefaultLifecycleProcessor.onRefresh(DefaultLifecycleProcessor.java:123) ~[spring-context-5.3.27.jar:5.3.27]
	at org.springframework.context.support.AbstractApplicationContext.finishRefresh(AbstractApplicationContext.java:937) ~[spring-context-5.3.27.jar:5.3.27]
	at org.springframework.context.support.AbstractApplicationContext.refresh(AbstractApplicationContext.java:586) ~[spring-context-5.3.27.jar:5.3.27]
	at org.springframework.boot.SpringApplication.refresh(SpringApplication.java:731) ~[spring-boot-2.7.12.jar:2.7.12]
	at org.springframework.boot.SpringApplication.refreshContext(SpringApplication.java:408) ~[spring-boot-2.7.12.jar:2.7.12]
	at org.springframework.boot.SpringApplication.run(SpringApplication.java:307) ~[spring-boot-2.7.12.jar:2.7.12]
	at org.springframework.boot.test.context.SpringBootContextLoader.loadContext(SpringBootContextLoader.java:136) ~[spring-boot-test-2.7.12.jar:2.7.12]
	at org.springframework.test.context.cache.DefaultCacheAwareContextLoaderDelegate.loadContextInternal(DefaultCacheAwareContextLoaderDelegate.java:141) ~[spring-test-5.3.27.jar:5.3.27]
	at org.springframework.test.context.cache.DefaultCacheAwareContextLoaderDelegate.loadContext(DefaultCacheAwareContextLoaderDelegate.java:90) ~[spring-test-5.3.27.jar:5.3.27]
	at org.springframework.test.context.support.DefaultTestContext.getApplicationContext(DefaultTestContext.java:124) ~[spring-test-5.3.27.jar:5.3.27]
	at org.springframework.test.context.web.ServletTestExecutionListener.setUpRequestContextIfNecessary(ServletTestExecutionListener.java:190) ~[spring-test-5.3.27.jar:5.3.27]
	at org.springframework.test.context.web.ServletTestExecutionListener.prepareTestInstance(ServletTestExecutionListener.java:132) ~[spring-test-5.3.27.jar:5.3.27]
	at org.springframework.test.context.TestContextManager.prepareTestInstance(TestContextManager.java:248) ~[spring-test-5.3.27.jar:5.3.27]
	at org.springframework.test.context.junit.jupiter.SpringExtension.postProcessTestInstance(SpringExtension.java:138) ~[spring-test-5.3.27.jar:5.3.27]
	at org.junit.jupiter.engine.descriptor.ClassBasedTestDescriptor.lambda$invokeTestInstancePostProcessors$8(ClassBasedTestDescriptor.java:363) ~[junit-jupiter-engine-5.8.2.jar:5.8.2]
	at org.junit.jupiter.engine.descriptor.ClassBasedTestDescriptor.executeAndMaskThrowable(ClassBasedTestDescriptor.java:368) ~[junit-jupiter-engine-5.8.2.jar:5.8.2]
	at org.junit.jupiter.engine.descriptor.ClassBasedTestDescriptor.lambda$invokeTestInstancePostProcessors$9(ClassBasedTestDescriptor.java:363) ~[junit-jupiter-engine-5.8.2.jar:5.8.2]
	at java.base/java.util.stream.ReferencePipeline$3$1.accept(ReferencePipeline.java:195) ~[na:na]
	at java.base/java.util.stream.ReferencePipeline$2$1.accept(ReferencePipeline.java:177) ~[na:na]
	at java.base/java.util.ArrayList$ArrayListSpliterator.forEachRemaining(ArrayList.java:1655) ~[na:na]
	at java.base/java.util.stream.AbstractPipeline.copyInto(AbstractPipeline.java:484) ~[na:na]
	at java.base/java.util.stream.AbstractPipeline.wrapAndCopyInto(AbstractPipeline.java:474) ~[na:na]
	at java.base/java.util.stream.StreamSpliterators$WrappingSpliterator.forEachRemaining(StreamSpliterators.java:312) ~[na:na]
	at java.base/java.util.stream.Streams$ConcatSpliterator.forEachRemaining(Streams.java:735) ~[na:na]
	at java.base/java.util.stream.Streams$ConcatSpliterator.forEachRemaining(Streams.java:734) ~[na:na]
	at java.base/java.util.stream.ReferencePipeline$Head.forEach(ReferencePipeline.java:658) ~[na:na]
	at org.junit.jupiter.engine.descriptor.ClassBasedTestDescriptor.invokeTestInstancePostProcessors(ClassBasedTestDescriptor.java:362) ~[junit-jupiter-engine-5.8.2.jar:5.8.2]
	at org.junit.jupiter.engine.descriptor.ClassBasedTestDescriptor.lambda$instantiateAndPostProcessTestInstance$6(ClassBasedTestDescriptor.java:283) ~[junit-jupiter-engine-5.8.2.jar:5.8.2]
	at org.junit.platform.engine.support.hierarchical.ThrowableCollector.execute(ThrowableCollector.java:73) ~[junit-platform-engine-1.8.2.jar:1.8.2]
	at org.junit.jupiter.engine.descriptor.ClassBasedTestDescriptor.instantiateAndPostProcessTestInstance(ClassBasedTestDescriptor.java:282) ~[junit-jupiter-engine-5.8.2.jar:5.8.2]
	at org.junit.jupiter.engine.descriptor.ClassBasedTestDescriptor.lambda$testInstancesProvider$4(ClassBasedTestDescriptor.java:272) ~[junit-jupiter-engine-5.8.2.jar:5.8.2]
	at java.base/java.util.Optional.orElseGet(Optional.java:369) ~[na:na]
	at org.junit.jupiter.engine.descriptor.ClassBasedTestDescriptor.lambda$testInstancesProvider$5(ClassBasedTestDescriptor.java:271) ~[junit-jupiter-engine-5.8.2.jar:5.8.2]
	at org.junit.jupiter.engine.execution.TestInstancesProvider.getTestInstances(TestInstancesProvider.java:31) ~[junit-jupiter-engine-5.8.2.jar:5.8.2]
	at org.junit.jupiter.engine.descriptor.TestMethodTestDescriptor.lambda$prepare$0(TestMethodTestDescriptor.java:102) ~[junit-jupiter-engine-5.8.2.jar:5.8.2]
	at org.junit.platform.engine.support.hierarchical.ThrowableCollector.execute(ThrowableCollector.java:73) ~[junit-platform-engine-1.8.2.jar:1.8.2]
	at org.junit.jupiter.engine.descriptor.TestMethodTestDescriptor.prepare(TestMethodTestDescriptor.java:101) ~[junit-jupiter-engine-5.8.2.jar:5.8.2]
	at org.junit.jupiter.engine.descriptor.TestMethodTestDescriptor.prepare(TestMethodTestDescriptor.java:66) ~[junit-jupiter-engine-5.8.2.jar:5.8.2]
	at org.junit.platform.engine.support.hierarchical.NodeTestTask.lambda$prepare$2(NodeTestTask.java:123) ~[junit-platform-engine-1.8.2.jar:1.8.2]
	at org.junit.platform.engine.support.hierarchical.ThrowableCollector.execute(ThrowableCollector.java:73) ~[junit-platform-engine-1.8.2.jar:1.8.2]
	at org.junit.platform.engine.support.hierarchical.NodeTestTask.prepare(NodeTestTask.java:123) ~[junit-platform-engine-1.8.2.jar:1.8.2]
	at org.junit.platform.engine.support.hierarchical.NodeTestTask.execute(NodeTestTask.java:90) ~[junit-platform-engine-1.8.2.jar:1.8.2]
	at java.base/java.util.ArrayList.forEach(ArrayList.java:1541) ~[na:na]
	at org.junit.platform.engine.support.hierarchical.SameThreadHierarchicalTestExecutorService.invokeAll(SameThreadHierarchicalTestExecutorService.java:41) ~[junit-platform-engine-1.8.2.jar:1.8.2]
	at org.junit.platform.engine.support.hierarchical.NodeTestTask.lambda$executeRecursively$6(NodeTestTask.java:155) ~[junit-platform-engine-1.8.2.jar:1.8.2]
	at org.junit.platform.engine.support.hierarchical.ThrowableCollector.execute(ThrowableCollector.java:73) ~[junit-platform-engine-1.8.2.jar:1.8.2]
	at org.junit.platform.engine.support.hierarchical.NodeTestTask.lambda$executeRecursively$8(NodeTestTask.java:141) ~[junit-platform-engine-1.8.2.jar:1.8.2]
	at org.junit.platform.engine.support.hierarchical.Node.around(Node.java:137) ~[junit-platform-engine-1.8.2.jar:1.8.2]
	at org.junit.platform.engine.support.hierarchical.NodeTestTask.lambda$executeRecursively$9(NodeTestTask.java:139) ~[junit-platform-engine-1.8.2.jar:1.8.2]
	at org.junit.platform.engine.support.hierarchical.ThrowableCollector.execute(ThrowableCollector.java:73) ~[junit-platform-engine-1.8.2.jar:1.8.2]
	at org.junit.platform.engine.support.hierarchical.NodeTestTask.executeRecursively(NodeTestTask.java:138) ~[junit-platform-engine-1.8.2.jar:1.8.2]
	at org.junit.platform.engine.support.hierarchical.NodeTestTask.execute(NodeTestTask.java:95) ~[junit-platform-engine-1.8.2.jar:1.8.2]
	at java.base/java.util.ArrayList.forEach(ArrayList.java:1541) ~[na:na]
	at org.junit.platform.engine.support.hierarchical.SameThreadHierarchicalTestExecutorService.invokeAll(SameThreadHierarchicalTestExecutorService.java:41) ~[junit-platform-engine-1.8.2.jar:1.8.2]
	at org.junit.platform.engine.support.hierarchical.NodeTestTask.lambda$executeRecursively$6(NodeTestTask.java:155) ~[junit-platform-engine-1.8.2.jar:1.8.2]
	at org.junit.platform.engine.support.hierarchical.ThrowableCollector.execute(ThrowableCollector.java:73) ~[junit-platform-engine-1.8.2.jar:1.8.2]
	at org.junit.platform.engine.support.hierarchical.NodeTestTask.lambda$executeRecursively$8(NodeTestTask.java:141) ~[junit-platform-engine-1.8.2.jar:1.8.2]
	at org.junit.platform.engine.support.hierarchical.Node.around(Node.java:137) ~[junit-platform-engine-1.8.2.jar:1.8.2]
	at org.junit.platform.engine.support.hierarchical.NodeTestTask.lambda$executeRecursively$9(NodeTestTask.java:139) ~[junit-platform-engine-1.8.2.jar:1.8.2]
	at org.junit.platform.engine.support.hierarchical.ThrowableCollector.execute(ThrowableCollector.java:73) ~[junit-platform-engine-1.8.2.jar:1.8.2]
	at org.junit.platform.engine.support.hierarchical.NodeTestTask.executeRecursively(NodeTestTask.java:138) ~[junit-platform-engine-1.8.2.jar:1.8.2]
	at org.junit.platform.engine.support.hierarchical.NodeTestTask.execute(NodeTestTask.java:95) ~[junit-platform-engine-1.8.2.jar:1.8.2]
	at org.junit.platform.engine.support.hierarchical.SameThreadHierarchicalTestExecutorService.submit(SameThreadHierarchicalTestExecutorService.java:35) ~[junit-platform-engine-1.8.2.jar:1.8.2]
	at org.junit.platform.engine.support.hierarchical.HierarchicalTestExecutor.execute(HierarchicalTestExecutor.java:57) ~[junit-platform-engine-1.8.2.jar:1.8.2]
	at org.junit.platform.engine.support.hierarchical.HierarchicalTestEngine.execute(HierarchicalTestEngine.java:54) ~[junit-platform-engine-1.8.2.jar:1.8.2]
	at org.junit.platform.launcher.core.EngineExecutionOrchestrator.execute(EngineExecutionOrchestrator.java:107) ~[junit-platform-launcher-1.8.2.jar:1.8.2]
	at org.junit.platform.launcher.core.EngineExecutionOrchestrator.execute(EngineExecutionOrchestrator.java:88) ~[junit-platform-launcher-1.8.2.jar:1.8.2]
	at org.junit.platform.launcher.core.EngineExecutionOrchestrator.lambda$execute$0(EngineExecutionOrchestrator.java:54) ~[junit-platform-launcher-1.8.2.jar:1.8.2]
	at org.junit.platform.launcher.core.EngineExecutionOrchestrator.withInterceptedStreams(EngineExecutionOrchestrator.java:67) ~[junit-platform-launcher-1.8.2.jar:1.8.2]
	at org.junit.platform.launcher.core.EngineExecutionOrchestrator.execute(EngineExecutionOrchestrator.java:52) ~[junit-platform-launcher-1.8.2.jar:1.8.2]
	at org.junit.platform.launcher.core.DefaultLauncher.execute(DefaultLauncher.java:114) ~[junit-platform-launcher-1.8.2.jar:1.8.2]
	at org.junit.platform.launcher.core.DefaultLauncher.execute(DefaultLauncher.java:86) ~[junit-platform-launcher-1.8.2.jar:1.8.2]
	at org.junit.platform.launcher.core.DefaultLauncherSession$DelegatingLauncher.execute(DefaultLauncherSession.java:86) ~[junit-platform-launcher-1.8.2.jar:1.8.2]
	at org.junit.platform.launcher.core.SessionPerRequestLauncher.execute(SessionPerRequestLauncher.java:53) ~[junit-platform-launcher-1.8.2.jar:1.8.2]
	at com.intellij.junit5.JUnit5TestRunnerHelper.execute(JUnit5TestRunnerHelper.java:134) ~[junit5-rt.jar:na]
	at com.intellij.junit5.JUnit5IdeaTestRunner.startRunnerWithArgs(JUnit5IdeaTestRunner.java:70) ~[junit5-rt.jar:na]
	at com.intellij.rt.junit.IdeaTestRunner$Repeater$1.execute(IdeaTestRunner.java:38) ~[junit-rt.jar:na]
	at com.intellij.rt.execution.junit.TestsRepeater.repeat(TestsRepeater.java:11) ~[idea_rt.jar:na]
	at com.intellij.rt.junit.IdeaTestRunner$Repeater.startRunnerWithArgs(IdeaTestRunner.java:35) ~[junit-rt.jar:na]
	at com.intellij.rt.junit.JUnitStarter.prepareStreamsAndStart(JUnitStarter.java:225) ~[junit-rt.jar:na]
	at com.intellij.rt.junit.JUnitStarter.main(JUnitStarter.java:61) ~[junit-rt.jar:na]
Caused by: com.alibaba.nacos.shaded.io.grpc.StatusRuntimeException: UNAVAILABLE: io exception
	at com.alibaba.nacos.shaded.io.grpc.Status.asRuntimeException(Status.java:533) ~[nacos-client-2.0.4.jar:na]
	at com.alibaba.nacos.shaded.io.grpc.stub.ClientCalls$UnaryStreamToFuture.onClose(ClientCalls.java:490) ~[nacos-client-2.0.4.jar:na]
	at com.alibaba.nacos.shaded.io.grpc.PartialForwardingClientCallListener.onClose(PartialForwardingClientCallListener.java:39) ~[nacos-client-2.0.4.jar:na]
	at com.alibaba.nacos.shaded.io.grpc.ForwardingClientCallListener.onClose(ForwardingClientCallListener.java:23) ~[nacos-client-2.0.4.jar:na]
	at com.alibaba.nacos.shaded.io.grpc.ForwardingClientCallListener$SimpleForwardingClientCallListener.onClose(ForwardingClientCallListener.java:40) ~[nacos-client-2.0.4.jar:na]
	at com.alibaba.nacos.shaded.io.grpc.internal.CensusStatsModule$StatsClientInterceptor$1$1.onClose(CensusStatsModule.java:700) ~[nacos-client-2.0.4.jar:na]
	at com.alibaba.nacos.shaded.io.grpc.PartialForwardingClientCallListener.onClose(PartialForwardingClientCallListener.java:39) ~[nacos-client-2.0.4.jar:na]
	at com.alibaba.nacos.shaded.io.grpc.ForwardingClientCallListener.onClose(ForwardingClientCallListener.java:23) ~[nacos-client-2.0.4.jar:na]
	at com.alibaba.nacos.shaded.io.grpc.ForwardingClientCallListener$SimpleForwardingClientCallListener.onClose(ForwardingClientCallListener.java:40) ~[nacos-client-2.0.4.jar:na]
	at com.alibaba.nacos.shaded.io.grpc.internal.CensusTracingModule$TracingClientInterceptor$1$1.onClose(CensusTracingModule.java:399) ~[nacos-client-2.0.4.jar:na]
	at com.alibaba.nacos.shaded.io.grpc.internal.ClientCallImpl.closeObserver(ClientCallImpl.java:510) ~[nacos-client-2.0.4.jar:na]
	at com.alibaba.nacos.shaded.io.grpc.internal.ClientCallImpl.access$300(ClientCallImpl.java:66) ~[nacos-client-2.0.4.jar:na]
	at com.alibaba.nacos.shaded.io.grpc.internal.ClientCallImpl$ClientStreamListenerImpl.close(ClientCallImpl.java:630) ~[nacos-client-2.0.4.jar:na]
	at com.alibaba.nacos.shaded.io.grpc.internal.ClientCallImpl$ClientStreamListenerImpl.access$700(ClientCallImpl.java:518) ~[nacos-client-2.0.4.jar:na]
	at com.alibaba.nacos.shaded.io.grpc.internal.ClientCallImpl$ClientStreamListenerImpl$1StreamClosed.runInternal(ClientCallImpl.java:692) ~[nacos-client-2.0.4.jar:na]
	at com.alibaba.nacos.shaded.io.grpc.internal.ClientCallImpl$ClientStreamListenerImpl$1StreamClosed.runInContext(ClientCallImpl.java:681) ~[nacos-client-2.0.4.jar:na]
	at com.alibaba.nacos.shaded.io.grpc.internal.ContextRunnable.run(ContextRunnable.java:37) ~[nacos-client-2.0.4.jar:na]
	at com.alibaba.nacos.shaded.io.grpc.internal.SerializingExecutor.run(SerializingExecutor.java:123) ~[nacos-client-2.0.4.jar:na]
	at java.base/java.util.concurrent.ThreadPoolExecutor.runWorker(ThreadPoolExecutor.java:1128) ~[na:na]
	at java.base/java.util.concurrent.ThreadPoolExecutor$Worker.run(ThreadPoolExecutor.java:628) ~[na:na]
	at java.base/java.lang.Thread.run(Thread.java:829) ~[na:na]
Caused by: com.alibaba.nacos.shaded.io.grpc.netty.shaded.io.netty.channel.AbstractChannel$AnnotatedConnectException: Connection refused: localhost/0:0:0:0:0:0:0:1:9848
Caused by: java.net.ConnectException: Connection refused
	at java.base/sun.nio.ch.SocketChannelImpl.checkConnect(Native Method) ~[na:na]
	at java.base/sun.nio.ch.SocketChannelImpl.finishConnect(SocketChannelImpl.java:777) ~[na:na]
	at com.alibaba.nacos.shaded.io.grpc.netty.shaded.io.netty.channel.socket.nio.NioSocketChannel.doFinishConnect(NioSocketChannel.java:327) ~[nacos-client-2.0.4.jar:na]
	at com.alibaba.nacos.shaded.io.grpc.netty.shaded.io.netty.channel.nio.AbstractNioChannel$AbstractNioUnsafe.finishConnect(AbstractNioChannel.java:336) ~[nacos-client-2.0.4.jar:na]
	at com.alibaba.nacos.shaded.io.grpc.netty.shaded.io.netty.channel.nio.NioEventLoop.processSelectedKey(NioEventLoop.java:685) ~[nacos-client-2.0.4.jar:na]
	at com.alibaba.nacos.shaded.io.grpc.netty.shaded.io.netty.channel.nio.NioEventLoop.processSelectedKeysOptimized(NioEventLoop.java:632) ~[nacos-client-2.0.4.jar:na]
	at com.alibaba.nacos.shaded.io.grpc.netty.shaded.io.netty.channel.nio.NioEventLoop.processSelectedKeys(NioEventLoop.java:549) ~[nacos-client-2.0.4.jar:na]
	at com.alibaba.nacos.shaded.io.grpc.netty.shaded.io.netty.channel.nio.NioEventLoop.run(NioEventLoop.java:511) ~[nacos-client-2.0.4.jar:na]
	at com.alibaba.nacos.shaded.io.grpc.netty.shaded.io.netty.util.concurrent.SingleThreadEventExecutor$5.run(SingleThreadEventExecutor.java:918) ~[nacos-client-2.0.4.jar:na]
	at com.alibaba.nacos.shaded.io.grpc.netty.shaded.io.netty.util.internal.ThreadExecutorMap$2.run(ThreadExecutorMap.java:74) ~[nacos-client-2.0.4.jar:na]
	at com.alibaba.nacos.shaded.io.grpc.netty.shaded.io.netty.util.concurrent.FastThreadLocalRunnable.run(FastThreadLocalRunnable.java:30) ~[nacos-client-2.0.4.jar:na]
	at java.base/java.lang.Thread.run(Thread.java:829) ~[na:na]

01:05:28:234  INFO 55204 --- [main] com.alibaba.nacos.common.remote.client   : [d034c830-8bd2-4f4e-9bc8-e746a4d0b664] Try to connect to server on start up, server: {serverIp = 'localhost', server main port = 8848}
01:05:28:239 ERROR 55204 --- [main] c.a.n.c.remote.client.grpc.GrpcClient    : Server check fail, please check server localhost ,port 9848 is available , error ={}

java.util.concurrent.ExecutionException: com.alibaba.nacos.shaded.io.grpc.StatusRuntimeException: UNAVAILABLE: io exception
	at com.alibaba.nacos.shaded.com.google.common.util.concurrent.AbstractFuture.getDoneValue(AbstractFuture.java:566) ~[nacos-client-2.0.4.jar:na]
	at com.alibaba.nacos.shaded.com.google.common.util.concurrent.AbstractFuture.get(AbstractFuture.java:445) ~[nacos-client-2.0.4.jar:na]
	at com.alibaba.nacos.common.remote.client.grpc.GrpcClient.serverCheck(GrpcClient.java:148) ~[nacos-client-2.0.4.jar:na]
	at com.alibaba.nacos.common.remote.client.grpc.GrpcClient.connectToServer(GrpcClient.java:264) ~[nacos-client-2.0.4.jar:na]
	at com.alibaba.nacos.common.remote.client.RpcClient.start(RpcClient.java:390) ~[nacos-client-2.0.4.jar:na]
	at com.alibaba.nacos.client.naming.remote.gprc.NamingGrpcClientProxy.start(NamingGrpcClientProxy.java:96) ~[nacos-client-2.0.4.jar:na]
	at com.alibaba.nacos.client.naming.remote.gprc.NamingGrpcClientProxy.<init>(NamingGrpcClientProxy.java:89) ~[nacos-client-2.0.4.jar:na]
	at com.alibaba.nacos.client.naming.remote.NamingClientProxyDelegate.<init>(NamingClientProxyDelegate.java:76) ~[nacos-client-2.0.4.jar:na]
	at com.alibaba.nacos.client.naming.NacosNamingService.init(NacosNamingService.java:95) ~[nacos-client-2.0.4.jar:na]
	at com.alibaba.nacos.client.naming.NacosNamingService.<init>(NacosNamingService.java:81) ~[nacos-client-2.0.4.jar:na]
	at java.base/jdk.internal.reflect.NativeConstructorAccessorImpl.newInstance0(Native Method) ~[na:na]
	at java.base/jdk.internal.reflect.NativeConstructorAccessorImpl.newInstance(NativeConstructorAccessorImpl.java:62) ~[na:na]
	at java.base/jdk.internal.reflect.DelegatingConstructorAccessorImpl.newInstance(DelegatingConstructorAccessorImpl.java:45) ~[na:na]
	at java.base/java.lang.reflect.Constructor.newInstance(Constructor.java:490) ~[na:na]
	at com.alibaba.nacos.api.naming.NamingFactory.createNamingService(NamingFactory.java:59) ~[nacos-client-2.0.4.jar:na]
	at com.alibaba.nacos.api.NacosFactory.createNamingService(NacosFactory.java:77) ~[nacos-client-2.0.4.jar:na]
	at com.alibaba.cloud.nacos.NacosServiceManager.createNewNamingService(NacosServiceManager.java:99) ~[spring-cloud-starter-alibaba-nacos-discovery-2021.0.4.0.jar:2021.0.4.0]
	at com.alibaba.cloud.nacos.NacosServiceManager.buildNamingService(NacosServiceManager.java:90) ~[spring-cloud-starter-alibaba-nacos-discovery-2021.0.4.0.jar:2021.0.4.0]
	at com.alibaba.cloud.nacos.NacosServiceManager.getNamingService(NacosServiceManager.java:46) ~[spring-cloud-starter-alibaba-nacos-discovery-2021.0.4.0.jar:2021.0.4.0]
	at com.alibaba.cloud.nacos.discovery.NacosWatch.start(NacosWatch.java:130) ~[spring-cloud-starter-alibaba-nacos-discovery-2021.0.4.0.jar:2021.0.4.0]
	at org.springframework.context.support.DefaultLifecycleProcessor.doStart(DefaultLifecycleProcessor.java:178) ~[spring-context-5.3.27.jar:5.3.27]
	at org.springframework.context.support.DefaultLifecycleProcessor.access$200(DefaultLifecycleProcessor.java:54) ~[spring-context-5.3.27.jar:5.3.27]
	at org.springframework.context.support.DefaultLifecycleProcessor$LifecycleGroup.start(DefaultLifecycleProcessor.java:356) ~[spring-context-5.3.27.jar:5.3.27]
	at java.base/java.lang.Iterable.forEach(Iterable.java:75) ~[na:na]
	at org.springframework.context.support.DefaultLifecycleProcessor.startBeans(DefaultLifecycleProcessor.java:155) ~[spring-context-5.3.27.jar:5.3.27]
	at org.springframework.context.support.DefaultLifecycleProcessor.onRefresh(DefaultLifecycleProcessor.java:123) ~[spring-context-5.3.27.jar:5.3.27]
	at org.springframework.context.support.AbstractApplicationContext.finishRefresh(AbstractApplicationContext.java:937) ~[spring-context-5.3.27.jar:5.3.27]
	at org.springframework.context.support.AbstractApplicationContext.refresh(AbstractApplicationContext.java:586) ~[spring-context-5.3.27.jar:5.3.27]
	at org.springframework.boot.SpringApplication.refresh(SpringApplication.java:731) ~[spring-boot-2.7.12.jar:2.7.12]
	at org.springframework.boot.SpringApplication.refreshContext(SpringApplication.java:408) ~[spring-boot-2.7.12.jar:2.7.12]
	at org.springframework.boot.SpringApplication.run(SpringApplication.java:307) ~[spring-boot-2.7.12.jar:2.7.12]
	at org.springframework.boot.test.context.SpringBootContextLoader.loadContext(SpringBootContextLoader.java:136) ~[spring-boot-test-2.7.12.jar:2.7.12]
	at org.springframework.test.context.cache.DefaultCacheAwareContextLoaderDelegate.loadContextInternal(DefaultCacheAwareContextLoaderDelegate.java:141) ~[spring-test-5.3.27.jar:5.3.27]
	at org.springframework.test.context.cache.DefaultCacheAwareContextLoaderDelegate.loadContext(DefaultCacheAwareContextLoaderDelegate.java:90) ~[spring-test-5.3.27.jar:5.3.27]
	at org.springframework.test.context.support.DefaultTestContext.getApplicationContext(DefaultTestContext.java:124) ~[spring-test-5.3.27.jar:5.3.27]
	at org.springframework.test.context.web.ServletTestExecutionListener.setUpRequestContextIfNecessary(ServletTestExecutionListener.java:190) ~[spring-test-5.3.27.jar:5.3.27]
	at org.springframework.test.context.web.ServletTestExecutionListener.prepareTestInstance(ServletTestExecutionListener.java:132) ~[spring-test-5.3.27.jar:5.3.27]
	at org.springframework.test.context.TestContextManager.prepareTestInstance(TestContextManager.java:248) ~[spring-test-5.3.27.jar:5.3.27]
	at org.springframework.test.context.junit.jupiter.SpringExtension.postProcessTestInstance(SpringExtension.java:138) ~[spring-test-5.3.27.jar:5.3.27]
	at org.junit.jupiter.engine.descriptor.ClassBasedTestDescriptor.lambda$invokeTestInstancePostProcessors$8(ClassBasedTestDescriptor.java:363) ~[junit-jupiter-engine-5.8.2.jar:5.8.2]
	at org.junit.jupiter.engine.descriptor.ClassBasedTestDescriptor.executeAndMaskThrowable(ClassBasedTestDescriptor.java:368) ~[junit-jupiter-engine-5.8.2.jar:5.8.2]
	at org.junit.jupiter.engine.descriptor.ClassBasedTestDescriptor.lambda$invokeTestInstancePostProcessors$9(ClassBasedTestDescriptor.java:363) ~[junit-jupiter-engine-5.8.2.jar:5.8.2]
	at java.base/java.util.stream.ReferencePipeline$3$1.accept(ReferencePipeline.java:195) ~[na:na]
	at java.base/java.util.stream.ReferencePipeline$2$1.accept(ReferencePipeline.java:177) ~[na:na]
	at java.base/java.util.ArrayList$ArrayListSpliterator.forEachRemaining(ArrayList.java:1655) ~[na:na]
	at java.base/java.util.stream.AbstractPipeline.copyInto(AbstractPipeline.java:484) ~[na:na]
	at java.base/java.util.stream.AbstractPipeline.wrapAndCopyInto(AbstractPipeline.java:474) ~[na:na]
	at java.base/java.util.stream.StreamSpliterators$WrappingSpliterator.forEachRemaining(StreamSpliterators.java:312) ~[na:na]
	at java.base/java.util.stream.Streams$ConcatSpliterator.forEachRemaining(Streams.java:735) ~[na:na]
	at java.base/java.util.stream.Streams$ConcatSpliterator.forEachRemaining(Streams.java:734) ~[na:na]
	at java.base/java.util.stream.ReferencePipeline$Head.forEach(ReferencePipeline.java:658) ~[na:na]
	at org.junit.jupiter.engine.descriptor.ClassBasedTestDescriptor.invokeTestInstancePostProcessors(ClassBasedTestDescriptor.java:362) ~[junit-jupiter-engine-5.8.2.jar:5.8.2]
	at org.junit.jupiter.engine.descriptor.ClassBasedTestDescriptor.lambda$instantiateAndPostProcessTestInstance$6(ClassBasedTestDescriptor.java:283) ~[junit-jupiter-engine-5.8.2.jar:5.8.2]
	at org.junit.platform.engine.support.hierarchical.ThrowableCollector.execute(ThrowableCollector.java:73) ~[junit-platform-engine-1.8.2.jar:1.8.2]
	at org.junit.jupiter.engine.descriptor.ClassBasedTestDescriptor.instantiateAndPostProcessTestInstance(ClassBasedTestDescriptor.java:282) ~[junit-jupiter-engine-5.8.2.jar:5.8.2]
	at org.junit.jupiter.engine.descriptor.ClassBasedTestDescriptor.lambda$testInstancesProvider$4(ClassBasedTestDescriptor.java:272) ~[junit-jupiter-engine-5.8.2.jar:5.8.2]
	at java.base/java.util.Optional.orElseGet(Optional.java:369) ~[na:na]
	at org.junit.jupiter.engine.descriptor.ClassBasedTestDescriptor.lambda$testInstancesProvider$5(ClassBasedTestDescriptor.java:271) ~[junit-jupiter-engine-5.8.2.jar:5.8.2]
	at org.junit.jupiter.engine.execution.TestInstancesProvider.getTestInstances(TestInstancesProvider.java:31) ~[junit-jupiter-engine-5.8.2.jar:5.8.2]
	at org.junit.jupiter.engine.descriptor.TestMethodTestDescriptor.lambda$prepare$0(TestMethodTestDescriptor.java:102) ~[junit-jupiter-engine-5.8.2.jar:5.8.2]
	at org.junit.platform.engine.support.hierarchical.ThrowableCollector.execute(ThrowableCollector.java:73) ~[junit-platform-engine-1.8.2.jar:1.8.2]
	at org.junit.jupiter.engine.descriptor.TestMethodTestDescriptor.prepare(TestMethodTestDescriptor.java:101) ~[junit-jupiter-engine-5.8.2.jar:5.8.2]
	at org.junit.jupiter.engine.descriptor.TestMethodTestDescriptor.prepare(TestMethodTestDescriptor.java:66) ~[junit-jupiter-engine-5.8.2.jar:5.8.2]
	at org.junit.platform.engine.support.hierarchical.NodeTestTask.lambda$prepare$2(NodeTestTask.java:123) ~[junit-platform-engine-1.8.2.jar:1.8.2]
	at org.junit.platform.engine.support.hierarchical.ThrowableCollector.execute(ThrowableCollector.java:73) ~[junit-platform-engine-1.8.2.jar:1.8.2]
	at org.junit.platform.engine.support.hierarchical.NodeTestTask.prepare(NodeTestTask.java:123) ~[junit-platform-engine-1.8.2.jar:1.8.2]
	at org.junit.platform.engine.support.hierarchical.NodeTestTask.execute(NodeTestTask.java:90) ~[junit-platform-engine-1.8.2.jar:1.8.2]
	at java.base/java.util.ArrayList.forEach(ArrayList.java:1541) ~[na:na]
	at org.junit.platform.engine.support.hierarchical.SameThreadHierarchicalTestExecutorService.invokeAll(SameThreadHierarchicalTestExecutorService.java:41) ~[junit-platform-engine-1.8.2.jar:1.8.2]
	at org.junit.platform.engine.support.hierarchical.NodeTestTask.lambda$executeRecursively$6(NodeTestTask.java:155) ~[junit-platform-engine-1.8.2.jar:1.8.2]
	at org.junit.platform.engine.support.hierarchical.ThrowableCollector.execute(ThrowableCollector.java:73) ~[junit-platform-engine-1.8.2.jar:1.8.2]
	at org.junit.platform.engine.support.hierarchical.NodeTestTask.lambda$executeRecursively$8(NodeTestTask.java:141) ~[junit-platform-engine-1.8.2.jar:1.8.2]
	at org.junit.platform.engine.support.hierarchical.Node.around(Node.java:137) ~[junit-platform-engine-1.8.2.jar:1.8.2]
	at org.junit.platform.engine.support.hierarchical.NodeTestTask.lambda$executeRecursively$9(NodeTestTask.java:139) ~[junit-platform-engine-1.8.2.jar:1.8.2]
	at org.junit.platform.engine.support.hierarchical.ThrowableCollector.execute(ThrowableCollector.java:73) ~[junit-platform-engine-1.8.2.jar:1.8.2]
	at org.junit.platform.engine.support.hierarchical.NodeTestTask.executeRecursively(NodeTestTask.java:138) ~[junit-platform-engine-1.8.2.jar:1.8.2]
	at org.junit.platform.engine.support.hierarchical.NodeTestTask.execute(NodeTestTask.java:95) ~[junit-platform-engine-1.8.2.jar:1.8.2]
	at java.base/java.util.ArrayList.forEach(ArrayList.java:1541) ~[na:na]
	at org.junit.platform.engine.support.hierarchical.SameThreadHierarchicalTestExecutorService.invokeAll(SameThreadHierarchicalTestExecutorService.java:41) ~[junit-platform-engine-1.8.2.jar:1.8.2]
	at org.junit.platform.engine.support.hierarchical.NodeTestTask.lambda$executeRecursively$6(NodeTestTask.java:155) ~[junit-platform-engine-1.8.2.jar:1.8.2]
	at org.junit.platform.engine.support.hierarchical.ThrowableCollector.execute(ThrowableCollector.java:73) ~[junit-platform-engine-1.8.2.jar:1.8.2]
	at org.junit.platform.engine.support.hierarchical.NodeTestTask.lambda$executeRecursively$8(NodeTestTask.java:141) ~[junit-platform-engine-1.8.2.jar:1.8.2]
	at org.junit.platform.engine.support.hierarchical.Node.around(Node.java:137) ~[junit-platform-engine-1.8.2.jar:1.8.2]
	at org.junit.platform.engine.support.hierarchical.NodeTestTask.lambda$executeRecursively$9(NodeTestTask.java:139) ~[junit-platform-engine-1.8.2.jar:1.8.2]
	at org.junit.platform.engine.support.hierarchical.ThrowableCollector.execute(ThrowableCollector.java:73) ~[junit-platform-engine-1.8.2.jar:1.8.2]
	at org.junit.platform.engine.support.hierarchical.NodeTestTask.executeRecursively(NodeTestTask.java:138) ~[junit-platform-engine-1.8.2.jar:1.8.2]
	at org.junit.platform.engine.support.hierarchical.NodeTestTask.execute(NodeTestTask.java:95) ~[junit-platform-engine-1.8.2.jar:1.8.2]
	at org.junit.platform.engine.support.hierarchical.SameThreadHierarchicalTestExecutorService.submit(SameThreadHierarchicalTestExecutorService.java:35) ~[junit-platform-engine-1.8.2.jar:1.8.2]
	at org.junit.platform.engine.support.hierarchical.HierarchicalTestExecutor.execute(HierarchicalTestExecutor.java:57) ~[junit-platform-engine-1.8.2.jar:1.8.2]
	at org.junit.platform.engine.support.hierarchical.HierarchicalTestEngine.execute(HierarchicalTestEngine.java:54) ~[junit-platform-engine-1.8.2.jar:1.8.2]
	at org.junit.platform.launcher.core.EngineExecutionOrchestrator.execute(EngineExecutionOrchestrator.java:107) ~[junit-platform-launcher-1.8.2.jar:1.8.2]
	at org.junit.platform.launcher.core.EngineExecutionOrchestrator.execute(EngineExecutionOrchestrator.java:88) ~[junit-platform-launcher-1.8.2.jar:1.8.2]
	at org.junit.platform.launcher.core.EngineExecutionOrchestrator.lambda$execute$0(EngineExecutionOrchestrator.java:54) ~[junit-platform-launcher-1.8.2.jar:1.8.2]
	at org.junit.platform.launcher.core.EngineExecutionOrchestrator.withInterceptedStreams(EngineExecutionOrchestrator.java:67) ~[junit-platform-launcher-1.8.2.jar:1.8.2]
	at org.junit.platform.launcher.core.EngineExecutionOrchestrator.execute(EngineExecutionOrchestrator.java:52) ~[junit-platform-launcher-1.8.2.jar:1.8.2]
	at org.junit.platform.launcher.core.DefaultLauncher.execute(DefaultLauncher.java:114) ~[junit-platform-launcher-1.8.2.jar:1.8.2]
	at org.junit.platform.launcher.core.DefaultLauncher.execute(DefaultLauncher.java:86) ~[junit-platform-launcher-1.8.2.jar:1.8.2]
	at org.junit.platform.launcher.core.DefaultLauncherSession$DelegatingLauncher.execute(DefaultLauncherSession.java:86) ~[junit-platform-launcher-1.8.2.jar:1.8.2]
	at org.junit.platform.launcher.core.SessionPerRequestLauncher.execute(SessionPerRequestLauncher.java:53) ~[junit-platform-launcher-1.8.2.jar:1.8.2]
	at com.intellij.junit5.JUnit5TestRunnerHelper.execute(JUnit5TestRunnerHelper.java:134) ~[junit5-rt.jar:na]
	at com.intellij.junit5.JUnit5IdeaTestRunner.startRunnerWithArgs(JUnit5IdeaTestRunner.java:70) ~[junit5-rt.jar:na]
	at com.intellij.rt.junit.IdeaTestRunner$Repeater$1.execute(IdeaTestRunner.java:38) ~[junit-rt.jar:na]
	at com.intellij.rt.execution.junit.TestsRepeater.repeat(TestsRepeater.java:11) ~[idea_rt.jar:na]
	at com.intellij.rt.junit.IdeaTestRunner$Repeater.startRunnerWithArgs(IdeaTestRunner.java:35) ~[junit-rt.jar:na]
	at com.intellij.rt.junit.JUnitStarter.prepareStreamsAndStart(JUnitStarter.java:225) ~[junit-rt.jar:na]
	at com.intellij.rt.junit.JUnitStarter.main(JUnitStarter.java:61) ~[junit-rt.jar:na]
Caused by: com.alibaba.nacos.shaded.io.grpc.StatusRuntimeException: UNAVAILABLE: io exception
	at com.alibaba.nacos.shaded.io.grpc.Status.asRuntimeException(Status.java:533) ~[nacos-client-2.0.4.jar:na]
	at com.alibaba.nacos.shaded.io.grpc.stub.ClientCalls$UnaryStreamToFuture.onClose(ClientCalls.java:490) ~[nacos-client-2.0.4.jar:na]
	at com.alibaba.nacos.shaded.io.grpc.PartialForwardingClientCallListener.onClose(PartialForwardingClientCallListener.java:39) ~[nacos-client-2.0.4.jar:na]
	at com.alibaba.nacos.shaded.io.grpc.ForwardingClientCallListener.onClose(ForwardingClientCallListener.java:23) ~[nacos-client-2.0.4.jar:na]
	at com.alibaba.nacos.shaded.io.grpc.ForwardingClientCallListener$SimpleForwardingClientCallListener.onClose(ForwardingClientCallListener.java:40) ~[nacos-client-2.0.4.jar:na]
	at com.alibaba.nacos.shaded.io.grpc.internal.CensusStatsModule$StatsClientInterceptor$1$1.onClose(CensusStatsModule.java:700) ~[nacos-client-2.0.4.jar:na]
	at com.alibaba.nacos.shaded.io.grpc.PartialForwardingClientCallListener.onClose(PartialForwardingClientCallListener.java:39) ~[nacos-client-2.0.4.jar:na]
	at com.alibaba.nacos.shaded.io.grpc.ForwardingClientCallListener.onClose(ForwardingClientCallListener.java:23) ~[nacos-client-2.0.4.jar:na]
	at com.alibaba.nacos.shaded.io.grpc.ForwardingClientCallListener$SimpleForwardingClientCallListener.onClose(ForwardingClientCallListener.java:40) ~[nacos-client-2.0.4.jar:na]
	at com.alibaba.nacos.shaded.io.grpc.internal.CensusTracingModule$TracingClientInterceptor$1$1.onClose(CensusTracingModule.java:399) ~[nacos-client-2.0.4.jar:na]
	at com.alibaba.nacos.shaded.io.grpc.internal.ClientCallImpl.closeObserver(ClientCallImpl.java:510) ~[nacos-client-2.0.4.jar:na]
	at com.alibaba.nacos.shaded.io.grpc.internal.ClientCallImpl.access$300(ClientCallImpl.java:66) ~[nacos-client-2.0.4.jar:na]
	at com.alibaba.nacos.shaded.io.grpc.internal.ClientCallImpl$ClientStreamListenerImpl.close(ClientCallImpl.java:630) ~[nacos-client-2.0.4.jar:na]
	at com.alibaba.nacos.shaded.io.grpc.internal.ClientCallImpl$ClientStreamListenerImpl.access$700(ClientCallImpl.java:518) ~[nacos-client-2.0.4.jar:na]
	at com.alibaba.nacos.shaded.io.grpc.internal.ClientCallImpl$ClientStreamListenerImpl$1StreamClosed.runInternal(ClientCallImpl.java:692) ~[nacos-client-2.0.4.jar:na]
	at com.alibaba.nacos.shaded.io.grpc.internal.ClientCallImpl$ClientStreamListenerImpl$1StreamClosed.runInContext(ClientCallImpl.java:681) ~[nacos-client-2.0.4.jar:na]
	at com.alibaba.nacos.shaded.io.grpc.internal.ContextRunnable.run(ContextRunnable.java:37) ~[nacos-client-2.0.4.jar:na]
	at com.alibaba.nacos.shaded.io.grpc.internal.SerializingExecutor.run(SerializingExecutor.java:123) ~[nacos-client-2.0.4.jar:na]
	at java.base/java.util.concurrent.ThreadPoolExecutor.runWorker(ThreadPoolExecutor.java:1128) ~[na:na]
	at java.base/java.util.concurrent.ThreadPoolExecutor$Worker.run(ThreadPoolExecutor.java:628) ~[na:na]
	at java.base/java.lang.Thread.run(Thread.java:829) ~[na:na]
Caused by: com.alibaba.nacos.shaded.io.grpc.netty.shaded.io.netty.channel.AbstractChannel$AnnotatedConnectException: Connection refused: localhost/0:0:0:0:0:0:0:1:9848
Caused by: java.net.ConnectException: Connection refused
	at java.base/sun.nio.ch.SocketChannelImpl.checkConnect(Native Method) ~[na:na]
	at java.base/sun.nio.ch.SocketChannelImpl.finishConnect(SocketChannelImpl.java:777) ~[na:na]
	at com.alibaba.nacos.shaded.io.grpc.netty.shaded.io.netty.channel.socket.nio.NioSocketChannel.doFinishConnect(NioSocketChannel.java:327) ~[nacos-client-2.0.4.jar:na]
	at com.alibaba.nacos.shaded.io.grpc.netty.shaded.io.netty.channel.nio.AbstractNioChannel$AbstractNioUnsafe.finishConnect(AbstractNioChannel.java:336) ~[nacos-client-2.0.4.jar:na]
	at com.alibaba.nacos.shaded.io.grpc.netty.shaded.io.netty.channel.nio.NioEventLoop.processSelectedKey(NioEventLoop.java:685) ~[nacos-client-2.0.4.jar:na]
	at com.alibaba.nacos.shaded.io.grpc.netty.shaded.io.netty.channel.nio.NioEventLoop.processSelectedKeysOptimized(NioEventLoop.java:632) ~[nacos-client-2.0.4.jar:na]
	at com.alibaba.nacos.shaded.io.grpc.netty.shaded.io.netty.channel.nio.NioEventLoop.processSelectedKeys(NioEventLoop.java:549) ~[nacos-client-2.0.4.jar:na]
	at com.alibaba.nacos.shaded.io.grpc.netty.shaded.io.netty.channel.nio.NioEventLoop.run(NioEventLoop.java:511) ~[nacos-client-2.0.4.jar:na]
	at com.alibaba.nacos.shaded.io.grpc.netty.shaded.io.netty.util.concurrent.SingleThreadEventExecutor$5.run(SingleThreadEventExecutor.java:918) ~[nacos-client-2.0.4.jar:na]
	at com.alibaba.nacos.shaded.io.grpc.netty.shaded.io.netty.util.internal.ThreadExecutorMap$2.run(ThreadExecutorMap.java:74) ~[nacos-client-2.0.4.jar:na]
	at com.alibaba.nacos.shaded.io.grpc.netty.shaded.io.netty.util.concurrent.FastThreadLocalRunnable.run(FastThreadLocalRunnable.java:30) ~[nacos-client-2.0.4.jar:na]
	at java.base/java.lang.Thread.run(Thread.java:829) ~[na:na]

01:05:28:240  INFO 55204 --- [main] com.alibaba.nacos.common.remote.client   : [d034c830-8bd2-4f4e-9bc8-e746a4d0b664] Try to connect to server on start up, server: {serverIp = 'localhost', server main port = 8848}
01:05:28:245 ERROR 55204 --- [main] c.a.n.c.remote.client.grpc.GrpcClient    : Server check fail, please check server localhost ,port 9848 is available , error ={}

java.util.concurrent.ExecutionException: com.alibaba.nacos.shaded.io.grpc.StatusRuntimeException: UNAVAILABLE: io exception
	at com.alibaba.nacos.shaded.com.google.common.util.concurrent.AbstractFuture.getDoneValue(AbstractFuture.java:566) ~[nacos-client-2.0.4.jar:na]
	at com.alibaba.nacos.shaded.com.google.common.util.concurrent.AbstractFuture.get(AbstractFuture.java:445) ~[nacos-client-2.0.4.jar:na]
	at com.alibaba.nacos.common.remote.client.grpc.GrpcClient.serverCheck(GrpcClient.java:148) ~[nacos-client-2.0.4.jar:na]
	at com.alibaba.nacos.common.remote.client.grpc.GrpcClient.connectToServer(GrpcClient.java:264) ~[nacos-client-2.0.4.jar:na]
	at com.alibaba.nacos.common.remote.client.RpcClient.start(RpcClient.java:390) ~[nacos-client-2.0.4.jar:na]
	at com.alibaba.nacos.client.naming.remote.gprc.NamingGrpcClientProxy.start(NamingGrpcClientProxy.java:96) ~[nacos-client-2.0.4.jar:na]
	at com.alibaba.nacos.client.naming.remote.gprc.NamingGrpcClientProxy.<init>(NamingGrpcClientProxy.java:89) ~[nacos-client-2.0.4.jar:na]
	at com.alibaba.nacos.client.naming.remote.NamingClientProxyDelegate.<init>(NamingClientProxyDelegate.java:76) ~[nacos-client-2.0.4.jar:na]
	at com.alibaba.nacos.client.naming.NacosNamingService.init(NacosNamingService.java:95) ~[nacos-client-2.0.4.jar:na]
	at com.alibaba.nacos.client.naming.NacosNamingService.<init>(NacosNamingService.java:81) ~[nacos-client-2.0.4.jar:na]
	at java.base/jdk.internal.reflect.NativeConstructorAccessorImpl.newInstance0(Native Method) ~[na:na]
	at java.base/jdk.internal.reflect.NativeConstructorAccessorImpl.newInstance(NativeConstructorAccessorImpl.java:62) ~[na:na]
	at java.base/jdk.internal.reflect.DelegatingConstructorAccessorImpl.newInstance(DelegatingConstructorAccessorImpl.java:45) ~[na:na]
	at java.base/java.lang.reflect.Constructor.newInstance(Constructor.java:490) ~[na:na]
	at com.alibaba.nacos.api.naming.NamingFactory.createNamingService(NamingFactory.java:59) ~[nacos-client-2.0.4.jar:na]
	at com.alibaba.nacos.api.NacosFactory.createNamingService(NacosFactory.java:77) ~[nacos-client-2.0.4.jar:na]
	at com.alibaba.cloud.nacos.NacosServiceManager.createNewNamingService(NacosServiceManager.java:99) ~[spring-cloud-starter-alibaba-nacos-discovery-2021.0.4.0.jar:2021.0.4.0]
	at com.alibaba.cloud.nacos.NacosServiceManager.buildNamingService(NacosServiceManager.java:90) ~[spring-cloud-starter-alibaba-nacos-discovery-2021.0.4.0.jar:2021.0.4.0]
	at com.alibaba.cloud.nacos.NacosServiceManager.getNamingService(NacosServiceManager.java:46) ~[spring-cloud-starter-alibaba-nacos-discovery-2021.0.4.0.jar:2021.0.4.0]
	at com.alibaba.cloud.nacos.discovery.NacosWatch.start(NacosWatch.java:130) ~[spring-cloud-starter-alibaba-nacos-discovery-2021.0.4.0.jar:2021.0.4.0]
	at org.springframework.context.support.DefaultLifecycleProcessor.doStart(DefaultLifecycleProcessor.java:178) ~[spring-context-5.3.27.jar:5.3.27]
	at org.springframework.context.support.DefaultLifecycleProcessor.access$200(DefaultLifecycleProcessor.java:54) ~[spring-context-5.3.27.jar:5.3.27]
	at org.springframework.context.support.DefaultLifecycleProcessor$LifecycleGroup.start(DefaultLifecycleProcessor.java:356) ~[spring-context-5.3.27.jar:5.3.27]
	at java.base/java.lang.Iterable.forEach(Iterable.java:75) ~[na:na]
	at org.springframework.context.support.DefaultLifecycleProcessor.startBeans(DefaultLifecycleProcessor.java:155) ~[spring-context-5.3.27.jar:5.3.27]
	at org.springframework.context.support.DefaultLifecycleProcessor.onRefresh(DefaultLifecycleProcessor.java:123) ~[spring-context-5.3.27.jar:5.3.27]
	at org.springframework.context.support.AbstractApplicationContext.finishRefresh(AbstractApplicationContext.java:937) ~[spring-context-5.3.27.jar:5.3.27]
	at org.springframework.context.support.AbstractApplicationContext.refresh(AbstractApplicationContext.java:586) ~[spring-context-5.3.27.jar:5.3.27]
	at org.springframework.boot.SpringApplication.refresh(SpringApplication.java:731) ~[spring-boot-2.7.12.jar:2.7.12]
	at org.springframework.boot.SpringApplication.refreshContext(SpringApplication.java:408) ~[spring-boot-2.7.12.jar:2.7.12]
	at org.springframework.boot.SpringApplication.run(SpringApplication.java:307) ~[spring-boot-2.7.12.jar:2.7.12]
	at org.springframework.boot.test.context.SpringBootContextLoader.loadContext(SpringBootContextLoader.java:136) ~[spring-boot-test-2.7.12.jar:2.7.12]
	at org.springframework.test.context.cache.DefaultCacheAwareContextLoaderDelegate.loadContextInternal(DefaultCacheAwareContextLoaderDelegate.java:141) ~[spring-test-5.3.27.jar:5.3.27]
	at org.springframework.test.context.cache.DefaultCacheAwareContextLoaderDelegate.loadContext(DefaultCacheAwareContextLoaderDelegate.java:90) ~[spring-test-5.3.27.jar:5.3.27]
	at org.springframework.test.context.support.DefaultTestContext.getApplicationContext(DefaultTestContext.java:124) ~[spring-test-5.3.27.jar:5.3.27]
	at org.springframework.test.context.web.ServletTestExecutionListener.setUpRequestContextIfNecessary(ServletTestExecutionListener.java:190) ~[spring-test-5.3.27.jar:5.3.27]
	at org.springframework.test.context.web.ServletTestExecutionListener.prepareTestInstance(ServletTestExecutionListener.java:132) ~[spring-test-5.3.27.jar:5.3.27]
	at org.springframework.test.context.TestContextManager.prepareTestInstance(TestContextManager.java:248) ~[spring-test-5.3.27.jar:5.3.27]
	at org.springframework.test.context.junit.jupiter.SpringExtension.postProcessTestInstance(SpringExtension.java:138) ~[spring-test-5.3.27.jar:5.3.27]
	at org.junit.jupiter.engine.descriptor.ClassBasedTestDescriptor.lambda$invokeTestInstancePostProcessors$8(ClassBasedTestDescriptor.java:363) ~[junit-jupiter-engine-5.8.2.jar:5.8.2]
	at org.junit.jupiter.engine.descriptor.ClassBasedTestDescriptor.executeAndMaskThrowable(ClassBasedTestDescriptor.java:368) ~[junit-jupiter-engine-5.8.2.jar:5.8.2]
	at org.junit.jupiter.engine.descriptor.ClassBasedTestDescriptor.lambda$invokeTestInstancePostProcessors$9(ClassBasedTestDescriptor.java:363) ~[junit-jupiter-engine-5.8.2.jar:5.8.2]
	at java.base/java.util.stream.ReferencePipeline$3$1.accept(ReferencePipeline.java:195) ~[na:na]
	at java.base/java.util.stream.ReferencePipeline$2$1.accept(ReferencePipeline.java:177) ~[na:na]
	at java.base/java.util.ArrayList$ArrayListSpliterator.forEachRemaining(ArrayList.java:1655) ~[na:na]
	at java.base/java.util.stream.AbstractPipeline.copyInto(AbstractPipeline.java:484) ~[na:na]
	at java.base/java.util.stream.AbstractPipeline.wrapAndCopyInto(AbstractPipeline.java:474) ~[na:na]
	at java.base/java.util.stream.StreamSpliterators$WrappingSpliterator.forEachRemaining(StreamSpliterators.java:312) ~[na:na]
	at java.base/java.util.stream.Streams$ConcatSpliterator.forEachRemaining(Streams.java:735) ~[na:na]
	at java.base/java.util.stream.Streams$ConcatSpliterator.forEachRemaining(Streams.java:734) ~[na:na]
	at java.base/java.util.stream.ReferencePipeline$Head.forEach(ReferencePipeline.java:658) ~[na:na]
	at org.junit.jupiter.engine.descriptor.ClassBasedTestDescriptor.invokeTestInstancePostProcessors(ClassBasedTestDescriptor.java:362) ~[junit-jupiter-engine-5.8.2.jar:5.8.2]
	at org.junit.jupiter.engine.descriptor.ClassBasedTestDescriptor.lambda$instantiateAndPostProcessTestInstance$6(ClassBasedTestDescriptor.java:283) ~[junit-jupiter-engine-5.8.2.jar:5.8.2]
	at org.junit.platform.engine.support.hierarchical.ThrowableCollector.execute(ThrowableCollector.java:73) ~[junit-platform-engine-1.8.2.jar:1.8.2]
	at org.junit.jupiter.engine.descriptor.ClassBasedTestDescriptor.instantiateAndPostProcessTestInstance(ClassBasedTestDescriptor.java:282) ~[junit-jupiter-engine-5.8.2.jar:5.8.2]
	at org.junit.jupiter.engine.descriptor.ClassBasedTestDescriptor.lambda$testInstancesProvider$4(ClassBasedTestDescriptor.java:272) ~[junit-jupiter-engine-5.8.2.jar:5.8.2]
	at java.base/java.util.Optional.orElseGet(Optional.java:369) ~[na:na]
	at org.junit.jupiter.engine.descriptor.ClassBasedTestDescriptor.lambda$testInstancesProvider$5(ClassBasedTestDescriptor.java:271) ~[junit-jupiter-engine-5.8.2.jar:5.8.2]
	at org.junit.jupiter.engine.execution.TestInstancesProvider.getTestInstances(TestInstancesProvider.java:31) ~[junit-jupiter-engine-5.8.2.jar:5.8.2]
	at org.junit.jupiter.engine.descriptor.TestMethodTestDescriptor.lambda$prepare$0(TestMethodTestDescriptor.java:102) ~[junit-jupiter-engine-5.8.2.jar:5.8.2]
	at org.junit.platform.engine.support.hierarchical.ThrowableCollector.execute(ThrowableCollector.java:73) ~[junit-platform-engine-1.8.2.jar:1.8.2]
	at org.junit.jupiter.engine.descriptor.TestMethodTestDescriptor.prepare(TestMethodTestDescriptor.java:101) ~[junit-jupiter-engine-5.8.2.jar:5.8.2]
	at org.junit.jupiter.engine.descriptor.TestMethodTestDescriptor.prepare(TestMethodTestDescriptor.java:66) ~[junit-jupiter-engine-5.8.2.jar:5.8.2]
	at org.junit.platform.engine.support.hierarchical.NodeTestTask.lambda$prepare$2(NodeTestTask.java:123) ~[junit-platform-engine-1.8.2.jar:1.8.2]
	at org.junit.platform.engine.support.hierarchical.ThrowableCollector.execute(ThrowableCollector.java:73) ~[junit-platform-engine-1.8.2.jar:1.8.2]
	at org.junit.platform.engine.support.hierarchical.NodeTestTask.prepare(NodeTestTask.java:123) ~[junit-platform-engine-1.8.2.jar:1.8.2]
	at org.junit.platform.engine.support.hierarchical.NodeTestTask.execute(NodeTestTask.java:90) ~[junit-platform-engine-1.8.2.jar:1.8.2]
	at java.base/java.util.ArrayList.forEach(ArrayList.java:1541) ~[na:na]
	at org.junit.platform.engine.support.hierarchical.SameThreadHierarchicalTestExecutorService.invokeAll(SameThreadHierarchicalTestExecutorService.java:41) ~[junit-platform-engine-1.8.2.jar:1.8.2]
	at org.junit.platform.engine.support.hierarchical.NodeTestTask.lambda$executeRecursively$6(NodeTestTask.java:155) ~[junit-platform-engine-1.8.2.jar:1.8.2]
	at org.junit.platform.engine.support.hierarchical.ThrowableCollector.execute(ThrowableCollector.java:73) ~[junit-platform-engine-1.8.2.jar:1.8.2]
	at org.junit.platform.engine.support.hierarchical.NodeTestTask.lambda$executeRecursively$8(NodeTestTask.java:141) ~[junit-platform-engine-1.8.2.jar:1.8.2]
	at org.junit.platform.engine.support.hierarchical.Node.around(Node.java:137) ~[junit-platform-engine-1.8.2.jar:1.8.2]
	at org.junit.platform.engine.support.hierarchical.NodeTestTask.lambda$executeRecursively$9(NodeTestTask.java:139) ~[junit-platform-engine-1.8.2.jar:1.8.2]
	at org.junit.platform.engine.support.hierarchical.ThrowableCollector.execute(ThrowableCollector.java:73) ~[junit-platform-engine-1.8.2.jar:1.8.2]
	at org.junit.platform.engine.support.hierarchical.NodeTestTask.executeRecursively(NodeTestTask.java:138) ~[junit-platform-engine-1.8.2.jar:1.8.2]
	at org.junit.platform.engine.support.hierarchical.NodeTestTask.execute(NodeTestTask.java:95) ~[junit-platform-engine-1.8.2.jar:1.8.2]
	at java.base/java.util.ArrayList.forEach(ArrayList.java:1541) ~[na:na]
	at org.junit.platform.engine.support.hierarchical.SameThreadHierarchicalTestExecutorService.invokeAll(SameThreadHierarchicalTestExecutorService.java:41) ~[junit-platform-engine-1.8.2.jar:1.8.2]
	at org.junit.platform.engine.support.hierarchical.NodeTestTask.lambda$executeRecursively$6(NodeTestTask.java:155) ~[junit-platform-engine-1.8.2.jar:1.8.2]
	at org.junit.platform.engine.support.hierarchical.ThrowableCollector.execute(ThrowableCollector.java:73) ~[junit-platform-engine-1.8.2.jar:1.8.2]
	at org.junit.platform.engine.support.hierarchical.NodeTestTask.lambda$executeRecursively$8(NodeTestTask.java:141) ~[junit-platform-engine-1.8.2.jar:1.8.2]
	at org.junit.platform.engine.support.hierarchical.Node.around(Node.java:137) ~[junit-platform-engine-1.8.2.jar:1.8.2]
	at org.junit.platform.engine.support.hierarchical.NodeTestTask.lambda$executeRecursively$9(NodeTestTask.java:139) ~[junit-platform-engine-1.8.2.jar:1.8.2]
	at org.junit.platform.engine.support.hierarchical.ThrowableCollector.execute(ThrowableCollector.java:73) ~[junit-platform-engine-1.8.2.jar:1.8.2]
	at org.junit.platform.engine.support.hierarchical.NodeTestTask.executeRecursively(NodeTestTask.java:138) ~[junit-platform-engine-1.8.2.jar:1.8.2]
	at org.junit.platform.engine.support.hierarchical.NodeTestTask.execute(NodeTestTask.java:95) ~[junit-platform-engine-1.8.2.jar:1.8.2]
	at org.junit.platform.engine.support.hierarchical.SameThreadHierarchicalTestExecutorService.submit(SameThreadHierarchicalTestExecutorService.java:35) ~[junit-platform-engine-1.8.2.jar:1.8.2]
	at org.junit.platform.engine.support.hierarchical.HierarchicalTestExecutor.execute(HierarchicalTestExecutor.java:57) ~[junit-platform-engine-1.8.2.jar:1.8.2]
	at org.junit.platform.engine.support.hierarchical.HierarchicalTestEngine.execute(HierarchicalTestEngine.java:54) ~[junit-platform-engine-1.8.2.jar:1.8.2]
	at org.junit.platform.launcher.core.EngineExecutionOrchestrator.execute(EngineExecutionOrchestrator.java:107) ~[junit-platform-launcher-1.8.2.jar:1.8.2]
	at org.junit.platform.launcher.core.EngineExecutionOrchestrator.execute(EngineExecutionOrchestrator.java:88) ~[junit-platform-launcher-1.8.2.jar:1.8.2]
	at org.junit.platform.launcher.core.EngineExecutionOrchestrator.lambda$execute$0(EngineExecutionOrchestrator.java:54) ~[junit-platform-launcher-1.8.2.jar:1.8.2]
	at org.junit.platform.launcher.core.EngineExecutionOrchestrator.withInterceptedStreams(EngineExecutionOrchestrator.java:67) ~[junit-platform-launcher-1.8.2.jar:1.8.2]
	at org.junit.platform.launcher.core.EngineExecutionOrchestrator.execute(EngineExecutionOrchestrator.java:52) ~[junit-platform-launcher-1.8.2.jar:1.8.2]
	at org.junit.platform.launcher.core.DefaultLauncher.execute(DefaultLauncher.java:114) ~[junit-platform-launcher-1.8.2.jar:1.8.2]
	at org.junit.platform.launcher.core.DefaultLauncher.execute(DefaultLauncher.java:86) ~[junit-platform-launcher-1.8.2.jar:1.8.2]
	at org.junit.platform.launcher.core.DefaultLauncherSession$DelegatingLauncher.execute(DefaultLauncherSession.java:86) ~[junit-platform-launcher-1.8.2.jar:1.8.2]
	at org.junit.platform.launcher.core.SessionPerRequestLauncher.execute(SessionPerRequestLauncher.java:53) ~[junit-platform-launcher-1.8.2.jar:1.8.2]
	at com.intellij.junit5.JUnit5TestRunnerHelper.execute(JUnit5TestRunnerHelper.java:134) ~[junit5-rt.jar:na]
	at com.intellij.junit5.JUnit5IdeaTestRunner.startRunnerWithArgs(JUnit5IdeaTestRunner.java:70) ~[junit5-rt.jar:na]
	at com.intellij.rt.junit.IdeaTestRunner$Repeater$1.execute(IdeaTestRunner.java:38) ~[junit-rt.jar:na]
	at com.intellij.rt.execution.junit.TestsRepeater.repeat(TestsRepeater.java:11) ~[idea_rt.jar:na]
	at com.intellij.rt.junit.IdeaTestRunner$Repeater.startRunnerWithArgs(IdeaTestRunner.java:35) ~[junit-rt.jar:na]
	at com.intellij.rt.junit.JUnitStarter.prepareStreamsAndStart(JUnitStarter.java:225) ~[junit-rt.jar:na]
	at com.intellij.rt.junit.JUnitStarter.main(JUnitStarter.java:61) ~[junit-rt.jar:na]
Caused by: com.alibaba.nacos.shaded.io.grpc.StatusRuntimeException: UNAVAILABLE: io exception
	at com.alibaba.nacos.shaded.io.grpc.Status.asRuntimeException(Status.java:533) ~[nacos-client-2.0.4.jar:na]
	at com.alibaba.nacos.shaded.io.grpc.stub.ClientCalls$UnaryStreamToFuture.onClose(ClientCalls.java:490) ~[nacos-client-2.0.4.jar:na]
	at com.alibaba.nacos.shaded.io.grpc.PartialForwardingClientCallListener.onClose(PartialForwardingClientCallListener.java:39) ~[nacos-client-2.0.4.jar:na]
	at com.alibaba.nacos.shaded.io.grpc.ForwardingClientCallListener.onClose(ForwardingClientCallListener.java:23) ~[nacos-client-2.0.4.jar:na]
	at com.alibaba.nacos.shaded.io.grpc.ForwardingClientCallListener$SimpleForwardingClientCallListener.onClose(ForwardingClientCallListener.java:40) ~[nacos-client-2.0.4.jar:na]
	at com.alibaba.nacos.shaded.io.grpc.internal.CensusStatsModule$StatsClientInterceptor$1$1.onClose(CensusStatsModule.java:700) ~[nacos-client-2.0.4.jar:na]
	at com.alibaba.nacos.shaded.io.grpc.PartialForwardingClientCallListener.onClose(PartialForwardingClientCallListener.java:39) ~[nacos-client-2.0.4.jar:na]
	at com.alibaba.nacos.shaded.io.grpc.ForwardingClientCallListener.onClose(ForwardingClientCallListener.java:23) ~[nacos-client-2.0.4.jar:na]
	at com.alibaba.nacos.shaded.io.grpc.ForwardingClientCallListener$SimpleForwardingClientCallListener.onClose(ForwardingClientCallListener.java:40) ~[nacos-client-2.0.4.jar:na]
	at com.alibaba.nacos.shaded.io.grpc.internal.CensusTracingModule$TracingClientInterceptor$1$1.onClose(CensusTracingModule.java:399) ~[nacos-client-2.0.4.jar:na]
	at com.alibaba.nacos.shaded.io.grpc.internal.ClientCallImpl.closeObserver(ClientCallImpl.java:510) ~[nacos-client-2.0.4.jar:na]
	at com.alibaba.nacos.shaded.io.grpc.internal.ClientCallImpl.access$300(ClientCallImpl.java:66) ~[nacos-client-2.0.4.jar:na]
	at com.alibaba.nacos.shaded.io.grpc.internal.ClientCallImpl$ClientStreamListenerImpl.close(ClientCallImpl.java:630) ~[nacos-client-2.0.4.jar:na]
	at com.alibaba.nacos.shaded.io.grpc.internal.ClientCallImpl$ClientStreamListenerImpl.access$700(ClientCallImpl.java:518) ~[nacos-client-2.0.4.jar:na]
	at com.alibaba.nacos.shaded.io.grpc.internal.ClientCallImpl$ClientStreamListenerImpl$1StreamClosed.runInternal(ClientCallImpl.java:692) ~[nacos-client-2.0.4.jar:na]
	at com.alibaba.nacos.shaded.io.grpc.internal.ClientCallImpl$ClientStreamListenerImpl$1StreamClosed.runInContext(ClientCallImpl.java:681) ~[nacos-client-2.0.4.jar:na]
	at com.alibaba.nacos.shaded.io.grpc.internal.ContextRunnable.run(ContextRunnable.java:37) ~[nacos-client-2.0.4.jar:na]
	at com.alibaba.nacos.shaded.io.grpc.internal.SerializingExecutor.run(SerializingExecutor.java:123) ~[nacos-client-2.0.4.jar:na]
	at java.base/java.util.concurrent.ThreadPoolExecutor.runWorker(ThreadPoolExecutor.java:1128) ~[na:na]
	at java.base/java.util.concurrent.ThreadPoolExecutor$Worker.run(ThreadPoolExecutor.java:628) ~[na:na]
	at java.base/java.lang.Thread.run(Thread.java:829) ~[na:na]
Caused by: com.alibaba.nacos.shaded.io.grpc.netty.shaded.io.netty.channel.AbstractChannel$AnnotatedConnectException: Connection refused: localhost/0:0:0:0:0:0:0:1:9848
Caused by: java.net.ConnectException: Connection refused
	at java.base/sun.nio.ch.SocketChannelImpl.checkConnect(Native Method) ~[na:na]
	at java.base/sun.nio.ch.SocketChannelImpl.finishConnect(SocketChannelImpl.java:777) ~[na:na]
	at com.alibaba.nacos.shaded.io.grpc.netty.shaded.io.netty.channel.socket.nio.NioSocketChannel.doFinishConnect(NioSocketChannel.java:327) ~[nacos-client-2.0.4.jar:na]
	at com.alibaba.nacos.shaded.io.grpc.netty.shaded.io.netty.channel.nio.AbstractNioChannel$AbstractNioUnsafe.finishConnect(AbstractNioChannel.java:336) ~[nacos-client-2.0.4.jar:na]
	at com.alibaba.nacos.shaded.io.grpc.netty.shaded.io.netty.channel.nio.NioEventLoop.processSelectedKey(NioEventLoop.java:685) ~[nacos-client-2.0.4.jar:na]
	at com.alibaba.nacos.shaded.io.grpc.netty.shaded.io.netty.channel.nio.NioEventLoop.processSelectedKeysOptimized(NioEventLoop.java:632) ~[nacos-client-2.0.4.jar:na]
	at com.alibaba.nacos.shaded.io.grpc.netty.shaded.io.netty.channel.nio.NioEventLoop.processSelectedKeys(NioEventLoop.java:549) ~[nacos-client-2.0.4.jar:na]
	at com.alibaba.nacos.shaded.io.grpc.netty.shaded.io.netty.channel.nio.NioEventLoop.run(NioEventLoop.java:511) ~[nacos-client-2.0.4.jar:na]
	at com.alibaba.nacos.shaded.io.grpc.netty.shaded.io.netty.util.concurrent.SingleThreadEventExecutor$5.run(SingleThreadEventExecutor.java:918) ~[nacos-client-2.0.4.jar:na]
	at com.alibaba.nacos.shaded.io.grpc.netty.shaded.io.netty.util.internal.ThreadExecutorMap$2.run(ThreadExecutorMap.java:74) ~[nacos-client-2.0.4.jar:na]
	at com.alibaba.nacos.shaded.io.grpc.netty.shaded.io.netty.util.concurrent.FastThreadLocalRunnable.run(FastThreadLocalRunnable.java:30) ~[nacos-client-2.0.4.jar:na]
	at java.base/java.lang.Thread.run(Thread.java:829) ~[na:na]

01:05:28:246  INFO 55204 --- [main] com.alibaba.nacos.common.remote.client   : [d034c830-8bd2-4f4e-9bc8-e746a4d0b664] Register server push request handler:com.alibaba.nacos.common.remote.client.RpcClient$ConnectResetRequestHandler
01:05:28:246  INFO 55204 --- [main] com.alibaba.nacos.common.remote.client   : [d034c830-8bd2-4f4e-9bc8-e746a4d0b664] Register server push request handler:com.alibaba.nacos.common.remote.client.RpcClient$$Lambda$733/0x0000000800555840
01:05:28:246  INFO 55204 --- [com.alibaba.nacos.client.remote.worker] com.alibaba.nacos.common.remote.client   : [d034c830-8bd2-4f4e-9bc8-e746a4d0b664] Try to reconnect to a new server, server is  not appointed, will choose a random server.
01:05:28:253 ERROR 55204 --- [com.alibaba.nacos.client.remote.worker] c.a.n.c.remote.client.grpc.GrpcClient    : Server check fail, please check server localhost ,port 9848 is available , error ={}

java.util.concurrent.ExecutionException: com.alibaba.nacos.shaded.io.grpc.StatusRuntimeException: UNAVAILABLE: io exception
	at com.alibaba.nacos.shaded.com.google.common.util.concurrent.AbstractFuture.getDoneValue(AbstractFuture.java:566) ~[nacos-client-2.0.4.jar:na]
	at com.alibaba.nacos.shaded.com.google.common.util.concurrent.AbstractFuture.get(AbstractFuture.java:445) ~[nacos-client-2.0.4.jar:na]
	at com.alibaba.nacos.common.remote.client.grpc.GrpcClient.serverCheck(GrpcClient.java:148) ~[nacos-client-2.0.4.jar:na]
	at com.alibaba.nacos.common.remote.client.grpc.GrpcClient.connectToServer(GrpcClient.java:264) ~[nacos-client-2.0.4.jar:na]
	at com.alibaba.nacos.common.remote.client.RpcClient.reconnect(RpcClient.java:522) ~[nacos-client-2.0.4.jar:na]
	at com.alibaba.nacos.common.remote.client.RpcClient.lambda$start$2(RpcClient.java:370) ~[nacos-client-2.0.4.jar:na]
	at java.base/java.util.concurrent.Executors$RunnableAdapter.call(Executors.java:515) ~[na:na]
	at java.base/java.util.concurrent.FutureTask.run$$$capture(FutureTask.java:264) ~[na:na]
	at java.base/java.util.concurrent.FutureTask.run(FutureTask.java) ~[na:na]
	at java.base/java.util.concurrent.ScheduledThreadPoolExecutor$ScheduledFutureTask.run(ScheduledThreadPoolExecutor.java:304) ~[na:na]
	at java.base/java.util.concurrent.ThreadPoolExecutor.runWorker(ThreadPoolExecutor.java:1128) ~[na:na]
	at java.base/java.util.concurrent.ThreadPoolExecutor$Worker.run(ThreadPoolExecutor.java:628) ~[na:na]
	at java.base/java.lang.Thread.run(Thread.java:829) ~[na:na]
Caused by: com.alibaba.nacos.shaded.io.grpc.StatusRuntimeException: UNAVAILABLE: io exception
	at com.alibaba.nacos.shaded.io.grpc.Status.asRuntimeException(Status.java:533) ~[nacos-client-2.0.4.jar:na]
	at com.alibaba.nacos.shaded.io.grpc.stub.ClientCalls$UnaryStreamToFuture.onClose(ClientCalls.java:490) ~[nacos-client-2.0.4.jar:na]
	at com.alibaba.nacos.shaded.io.grpc.PartialForwardingClientCallListener.onClose(PartialForwardingClientCallListener.java:39) ~[nacos-client-2.0.4.jar:na]
	at com.alibaba.nacos.shaded.io.grpc.ForwardingClientCallListener.onClose(ForwardingClientCallListener.java:23) ~[nacos-client-2.0.4.jar:na]
	at com.alibaba.nacos.shaded.io.grpc.ForwardingClientCallListener$SimpleForwardingClientCallListener.onClose(ForwardingClientCallListener.java:40) ~[nacos-client-2.0.4.jar:na]
	at com.alibaba.nacos.shaded.io.grpc.internal.CensusStatsModule$StatsClientInterceptor$1$1.onClose(CensusStatsModule.java:700) ~[nacos-client-2.0.4.jar:na]
	at com.alibaba.nacos.shaded.io.grpc.PartialForwardingClientCallListener.onClose(PartialForwardingClientCallListener.java:39) ~[nacos-client-2.0.4.jar:na]
	at com.alibaba.nacos.shaded.io.grpc.ForwardingClientCallListener.onClose(ForwardingClientCallListener.java:23) ~[nacos-client-2.0.4.jar:na]
	at com.alibaba.nacos.shaded.io.grpc.ForwardingClientCallListener$SimpleForwardingClientCallListener.onClose(ForwardingClientCallListener.java:40) ~[nacos-client-2.0.4.jar:na]
	at com.alibaba.nacos.shaded.io.grpc.internal.CensusTracingModule$TracingClientInterceptor$1$1.onClose(CensusTracingModule.java:399) ~[nacos-client-2.0.4.jar:na]
	at com.alibaba.nacos.shaded.io.grpc.internal.ClientCallImpl.closeObserver(ClientCallImpl.java:510) ~[nacos-client-2.0.4.jar:na]
	at com.alibaba.nacos.shaded.io.grpc.internal.ClientCallImpl.access$300(ClientCallImpl.java:66) ~[nacos-client-2.0.4.jar:na]
	at com.alibaba.nacos.shaded.io.grpc.internal.ClientCallImpl$ClientStreamListenerImpl.close(ClientCallImpl.java:630) ~[nacos-client-2.0.4.jar:na]
	at com.alibaba.nacos.shaded.io.grpc.internal.ClientCallImpl$ClientStreamListenerImpl.access$700(ClientCallImpl.java:518) ~[nacos-client-2.0.4.jar:na]
	at com.alibaba.nacos.shaded.io.grpc.internal.ClientCallImpl$ClientStreamListenerImpl$1StreamClosed.runInternal(ClientCallImpl.java:692) ~[nacos-client-2.0.4.jar:na]
	at com.alibaba.nacos.shaded.io.grpc.internal.ClientCallImpl$ClientStreamListenerImpl$1StreamClosed.runInContext(ClientCallImpl.java:681) ~[nacos-client-2.0.4.jar:na]
	at com.alibaba.nacos.shaded.io.grpc.internal.ContextRunnable.run(ContextRunnable.java:37) ~[nacos-client-2.0.4.jar:na]
	at com.alibaba.nacos.shaded.io.grpc.internal.SerializingExecutor.run(SerializingExecutor.java:123) ~[nacos-client-2.0.4.jar:na]
	... 3 common frames omitted
Caused by: com.alibaba.nacos.shaded.io.grpc.netty.shaded.io.netty.channel.AbstractChannel$AnnotatedConnectException: Connection refused: localhost/0:0:0:0:0:0:0:1:9848
Caused by: java.net.ConnectException: Connection refused
	at java.base/sun.nio.ch.SocketChannelImpl.checkConnect(Native Method) ~[na:na]
	at java.base/sun.nio.ch.SocketChannelImpl.finishConnect(SocketChannelImpl.java:777) ~[na:na]
	at com.alibaba.nacos.shaded.io.grpc.netty.shaded.io.netty.channel.socket.nio.NioSocketChannel.doFinishConnect(NioSocketChannel.java:327) ~[nacos-client-2.0.4.jar:na]
	at com.alibaba.nacos.shaded.io.grpc.netty.shaded.io.netty.channel.nio.AbstractNioChannel$AbstractNioUnsafe.finishConnect(AbstractNioChannel.java:336) ~[nacos-client-2.0.4.jar:na]
	at com.alibaba.nacos.shaded.io.grpc.netty.shaded.io.netty.channel.nio.NioEventLoop.processSelectedKey(NioEventLoop.java:685) ~[nacos-client-2.0.4.jar:na]
	at com.alibaba.nacos.shaded.io.grpc.netty.shaded.io.netty.channel.nio.NioEventLoop.processSelectedKeysOptimized(NioEventLoop.java:632) ~[nacos-client-2.0.4.jar:na]
	at com.alibaba.nacos.shaded.io.grpc.netty.shaded.io.netty.channel.nio.NioEventLoop.processSelectedKeys(NioEventLoop.java:549) ~[nacos-client-2.0.4.jar:na]
	at com.alibaba.nacos.shaded.io.grpc.netty.shaded.io.netty.channel.nio.NioEventLoop.run(NioEventLoop.java:511) ~[nacos-client-2.0.4.jar:na]
	at com.alibaba.nacos.shaded.io.grpc.netty.shaded.io.netty.util.concurrent.SingleThreadEventExecutor$5.run(SingleThreadEventExecutor.java:918) ~[nacos-client-2.0.4.jar:na]
	at com.alibaba.nacos.shaded.io.grpc.netty.shaded.io.netty.util.internal.ThreadExecutorMap$2.run(ThreadExecutorMap.java:74) ~[nacos-client-2.0.4.jar:na]
	at com.alibaba.nacos.shaded.io.grpc.netty.shaded.io.netty.util.concurrent.FastThreadLocalRunnable.run(FastThreadLocalRunnable.java:30) ~[nacos-client-2.0.4.jar:na]
	at java.base/java.lang.Thread.run(Thread.java:829) ~[na:na]

01:05:28:297 ERROR 55204 --- [com.alibaba.nacos.client.remote.worker] c.a.n.c.remote.client.grpc.GrpcClient    : Server check fail, please check server localhost ,port 9848 is available , error ={}

java.util.concurrent.ExecutionException: com.alibaba.nacos.shaded.io.grpc.StatusRuntimeException: UNAVAILABLE: io exception
	at com.alibaba.nacos.shaded.com.google.common.util.concurrent.AbstractFuture.getDoneValue(AbstractFuture.java:566) ~[nacos-client-2.0.4.jar:na]
	at com.alibaba.nacos.shaded.com.google.common.util.concurrent.AbstractFuture.get(AbstractFuture.java:445) ~[nacos-client-2.0.4.jar:na]
	at com.alibaba.nacos.common.remote.client.grpc.GrpcClient.serverCheck(GrpcClient.java:148) ~[nacos-client-2.0.4.jar:na]
	at com.alibaba.nacos.common.remote.client.grpc.GrpcClient.connectToServer(GrpcClient.java:264) ~[nacos-client-2.0.4.jar:na]
	at com.alibaba.nacos.common.remote.client.RpcClient.reconnect(RpcClient.java:522) ~[nacos-client-2.0.4.jar:na]
	at com.alibaba.nacos.common.remote.client.RpcClient.lambda$start$2(RpcClient.java:370) ~[nacos-client-2.0.4.jar:na]
	at java.base/java.util.concurrent.Executors$RunnableAdapter.call(Executors.java:515) ~[na:na]
	at java.base/java.util.concurrent.FutureTask.run$$$capture(FutureTask.java:264) ~[na:na]
	at java.base/java.util.concurrent.FutureTask.run(FutureTask.java) ~[na:na]
	at java.base/java.util.concurrent.ScheduledThreadPoolExecutor$ScheduledFutureTask.run(ScheduledThreadPoolExecutor.java:304) ~[na:na]
	at java.base/java.util.concurrent.ThreadPoolExecutor.runWorker(ThreadPoolExecutor.java:1128) ~[na:na]
	at java.base/java.util.concurrent.ThreadPoolExecutor$Worker.run(ThreadPoolExecutor.java:628) ~[na:na]
	at java.base/java.lang.Thread.run(Thread.java:829) ~[na:na]
Caused by: com.alibaba.nacos.shaded.io.grpc.StatusRuntimeException: UNAVAILABLE: io exception
	at com.alibaba.nacos.shaded.io.grpc.Status.asRuntimeException(Status.java:533) ~[nacos-client-2.0.4.jar:na]
	at com.alibaba.nacos.shaded.io.grpc.stub.ClientCalls$UnaryStreamToFuture.onClose(ClientCalls.java:490) ~[nacos-client-2.0.4.jar:na]
	at com.alibaba.nacos.shaded.io.grpc.PartialForwardingClientCallListener.onClose(PartialForwardingClientCallListener.java:39) ~[nacos-client-2.0.4.jar:na]
	at com.alibaba.nacos.shaded.io.grpc.ForwardingClientCallListener.onClose(ForwardingClientCallListener.java:23) ~[nacos-client-2.0.4.jar:na]
	at com.alibaba.nacos.shaded.io.grpc.ForwardingClientCallListener$SimpleForwardingClientCallListener.onClose(ForwardingClientCallListener.java:40) ~[nacos-client-2.0.4.jar:na]
	at com.alibaba.nacos.shaded.io.grpc.internal.CensusStatsModule$StatsClientInterceptor$1$1.onClose(CensusStatsModule.java:700) ~[nacos-client-2.0.4.jar:na]
	at com.alibaba.nacos.shaded.io.grpc.PartialForwardingClientCallListener.onClose(PartialForwardingClientCallListener.java:39) ~[nacos-client-2.0.4.jar:na]
	at com.alibaba.nacos.shaded.io.grpc.ForwardingClientCallListener.onClose(ForwardingClientCallListener.java:23) ~[nacos-client-2.0.4.jar:na]
	at com.alibaba.nacos.shaded.io.grpc.ForwardingClientCallListener$SimpleForwardingClientCallListener.onClose(ForwardingClientCallListener.java:40) ~[nacos-client-2.0.4.jar:na]
	at com.alibaba.nacos.shaded.io.grpc.internal.CensusTracingModule$TracingClientInterceptor$1$1.onClose(CensusTracingModule.java:399) ~[nacos-client-2.0.4.jar:na]
	at com.alibaba.nacos.shaded.io.grpc.internal.ClientCallImpl.closeObserver(ClientCallImpl.java:510) ~[nacos-client-2.0.4.jar:na]
	at com.alibaba.nacos.shaded.io.grpc.internal.ClientCallImpl.access$300(ClientCallImpl.java:66) ~[nacos-client-2.0.4.jar:na]
	at com.alibaba.nacos.shaded.io.grpc.internal.ClientCallImpl$ClientStreamListenerImpl.close(ClientCallImpl.java:630) ~[nacos-client-2.0.4.jar:na]
	at com.alibaba.nacos.shaded.io.grpc.internal.ClientCallImpl$ClientStreamListenerImpl.access$700(ClientCallImpl.java:518) ~[nacos-client-2.0.4.jar:na]
	at com.alibaba.nacos.shaded.io.grpc.internal.ClientCallImpl$ClientStreamListenerImpl$1StreamClosed.runInternal(ClientCallImpl.java:692) ~[nacos-client-2.0.4.jar:na]
	at com.alibaba.nacos.shaded.io.grpc.internal.ClientCallImpl$ClientStreamListenerImpl$1StreamClosed.runInContext(ClientCallImpl.java:681) ~[nacos-client-2.0.4.jar:na]
	at com.alibaba.nacos.shaded.io.grpc.internal.ContextRunnable.run(ContextRunnable.java:37) ~[nacos-client-2.0.4.jar:na]
	at com.alibaba.nacos.shaded.io.grpc.internal.SerializingExecutor.run(SerializingExecutor.java:123) ~[nacos-client-2.0.4.jar:na]
	... 3 common frames omitted
Caused by: com.alibaba.nacos.shaded.io.grpc.netty.shaded.io.netty.channel.AbstractChannel$AnnotatedConnectException: Connection refused: localhost/0:0:0:0:0:0:0:1:9848
Caused by: java.net.ConnectException: Connection refused
	at java.base/sun.nio.ch.SocketChannelImpl.checkConnect(Native Method) ~[na:na]
	at java.base/sun.nio.ch.SocketChannelImpl.finishConnect(SocketChannelImpl.java:777) ~[na:na]
	at com.alibaba.nacos.shaded.io.grpc.netty.shaded.io.netty.channel.socket.nio.NioSocketChannel.doFinishConnect(NioSocketChannel.java:327) ~[nacos-client-2.0.4.jar:na]
	at com.alibaba.nacos.shaded.io.grpc.netty.shaded.io.netty.channel.nio.AbstractNioChannel$AbstractNioUnsafe.finishConnect(AbstractNioChannel.java:336) ~[nacos-client-2.0.4.jar:na]
	at com.alibaba.nacos.shaded.io.grpc.netty.shaded.io.netty.channel.nio.NioEventLoop.processSelectedKey(NioEventLoop.java:685) ~[nacos-client-2.0.4.jar:na]
	at com.alibaba.nacos.shaded.io.grpc.netty.shaded.io.netty.channel.nio.NioEventLoop.processSelectedKeysOptimized(NioEventLoop.java:632) ~[nacos-client-2.0.4.jar:na]
	at com.alibaba.nacos.shaded.io.grpc.netty.shaded.io.netty.channel.nio.NioEventLoop.processSelectedKeys(NioEventLoop.java:549) ~[nacos-client-2.0.4.jar:na]
	at com.alibaba.nacos.shaded.io.grpc.netty.shaded.io.netty.channel.nio.NioEventLoop.run(NioEventLoop.java:511) ~[nacos-client-2.0.4.jar:na]
	at com.alibaba.nacos.shaded.io.grpc.netty.shaded.io.netty.util.concurrent.SingleThreadEventExecutor$5.run(SingleThreadEventExecutor.java:918) ~[nacos-client-2.0.4.jar:na]
	at com.alibaba.nacos.shaded.io.grpc.netty.shaded.io.netty.util.internal.ThreadExecutorMap$2.run(ThreadExecutorMap.java:74) ~[nacos-client-2.0.4.jar:na]
	at com.alibaba.nacos.shaded.io.grpc.netty.shaded.io.netty.util.concurrent.FastThreadLocalRunnable.run(FastThreadLocalRunnable.java:30) ~[nacos-client-2.0.4.jar:na]
	at java.base/java.lang.Thread.run(Thread.java:829) ~[na:na]

01:05:28:297  INFO 55204 --- [com.alibaba.nacos.client.remote.worker] com.alibaba.nacos.common.remote.client   : [b0b8ad0a-9d36-485a-93d1-4b2b57751d3e_config-0] Fail to connect server, after trying 9 times, last try server is {serverIp = 'localhost', server main port = 8848}, error = unknown
01:05:28:355 ERROR 55204 --- [main] com.alibaba.nacos.common.remote.client   : Send request fail, request = SubscribeServiceRequest{headers={app=unknown}, requestId='null'}, retryTimes = 0, errorMessage = Client not connected, current status:STARTING
01:05:28:360 ERROR 55204 --- [com.alibaba.nacos.client.remote.worker] c.a.n.c.remote.client.grpc.GrpcClient    : Server check fail, please check server localhost ,port 9848 is available , error ={}

java.util.concurrent.ExecutionException: com.alibaba.nacos.shaded.io.grpc.StatusRuntimeException: UNAVAILABLE: io exception
	at com.alibaba.nacos.shaded.com.google.common.util.concurrent.AbstractFuture.getDoneValue(AbstractFuture.java:566) ~[nacos-client-2.0.4.jar:na]
	at com.alibaba.nacos.shaded.com.google.common.util.concurrent.AbstractFuture.get(AbstractFuture.java:445) ~[nacos-client-2.0.4.jar:na]
	at com.alibaba.nacos.common.remote.client.grpc.GrpcClient.serverCheck(GrpcClient.java:148) ~[nacos-client-2.0.4.jar:na]
	at com.alibaba.nacos.common.remote.client.grpc.GrpcClient.connectToServer(GrpcClient.java:264) ~[nacos-client-2.0.4.jar:na]
	at com.alibaba.nacos.common.remote.client.RpcClient.reconnect(RpcClient.java:522) ~[nacos-client-2.0.4.jar:na]
	at com.alibaba.nacos.common.remote.client.RpcClient.lambda$start$2(RpcClient.java:370) ~[nacos-client-2.0.4.jar:na]
	at java.base/java.util.concurrent.Executors$RunnableAdapter.call(Executors.java:515) ~[na:na]
	at java.base/java.util.concurrent.FutureTask.run$$$capture(FutureTask.java:264) ~[na:na]
	at java.base/java.util.concurrent.FutureTask.run(FutureTask.java) ~[na:na]
	at java.base/java.util.concurrent.ScheduledThreadPoolExecutor$ScheduledFutureTask.run(ScheduledThreadPoolExecutor.java:304) ~[na:na]
	at java.base/java.util.concurrent.ThreadPoolExecutor.runWorker(ThreadPoolExecutor.java:1128) ~[na:na]
	at java.base/java.util.concurrent.ThreadPoolExecutor$Worker.run(ThreadPoolExecutor.java:628) ~[na:na]
	at java.base/java.lang.Thread.run(Thread.java:829) ~[na:na]
Caused by: com.alibaba.nacos.shaded.io.grpc.StatusRuntimeException: UNAVAILABLE: io exception
	at com.alibaba.nacos.shaded.io.grpc.Status.asRuntimeException(Status.java:533) ~[nacos-client-2.0.4.jar:na]
	at com.alibaba.nacos.shaded.io.grpc.stub.ClientCalls$UnaryStreamToFuture.onClose(ClientCalls.java:490) ~[nacos-client-2.0.4.jar:na]
	at com.alibaba.nacos.shaded.io.grpc.PartialForwardingClientCallListener.onClose(PartialForwardingClientCallListener.java:39) ~[nacos-client-2.0.4.jar:na]
	at com.alibaba.nacos.shaded.io.grpc.ForwardingClientCallListener.onClose(ForwardingClientCallListener.java:23) ~[nacos-client-2.0.4.jar:na]
	at com.alibaba.nacos.shaded.io.grpc.ForwardingClientCallListener$SimpleForwardingClientCallListener.onClose(ForwardingClientCallListener.java:40) ~[nacos-client-2.0.4.jar:na]
	at com.alibaba.nacos.shaded.io.grpc.internal.CensusStatsModule$StatsClientInterceptor$1$1.onClose(CensusStatsModule.java:700) ~[nacos-client-2.0.4.jar:na]
	at com.alibaba.nacos.shaded.io.grpc.PartialForwardingClientCallListener.onClose(PartialForwardingClientCallListener.java:39) ~[nacos-client-2.0.4.jar:na]
	at com.alibaba.nacos.shaded.io.grpc.ForwardingClientCallListener.onClose(ForwardingClientCallListener.java:23) ~[nacos-client-2.0.4.jar:na]
	at com.alibaba.nacos.shaded.io.grpc.ForwardingClientCallListener$SimpleForwardingClientCallListener.onClose(ForwardingClientCallListener.java:40) ~[nacos-client-2.0.4.jar:na]
	at com.alibaba.nacos.shaded.io.grpc.internal.CensusTracingModule$TracingClientInterceptor$1$1.onClose(CensusTracingModule.java:399) ~[nacos-client-2.0.4.jar:na]
	at com.alibaba.nacos.shaded.io.grpc.internal.ClientCallImpl.closeObserver(ClientCallImpl.java:510) ~[nacos-client-2.0.4.jar:na]
	at com.alibaba.nacos.shaded.io.grpc.internal.ClientCallImpl.access$300(ClientCallImpl.java:66) ~[nacos-client-2.0.4.jar:na]
	at com.alibaba.nacos.shaded.io.grpc.internal.ClientCallImpl$ClientStreamListenerImpl.close(ClientCallImpl.java:630) ~[nacos-client-2.0.4.jar:na]
	at com.alibaba.nacos.shaded.io.grpc.internal.ClientCallImpl$ClientStreamListenerImpl.access$700(ClientCallImpl.java:518) ~[nacos-client-2.0.4.jar:na]
	at com.alibaba.nacos.shaded.io.grpc.internal.ClientCallImpl$ClientStreamListenerImpl$1StreamClosed.runInternal(ClientCallImpl.java:692) ~[nacos-client-2.0.4.jar:na]
	at com.alibaba.nacos.shaded.io.grpc.internal.ClientCallImpl$ClientStreamListenerImpl$1StreamClosed.runInContext(ClientCallImpl.java:681) ~[nacos-client-2.0.4.jar:na]
	at com.alibaba.nacos.shaded.io.grpc.internal.ContextRunnable.run(ContextRunnable.java:37) ~[nacos-client-2.0.4.jar:na]
	at com.alibaba.nacos.shaded.io.grpc.internal.SerializingExecutor.run(SerializingExecutor.java:123) ~[nacos-client-2.0.4.jar:na]
	... 3 common frames omitted
Caused by: com.alibaba.nacos.shaded.io.grpc.netty.shaded.io.netty.channel.AbstractChannel$AnnotatedConnectException: Connection refused: localhost/0:0:0:0:0:0:0:1:9848
Caused by: java.net.ConnectException: Connection refused
	at java.base/sun.nio.ch.SocketChannelImpl.checkConnect(Native Method) ~[na:na]
	at java.base/sun.nio.ch.SocketChannelImpl.finishConnect(SocketChannelImpl.java:777) ~[na:na]
	at com.alibaba.nacos.shaded.io.grpc.netty.shaded.io.netty.channel.socket.nio.NioSocketChannel.doFinishConnect(NioSocketChannel.java:327) ~[nacos-client-2.0.4.jar:na]
	at com.alibaba.nacos.shaded.io.grpc.netty.shaded.io.netty.channel.nio.AbstractNioChannel$AbstractNioUnsafe.finishConnect(AbstractNioChannel.java:336) ~[nacos-client-2.0.4.jar:na]
	at com.alibaba.nacos.shaded.io.grpc.netty.shaded.io.netty.channel.nio.NioEventLoop.processSelectedKey(NioEventLoop.java:685) ~[nacos-client-2.0.4.jar:na]
	at com.alibaba.nacos.shaded.io.grpc.netty.shaded.io.netty.channel.nio.NioEventLoop.processSelectedKeysOptimized(NioEventLoop.java:632) ~[nacos-client-2.0.4.jar:na]
	at com.alibaba.nacos.shaded.io.grpc.netty.shaded.io.netty.channel.nio.NioEventLoop.processSelectedKeys(NioEventLoop.java:549) ~[nacos-client-2.0.4.jar:na]
	at com.alibaba.nacos.shaded.io.grpc.netty.shaded.io.netty.channel.nio.NioEventLoop.run(NioEventLoop.java:511) ~[nacos-client-2.0.4.jar:na]
	at com.alibaba.nacos.shaded.io.grpc.netty.shaded.io.netty.util.concurrent.SingleThreadEventExecutor$5.run(SingleThreadEventExecutor.java:918) ~[nacos-client-2.0.4.jar:na]
	at com.alibaba.nacos.shaded.io.grpc.netty.shaded.io.netty.util.internal.ThreadExecutorMap$2.run(ThreadExecutorMap.java:74) ~[nacos-client-2.0.4.jar:na]
	at com.alibaba.nacos.shaded.io.grpc.netty.shaded.io.netty.util.concurrent.FastThreadLocalRunnable.run(FastThreadLocalRunnable.java:30) ~[nacos-client-2.0.4.jar:na]
	at java.base/java.lang.Thread.run(Thread.java:829) ~[na:na]

01:05:28:361  INFO 55204 --- [com.alibaba.nacos.client.remote.worker] com.alibaba.nacos.common.remote.client   : [d034c830-8bd2-4f4e-9bc8-e746a4d0b664] Fail to connect server, after trying 1 times, last try server is {serverIp = 'localhost', server main port = 8848}, error = unknown
01:05:28:456 ERROR 55204 --- [main] com.alibaba.nacos.common.remote.client   : Send request fail, request = SubscribeServiceRequest{headers={app=unknown}, requestId='null'}, retryTimes = 1, errorMessage = Client not connected, current status:STARTING
01:05:28:561 ERROR 55204 --- [main] com.alibaba.nacos.common.remote.client   : Send request fail, request = SubscribeServiceRequest{headers={app=unknown}, requestId='null'}, retryTimes = 2, errorMessage = Client not connected, current status:STARTING
01:05:28:563 ERROR 55204 --- [main] c.a.cloud.nacos.discovery.NacosWatch     : namingService subscribe failed, properties:NacosDiscoveryProperties{serverAddr='localhost:8848', username='', password='', endpoint='', namespace='', watchDelay=30000, logName='', service='item-service', weight=1.0, clusterName='DEFAULT', group='DEFAULT_GROUP', namingLoadCacheAtStart='false', metadata={preserved.register.source=SPRING_CLOUD}, registerEnabled=true, ip='172.30.193.44', networkInterface='', port=-1, secure=false, accessKey='', secretKey='', heartBeatInterval=null, heartBeatTimeout=null, ipDeleteTimeout=null, instanceEnabled=true, ephemeral=true, failureToleranceEnabled=false}, ipDeleteTimeout=null, failFast=true}

com.alibaba.nacos.api.exception.NacosException: Request nacos server failed: 
	at com.alibaba.nacos.client.naming.remote.gprc.NamingGrpcClientProxy.requestToServer(NamingGrpcClientProxy.java:290) ~[nacos-client-2.0.4.jar:na]
	at com.alibaba.nacos.client.naming.remote.gprc.NamingGrpcClientProxy.doSubscribe(NamingGrpcClientProxy.java:230) ~[nacos-client-2.0.4.jar:na]
	at com.alibaba.nacos.client.naming.remote.gprc.NamingGrpcClientProxy.subscribe(NamingGrpcClientProxy.java:215) ~[nacos-client-2.0.4.jar:na]
	at com.alibaba.nacos.client.naming.remote.NamingClientProxyDelegate.subscribe(NamingClientProxyDelegate.java:147) ~[nacos-client-2.0.4.jar:na]
	at com.alibaba.nacos.client.naming.NacosNamingService.subscribe(NacosNamingService.java:393) ~[nacos-client-2.0.4.jar:na]
	at com.alibaba.cloud.nacos.discovery.NacosWatch.start(NacosWatch.java:132) ~[spring-cloud-starter-alibaba-nacos-discovery-2021.0.4.0.jar:2021.0.4.0]
	at org.springframework.context.support.DefaultLifecycleProcessor.doStart(DefaultLifecycleProcessor.java:178) ~[spring-context-5.3.27.jar:5.3.27]
	at org.springframework.context.support.DefaultLifecycleProcessor.access$200(DefaultLifecycleProcessor.java:54) ~[spring-context-5.3.27.jar:5.3.27]
	at org.springframework.context.support.DefaultLifecycleProcessor$LifecycleGroup.start(DefaultLifecycleProcessor.java:356) ~[spring-context-5.3.27.jar:5.3.27]
	at java.base/java.lang.Iterable.forEach(Iterable.java:75) ~[na:na]
	at org.springframework.context.support.DefaultLifecycleProcessor.startBeans(DefaultLifecycleProcessor.java:155) ~[spring-context-5.3.27.jar:5.3.27]
	at org.springframework.context.support.DefaultLifecycleProcessor.onRefresh(DefaultLifecycleProcessor.java:123) ~[spring-context-5.3.27.jar:5.3.27]
	at org.springframework.context.support.AbstractApplicationContext.finishRefresh(AbstractApplicationContext.java:937) ~[spring-context-5.3.27.jar:5.3.27]
	at org.springframework.context.support.AbstractApplicationContext.refresh(AbstractApplicationContext.java:586) ~[spring-context-5.3.27.jar:5.3.27]
	at org.springframework.boot.SpringApplication.refresh(SpringApplication.java:731) ~[spring-boot-2.7.12.jar:2.7.12]
	at org.springframework.boot.SpringApplication.refreshContext(SpringApplication.java:408) ~[spring-boot-2.7.12.jar:2.7.12]
	at org.springframework.boot.SpringApplication.run(SpringApplication.java:307) ~[spring-boot-2.7.12.jar:2.7.12]
	at org.springframework.boot.test.context.SpringBootContextLoader.loadContext(SpringBootContextLoader.java:136) ~[spring-boot-test-2.7.12.jar:2.7.12]
	at org.springframework.test.context.cache.DefaultCacheAwareContextLoaderDelegate.loadContextInternal(DefaultCacheAwareContextLoaderDelegate.java:141) ~[spring-test-5.3.27.jar:5.3.27]
	at org.springframework.test.context.cache.DefaultCacheAwareContextLoaderDelegate.loadContext(DefaultCacheAwareContextLoaderDelegate.java:90) ~[spring-test-5.3.27.jar:5.3.27]
	at org.springframework.test.context.support.DefaultTestContext.getApplicationContext(DefaultTestContext.java:124) ~[spring-test-5.3.27.jar:5.3.27]
	at org.springframework.test.context.web.ServletTestExecutionListener.setUpRequestContextIfNecessary(ServletTestExecutionListener.java:190) ~[spring-test-5.3.27.jar:5.3.27]
	at org.springframework.test.context.web.ServletTestExecutionListener.prepareTestInstance(ServletTestExecutionListener.java:132) ~[spring-test-5.3.27.jar:5.3.27]
	at org.springframework.test.context.TestContextManager.prepareTestInstance(TestContextManager.java:248) ~[spring-test-5.3.27.jar:5.3.27]
	at org.springframework.test.context.junit.jupiter.SpringExtension.postProcessTestInstance(SpringExtension.java:138) ~[spring-test-5.3.27.jar:5.3.27]
	at org.junit.jupiter.engine.descriptor.ClassBasedTestDescriptor.lambda$invokeTestInstancePostProcessors$8(ClassBasedTestDescriptor.java:363) ~[junit-jupiter-engine-5.8.2.jar:5.8.2]
	at org.junit.jupiter.engine.descriptor.ClassBasedTestDescriptor.executeAndMaskThrowable(ClassBasedTestDescriptor.java:368) ~[junit-jupiter-engine-5.8.2.jar:5.8.2]
	at org.junit.jupiter.engine.descriptor.ClassBasedTestDescriptor.lambda$invokeTestInstancePostProcessors$9(ClassBasedTestDescriptor.java:363) ~[junit-jupiter-engine-5.8.2.jar:5.8.2]
	at java.base/java.util.stream.ReferencePipeline$3$1.accept(ReferencePipeline.java:195) ~[na:na]
	at java.base/java.util.stream.ReferencePipeline$2$1.accept(ReferencePipeline.java:177) ~[na:na]
	at java.base/java.util.ArrayList$ArrayListSpliterator.forEachRemaining(ArrayList.java:1655) ~[na:na]
	at java.base/java.util.stream.AbstractPipeline.copyInto(AbstractPipeline.java:484) ~[na:na]
	at java.base/java.util.stream.AbstractPipeline.wrapAndCopyInto(AbstractPipeline.java:474) ~[na:na]
	at java.base/java.util.stream.StreamSpliterators$WrappingSpliterator.forEachRemaining(StreamSpliterators.java:312) ~[na:na]
	at java.base/java.util.stream.Streams$ConcatSpliterator.forEachRemaining(Streams.java:735) ~[na:na]
	at java.base/java.util.stream.Streams$ConcatSpliterator.forEachRemaining(Streams.java:734) ~[na:na]
	at java.base/java.util.stream.ReferencePipeline$Head.forEach(ReferencePipeline.java:658) ~[na:na]
	at org.junit.jupiter.engine.descriptor.ClassBasedTestDescriptor.invokeTestInstancePostProcessors(ClassBasedTestDescriptor.java:362) ~[junit-jupiter-engine-5.8.2.jar:5.8.2]
	at org.junit.jupiter.engine.descriptor.ClassBasedTestDescriptor.lambda$instantiateAndPostProcessTestInstance$6(ClassBasedTestDescriptor.java:283) ~[junit-jupiter-engine-5.8.2.jar:5.8.2]
	at org.junit.platform.engine.support.hierarchical.ThrowableCollector.execute(ThrowableCollector.java:73) ~[junit-platform-engine-1.8.2.jar:1.8.2]
	at org.junit.jupiter.engine.descriptor.ClassBasedTestDescriptor.instantiateAndPostProcessTestInstance(ClassBasedTestDescriptor.java:282) ~[junit-jupiter-engine-5.8.2.jar:5.8.2]
	at org.junit.jupiter.engine.descriptor.ClassBasedTestDescriptor.lambda$testInstancesProvider$4(ClassBasedTestDescriptor.java:272) ~[junit-jupiter-engine-5.8.2.jar:5.8.2]
	at java.base/java.util.Optional.orElseGet(Optional.java:369) ~[na:na]
	at org.junit.jupiter.engine.descriptor.ClassBasedTestDescriptor.lambda$testInstancesProvider$5(ClassBasedTestDescriptor.java:271) ~[junit-jupiter-engine-5.8.2.jar:5.8.2]
	at org.junit.jupiter.engine.execution.TestInstancesProvider.getTestInstances(TestInstancesProvider.java:31) ~[junit-jupiter-engine-5.8.2.jar:5.8.2]
	at org.junit.jupiter.engine.descriptor.TestMethodTestDescriptor.lambda$prepare$0(TestMethodTestDescriptor.java:102) ~[junit-jupiter-engine-5.8.2.jar:5.8.2]
	at org.junit.platform.engine.support.hierarchical.ThrowableCollector.execute(ThrowableCollector.java:73) ~[junit-platform-engine-1.8.2.jar:1.8.2]
	at org.junit.jupiter.engine.descriptor.TestMethodTestDescriptor.prepare(TestMethodTestDescriptor.java:101) ~[junit-jupiter-engine-5.8.2.jar:5.8.2]
	at org.junit.jupiter.engine.descriptor.TestMethodTestDescriptor.prepare(TestMethodTestDescriptor.java:66) ~[junit-jupiter-engine-5.8.2.jar:5.8.2]
	at org.junit.platform.engine.support.hierarchical.NodeTestTask.lambda$prepare$2(NodeTestTask.java:123) ~[junit-platform-engine-1.8.2.jar:1.8.2]
	at org.junit.platform.engine.support.hierarchical.ThrowableCollector.execute(ThrowableCollector.java:73) ~[junit-platform-engine-1.8.2.jar:1.8.2]
	at org.junit.platform.engine.support.hierarchical.NodeTestTask.prepare(NodeTestTask.java:123) ~[junit-platform-engine-1.8.2.jar:1.8.2]
	at org.junit.platform.engine.support.hierarchical.NodeTestTask.execute(NodeTestTask.java:90) ~[junit-platform-engine-1.8.2.jar:1.8.2]
	at java.base/java.util.ArrayList.forEach(ArrayList.java:1541) ~[na:na]
	at org.junit.platform.engine.support.hierarchical.SameThreadHierarchicalTestExecutorService.invokeAll(SameThreadHierarchicalTestExecutorService.java:41) ~[junit-platform-engine-1.8.2.jar:1.8.2]
	at org.junit.platform.engine.support.hierarchical.NodeTestTask.lambda$executeRecursively$6(NodeTestTask.java:155) ~[junit-platform-engine-1.8.2.jar:1.8.2]
	at org.junit.platform.engine.support.hierarchical.ThrowableCollector.execute(ThrowableCollector.java:73) ~[junit-platform-engine-1.8.2.jar:1.8.2]
	at org.junit.platform.engine.support.hierarchical.NodeTestTask.lambda$executeRecursively$8(NodeTestTask.java:141) ~[junit-platform-engine-1.8.2.jar:1.8.2]
	at org.junit.platform.engine.support.hierarchical.Node.around(Node.java:137) ~[junit-platform-engine-1.8.2.jar:1.8.2]
	at org.junit.platform.engine.support.hierarchical.NodeTestTask.lambda$executeRecursively$9(NodeTestTask.java:139) ~[junit-platform-engine-1.8.2.jar:1.8.2]
	at org.junit.platform.engine.support.hierarchical.ThrowableCollector.execute(ThrowableCollector.java:73) ~[junit-platform-engine-1.8.2.jar:1.8.2]
	at org.junit.platform.engine.support.hierarchical.NodeTestTask.executeRecursively(NodeTestTask.java:138) ~[junit-platform-engine-1.8.2.jar:1.8.2]
	at org.junit.platform.engine.support.hierarchical.NodeTestTask.execute(NodeTestTask.java:95) ~[junit-platform-engine-1.8.2.jar:1.8.2]
	at java.base/java.util.ArrayList.forEach(ArrayList.java:1541) ~[na:na]
	at org.junit.platform.engine.support.hierarchical.SameThreadHierarchicalTestExecutorService.invokeAll(SameThreadHierarchicalTestExecutorService.java:41) ~[junit-platform-engine-1.8.2.jar:1.8.2]
	at org.junit.platform.engine.support.hierarchical.NodeTestTask.lambda$executeRecursively$6(NodeTestTask.java:155) ~[junit-platform-engine-1.8.2.jar:1.8.2]
	at org.junit.platform.engine.support.hierarchical.ThrowableCollector.execute(ThrowableCollector.java:73) ~[junit-platform-engine-1.8.2.jar:1.8.2]
	at org.junit.platform.engine.support.hierarchical.NodeTestTask.lambda$executeRecursively$8(NodeTestTask.java:141) ~[junit-platform-engine-1.8.2.jar:1.8.2]
	at org.junit.platform.engine.support.hierarchical.Node.around(Node.java:137) ~[junit-platform-engine-1.8.2.jar:1.8.2]
	at org.junit.platform.engine.support.hierarchical.NodeTestTask.lambda$executeRecursively$9(NodeTestTask.java:139) ~[junit-platform-engine-1.8.2.jar:1.8.2]
	at org.junit.platform.engine.support.hierarchical.ThrowableCollector.execute(ThrowableCollector.java:73) ~[junit-platform-engine-1.8.2.jar:1.8.2]
	at org.junit.platform.engine.support.hierarchical.NodeTestTask.executeRecursively(NodeTestTask.java:138) ~[junit-platform-engine-1.8.2.jar:1.8.2]
	at org.junit.platform.engine.support.hierarchical.NodeTestTask.execute(NodeTestTask.java:95) ~[junit-platform-engine-1.8.2.jar:1.8.2]
	at org.junit.platform.engine.support.hierarchical.SameThreadHierarchicalTestExecutorService.submit(SameThreadHierarchicalTestExecutorService.java:35) ~[junit-platform-engine-1.8.2.jar:1.8.2]
	at org.junit.platform.engine.support.hierarchical.HierarchicalTestExecutor.execute(HierarchicalTestExecutor.java:57) ~[junit-platform-engine-1.8.2.jar:1.8.2]
	at org.junit.platform.engine.support.hierarchical.HierarchicalTestEngine.execute(HierarchicalTestEngine.java:54) ~[junit-platform-engine-1.8.2.jar:1.8.2]
	at org.junit.platform.launcher.core.EngineExecutionOrchestrator.execute(EngineExecutionOrchestrator.java:107) ~[junit-platform-launcher-1.8.2.jar:1.8.2]
	at org.junit.platform.launcher.core.EngineExecutionOrchestrator.execute(EngineExecutionOrchestrator.java:88) ~[junit-platform-launcher-1.8.2.jar:1.8.2]
	at org.junit.platform.launcher.core.EngineExecutionOrchestrator.lambda$execute$0(EngineExecutionOrchestrator.java:54) ~[junit-platform-launcher-1.8.2.jar:1.8.2]
	at org.junit.platform.launcher.core.EngineExecutionOrchestrator.withInterceptedStreams(EngineExecutionOrchestrator.java:67) ~[junit-platform-launcher-1.8.2.jar:1.8.2]
	at org.junit.platform.launcher.core.EngineExecutionOrchestrator.execute(EngineExecutionOrchestrator.java:52) ~[junit-platform-launcher-1.8.2.jar:1.8.2]
	at org.junit.platform.launcher.core.DefaultLauncher.execute(DefaultLauncher.java:114) ~[junit-platform-launcher-1.8.2.jar:1.8.2]
	at org.junit.platform.launcher.core.DefaultLauncher.execute(DefaultLauncher.java:86) ~[junit-platform-launcher-1.8.2.jar:1.8.2]
	at org.junit.platform.launcher.core.DefaultLauncherSession$DelegatingLauncher.execute(DefaultLauncherSession.java:86) ~[junit-platform-launcher-1.8.2.jar:1.8.2]
	at org.junit.platform.launcher.core.SessionPerRequestLauncher.execute(SessionPerRequestLauncher.java:53) ~[junit-platform-launcher-1.8.2.jar:1.8.2]
	at com.intellij.junit5.JUnit5TestRunnerHelper.execute(JUnit5TestRunnerHelper.java:134) ~[junit5-rt.jar:na]
	at com.intellij.junit5.JUnit5IdeaTestRunner.startRunnerWithArgs(JUnit5IdeaTestRunner.java:70) ~[junit5-rt.jar:na]
	at com.intellij.rt.junit.IdeaTestRunner$Repeater$1.execute(IdeaTestRunner.java:38) ~[junit-rt.jar:na]
	at com.intellij.rt.execution.junit.TestsRepeater.repeat(TestsRepeater.java:11) ~[idea_rt.jar:na]
	at com.intellij.rt.junit.IdeaTestRunner$Repeater.startRunnerWithArgs(IdeaTestRunner.java:35) ~[junit-rt.jar:na]
	at com.intellij.rt.junit.JUnitStarter.prepareStreamsAndStart(JUnitStarter.java:225) ~[junit-rt.jar:na]
	at com.intellij.rt.junit.JUnitStarter.main(JUnitStarter.java:61) ~[junit-rt.jar:na]
Caused by: com.alibaba.nacos.api.exception.NacosException: Client not connected, current status:STARTING
	at com.alibaba.nacos.common.remote.client.RpcClient.request(RpcClient.java:650) ~[nacos-client-2.0.4.jar:na]
	at com.alibaba.nacos.common.remote.client.RpcClient.request(RpcClient.java:630) ~[nacos-client-2.0.4.jar:na]
	at com.alibaba.nacos.client.naming.remote.gprc.NamingGrpcClientProxy.requestToServer(NamingGrpcClientProxy.java:280) ~[nacos-client-2.0.4.jar:na]
	... 91 common frames omitted

01:05:28:569  INFO 55204 --- [main] d.s.w.p.DocumentationPluginsBootstrapper : Documentation plugins bootstrapped
01:05:28:569 ERROR 55204 --- [com.alibaba.nacos.client.remote.worker] c.a.n.c.remote.client.grpc.GrpcClient    : Server check fail, please check server localhost ,port 9848 is available , error ={}

java.util.concurrent.ExecutionException: com.alibaba.nacos.shaded.io.grpc.StatusRuntimeException: UNAVAILABLE: io exception
	at com.alibaba.nacos.shaded.com.google.common.util.concurrent.AbstractFuture.getDoneValue(AbstractFuture.java:566) ~[nacos-client-2.0.4.jar:na]
	at com.alibaba.nacos.shaded.com.google.common.util.concurrent.AbstractFuture.get(AbstractFuture.java:445) ~[nacos-client-2.0.4.jar:na]
	at com.alibaba.nacos.common.remote.client.grpc.GrpcClient.serverCheck(GrpcClient.java:148) ~[nacos-client-2.0.4.jar:na]
	at com.alibaba.nacos.common.remote.client.grpc.GrpcClient.connectToServer(GrpcClient.java:264) ~[nacos-client-2.0.4.jar:na]
	at com.alibaba.nacos.common.remote.client.RpcClient.reconnect(RpcClient.java:522) ~[nacos-client-2.0.4.jar:na]
	at com.alibaba.nacos.common.remote.client.RpcClient.lambda$start$2(RpcClient.java:370) ~[nacos-client-2.0.4.jar:na]
	at java.base/java.util.concurrent.Executors$RunnableAdapter.call(Executors.java:515) ~[na:na]
	at java.base/java.util.concurrent.FutureTask.run$$$capture(FutureTask.java:264) ~[na:na]
	at java.base/java.util.concurrent.FutureTask.run(FutureTask.java) ~[na:na]
	at java.base/java.util.concurrent.ScheduledThreadPoolExecutor$ScheduledFutureTask.run(ScheduledThreadPoolExecutor.java:304) ~[na:na]
	at java.base/java.util.concurrent.ThreadPoolExecutor.runWorker(ThreadPoolExecutor.java:1128) ~[na:na]
	at java.base/java.util.concurrent.ThreadPoolExecutor$Worker.run(ThreadPoolExecutor.java:628) ~[na:na]
	at java.base/java.lang.Thread.run(Thread.java:829) ~[na:na]
Caused by: com.alibaba.nacos.shaded.io.grpc.StatusRuntimeException: UNAVAILABLE: io exception
	at com.alibaba.nacos.shaded.io.grpc.Status.asRuntimeException(Status.java:533) ~[nacos-client-2.0.4.jar:na]
	at com.alibaba.nacos.shaded.io.grpc.stub.ClientCalls$UnaryStreamToFuture.onClose(ClientCalls.java:490) ~[nacos-client-2.0.4.jar:na]
	at com.alibaba.nacos.shaded.io.grpc.PartialForwardingClientCallListener.onClose(PartialForwardingClientCallListener.java:39) ~[nacos-client-2.0.4.jar:na]
	at com.alibaba.nacos.shaded.io.grpc.ForwardingClientCallListener.onClose(ForwardingClientCallListener.java:23) ~[nacos-client-2.0.4.jar:na]
	at com.alibaba.nacos.shaded.io.grpc.ForwardingClientCallListener$SimpleForwardingClientCallListener.onClose(ForwardingClientCallListener.java:40) ~[nacos-client-2.0.4.jar:na]
	at com.alibaba.nacos.shaded.io.grpc.internal.CensusStatsModule$StatsClientInterceptor$1$1.onClose(CensusStatsModule.java:700) ~[nacos-client-2.0.4.jar:na]
	at com.alibaba.nacos.shaded.io.grpc.PartialForwardingClientCallListener.onClose(PartialForwardingClientCallListener.java:39) ~[nacos-client-2.0.4.jar:na]
	at com.alibaba.nacos.shaded.io.grpc.ForwardingClientCallListener.onClose(ForwardingClientCallListener.java:23) ~[nacos-client-2.0.4.jar:na]
	at com.alibaba.nacos.shaded.io.grpc.ForwardingClientCallListener$SimpleForwardingClientCallListener.onClose(ForwardingClientCallListener.java:40) ~[nacos-client-2.0.4.jar:na]
	at com.alibaba.nacos.shaded.io.grpc.internal.CensusTracingModule$TracingClientInterceptor$1$1.onClose(CensusTracingModule.java:399) ~[nacos-client-2.0.4.jar:na]
	at com.alibaba.nacos.shaded.io.grpc.internal.ClientCallImpl.closeObserver(ClientCallImpl.java:510) ~[nacos-client-2.0.4.jar:na]
	at com.alibaba.nacos.shaded.io.grpc.internal.ClientCallImpl.access$300(ClientCallImpl.java:66) ~[nacos-client-2.0.4.jar:na]
	at com.alibaba.nacos.shaded.io.grpc.internal.ClientCallImpl$ClientStreamListenerImpl.close(ClientCallImpl.java:630) ~[nacos-client-2.0.4.jar:na]
	at com.alibaba.nacos.shaded.io.grpc.internal.ClientCallImpl$ClientStreamListenerImpl.access$700(ClientCallImpl.java:518) ~[nacos-client-2.0.4.jar:na]
	at com.alibaba.nacos.shaded.io.grpc.internal.ClientCallImpl$ClientStreamListenerImpl$1StreamClosed.runInternal(ClientCallImpl.java:692) ~[nacos-client-2.0.4.jar:na]
	at com.alibaba.nacos.shaded.io.grpc.internal.ClientCallImpl$ClientStreamListenerImpl$1StreamClosed.runInContext(ClientCallImpl.java:681) ~[nacos-client-2.0.4.jar:na]
	at com.alibaba.nacos.shaded.io.grpc.internal.ContextRunnable.run(ContextRunnable.java:37) ~[nacos-client-2.0.4.jar:na]
	at com.alibaba.nacos.shaded.io.grpc.internal.SerializingExecutor.run(SerializingExecutor.java:123) ~[nacos-client-2.0.4.jar:na]
	... 3 common frames omitted
Caused by: com.alibaba.nacos.shaded.io.grpc.netty.shaded.io.netty.channel.AbstractChannel$AnnotatedConnectException: Connection refused: localhost/0:0:0:0:0:0:0:1:9848
Caused by: java.net.ConnectException: Connection refused
	at java.base/sun.nio.ch.SocketChannelImpl.checkConnect(Native Method) ~[na:na]
	at java.base/sun.nio.ch.SocketChannelImpl.finishConnect(SocketChannelImpl.java:777) ~[na:na]
	at com.alibaba.nacos.shaded.io.grpc.netty.shaded.io.netty.channel.socket.nio.NioSocketChannel.doFinishConnect(NioSocketChannel.java:327) ~[nacos-client-2.0.4.jar:na]
	at com.alibaba.nacos.shaded.io.grpc.netty.shaded.io.netty.channel.nio.AbstractNioChannel$AbstractNioUnsafe.finishConnect(AbstractNioChannel.java:336) ~[nacos-client-2.0.4.jar:na]
	at com.alibaba.nacos.shaded.io.grpc.netty.shaded.io.netty.channel.nio.NioEventLoop.processSelectedKey(NioEventLoop.java:685) ~[nacos-client-2.0.4.jar:na]
	at com.alibaba.nacos.shaded.io.grpc.netty.shaded.io.netty.channel.nio.NioEventLoop.processSelectedKeysOptimized(NioEventLoop.java:632) ~[nacos-client-2.0.4.jar:na]
	at com.alibaba.nacos.shaded.io.grpc.netty.shaded.io.netty.channel.nio.NioEventLoop.processSelectedKeys(NioEventLoop.java:549) ~[nacos-client-2.0.4.jar:na]
	at com.alibaba.nacos.shaded.io.grpc.netty.shaded.io.netty.channel.nio.NioEventLoop.run(NioEventLoop.java:511) ~[nacos-client-2.0.4.jar:na]
	at com.alibaba.nacos.shaded.io.grpc.netty.shaded.io.netty.util.concurrent.SingleThreadEventExecutor$5.run(SingleThreadEventExecutor.java:918) ~[nacos-client-2.0.4.jar:na]
	at com.alibaba.nacos.shaded.io.grpc.netty.shaded.io.netty.util.internal.ThreadExecutorMap$2.run(ThreadExecutorMap.java:74) ~[nacos-client-2.0.4.jar:na]
	at com.alibaba.nacos.shaded.io.grpc.netty.shaded.io.netty.util.concurrent.FastThreadLocalRunnable.run(FastThreadLocalRunnable.java:30) ~[nacos-client-2.0.4.jar:na]
	at java.base/java.lang.Thread.run(Thread.java:829) ~[na:na]

01:05:28:570  INFO 55204 --- [com.alibaba.nacos.client.remote.worker] com.alibaba.nacos.common.remote.client   : [d034c830-8bd2-4f4e-9bc8-e746a4d0b664] Fail to connect server, after trying 2 times, last try server is {serverIp = 'localhost', server main port = 8848}, error = unknown
01:05:28:572  INFO 55204 --- [main] d.s.w.p.DocumentationPluginsBootstrapper : Found 1 custom documentation plugin(s)
01:05:28:604  INFO 55204 --- [main] s.d.s.w.s.ApiListingReferenceScanner     : Scanning for api listing references
01:05:28:785  INFO 55204 --- [main] com.hmall.item.IndexTest                 : Started IndexTest in 7.678 seconds (JVM running for 8.444)
01:05:28:815  INFO 55204 --- [main] c.a.c.n.refresh.NacosContextRefresher    : [Nacos Config] Listening config: dataId=item-service.yaml, group=DEFAULT_GROUP
01:05:28:815  INFO 55204 --- [main] c.a.c.n.refresh.NacosContextRefresher    : [Nacos Config] Listening config: dataId=item-service-local.yaml, group=DEFAULT_GROUP
01:05:28:815  INFO 55204 --- [main] c.a.c.n.refresh.NacosContextRefresher    : [Nacos Config] Listening config: dataId=item-service, group=DEFAULT_GROUP
01:05:28:863  WARN 55204 --- [Thread-5] c.a.nacos.common.notify.NotifyCenter     : [NotifyCenter] Start destroying Publisher
01:05:28:863  WARN 55204 --- [Thread-1] c.a.n.common.http.HttpClientBeanHolder   : [HttpClientBeanHolder] Start destroying common HttpClient
01:05:28:863  WARN 55204 --- [Thread-5] c.a.nacos.common.notify.NotifyCenter     : [NotifyCenter] Destruction of the end
01:05:28:864  WARN 55204 --- [Thread-1] c.a.n.common.http.HttpClientBeanHolder   : [HttpClientBeanHolder] Destruction of the end
01:05:28:877 ERROR 55204 --- [com.alibaba.nacos.client.remote.worker] c.a.n.c.remote.client.grpc.GrpcClient    : Server check fail, please check server localhost ,port 9848 is available , error ={}

java.util.concurrent.ExecutionException: com.alibaba.nacos.shaded.io.grpc.StatusRuntimeException: UNAVAILABLE: io exception
	at com.alibaba.nacos.shaded.com.google.common.util.concurrent.AbstractFuture.getDoneValue(AbstractFuture.java:566) ~[nacos-client-2.0.4.jar:na]
	at com.alibaba.nacos.shaded.com.google.common.util.concurrent.AbstractFuture.get(AbstractFuture.java:445) ~[nacos-client-2.0.4.jar:na]
	at com.alibaba.nacos.common.remote.client.grpc.GrpcClient.serverCheck(GrpcClient.java:148) ~[nacos-client-2.0.4.jar:na]
	at com.alibaba.nacos.common.remote.client.grpc.GrpcClient.connectToServer(GrpcClient.java:264) ~[nacos-client-2.0.4.jar:na]
	at com.alibaba.nacos.common.remote.client.RpcClient.reconnect(RpcClient.java:522) ~[nacos-client-2.0.4.jar:na]
	at com.alibaba.nacos.common.remote.client.RpcClient.lambda$start$2(RpcClient.java:370) ~[nacos-client-2.0.4.jar:na]
	at java.base/java.util.concurrent.Executors$RunnableAdapter.call(Executors.java:515) ~[na:na]
	at java.base/java.util.concurrent.FutureTask.run$$$capture(FutureTask.java:264) ~[na:na]
	at java.base/java.util.concurrent.FutureTask.run(FutureTask.java) ~[na:na]
	at java.base/java.util.concurrent.ScheduledThreadPoolExecutor$ScheduledFutureTask.run(ScheduledThreadPoolExecutor.java:304) ~[na:na]
	at java.base/java.util.concurrent.ThreadPoolExecutor.runWorker(ThreadPoolExecutor.java:1128) ~[na:na]
	at java.base/java.util.concurrent.ThreadPoolExecutor$Worker.run(ThreadPoolExecutor.java:628) ~[na:na]
	at java.base/java.lang.Thread.run(Thread.java:829) ~[na:na]
Caused by: com.alibaba.nacos.shaded.io.grpc.StatusRuntimeException: UNAVAILABLE: io exception
	at com.alibaba.nacos.shaded.io.grpc.Status.asRuntimeException(Status.java:533) ~[nacos-client-2.0.4.jar:na]
	at com.alibaba.nacos.shaded.io.grpc.stub.ClientCalls$UnaryStreamToFuture.onClose(ClientCalls.java:490) ~[nacos-client-2.0.4.jar:na]
	at com.alibaba.nacos.shaded.io.grpc.PartialForwardingClientCallListener.onClose(PartialForwardingClientCallListener.java:39) ~[nacos-client-2.0.4.jar:na]
	at com.alibaba.nacos.shaded.io.grpc.ForwardingClientCallListener.onClose(ForwardingClientCallListener.java:23) ~[nacos-client-2.0.4.jar:na]
	at com.alibaba.nacos.shaded.io.grpc.ForwardingClientCallListener$SimpleForwardingClientCallListener.onClose(ForwardingClientCallListener.java:40) ~[nacos-client-2.0.4.jar:na]
	at com.alibaba.nacos.shaded.io.grpc.internal.CensusStatsModule$StatsClientInterceptor$1$1.onClose(CensusStatsModule.java:700) ~[nacos-client-2.0.4.jar:na]
	at com.alibaba.nacos.shaded.io.grpc.PartialForwardingClientCallListener.onClose(PartialForwardingClientCallListener.java:39) ~[nacos-client-2.0.4.jar:na]
	at com.alibaba.nacos.shaded.io.grpc.ForwardingClientCallListener.onClose(ForwardingClientCallListener.java:23) ~[nacos-client-2.0.4.jar:na]
	at com.alibaba.nacos.shaded.io.grpc.ForwardingClientCallListener$SimpleForwardingClientCallListener.onClose(ForwardingClientCallListener.java:40) ~[nacos-client-2.0.4.jar:na]
	at com.alibaba.nacos.shaded.io.grpc.internal.CensusTracingModule$TracingClientInterceptor$1$1.onClose(CensusTracingModule.java:399) ~[nacos-client-2.0.4.jar:na]
	at com.alibaba.nacos.shaded.io.grpc.internal.ClientCallImpl.closeObserver(ClientCallImpl.java:510) ~[nacos-client-2.0.4.jar:na]
	at com.alibaba.nacos.shaded.io.grpc.internal.ClientCallImpl.access$300(ClientCallImpl.java:66) ~[nacos-client-2.0.4.jar:na]
	at com.alibaba.nacos.shaded.io.grpc.internal.ClientCallImpl$ClientStreamListenerImpl.close(ClientCallImpl.java:630) ~[nacos-client-2.0.4.jar:na]
	at com.alibaba.nacos.shaded.io.grpc.internal.ClientCallImpl$ClientStreamListenerImpl.access$700(ClientCallImpl.java:518) ~[nacos-client-2.0.4.jar:na]
	at com.alibaba.nacos.shaded.io.grpc.internal.ClientCallImpl$ClientStreamListenerImpl$1StreamClosed.runInternal(ClientCallImpl.java:692) ~[nacos-client-2.0.4.jar:na]
	at com.alibaba.nacos.shaded.io.grpc.internal.ClientCallImpl$ClientStreamListenerImpl$1StreamClosed.runInContext(ClientCallImpl.java:681) ~[nacos-client-2.0.4.jar:na]
	at com.alibaba.nacos.shaded.io.grpc.internal.ContextRunnable.run(ContextRunnable.java:37) ~[nacos-client-2.0.4.jar:na]
	at com.alibaba.nacos.shaded.io.grpc.internal.SerializingExecutor.run(SerializingExecutor.java:123) ~[nacos-client-2.0.4.jar:na]
	... 3 common frames omitted
Caused by: com.alibaba.nacos.shaded.io.grpc.netty.shaded.io.netty.channel.AbstractChannel$AnnotatedConnectException: Connection refused: localhost/0:0:0:0:0:0:0:1:9848
Caused by: java.net.ConnectException: Connection refused
	at java.base/sun.nio.ch.SocketChannelImpl.checkConnect(Native Method) ~[na:na]
	at java.base/sun.nio.ch.SocketChannelImpl.finishConnect(SocketChannelImpl.java:777) ~[na:na]
	at com.alibaba.nacos.shaded.io.grpc.netty.shaded.io.netty.channel.socket.nio.NioSocketChannel.doFinishConnect(NioSocketChannel.java:327) ~[nacos-client-2.0.4.jar:na]
	at com.alibaba.nacos.shaded.io.grpc.netty.shaded.io.netty.channel.nio.AbstractNioChannel$AbstractNioUnsafe.finishConnect(AbstractNioChannel.java:336) ~[nacos-client-2.0.4.jar:na]
	at com.alibaba.nacos.shaded.io.grpc.netty.shaded.io.netty.channel.nio.NioEventLoop.processSelectedKey(NioEventLoop.java:685) ~[nacos-client-2.0.4.jar:na]
	at com.alibaba.nacos.shaded.io.grpc.netty.shaded.io.netty.channel.nio.NioEventLoop.processSelectedKeysOptimized(NioEventLoop.java:632) ~[nacos-client-2.0.4.jar:na]
	at com.alibaba.nacos.shaded.io.grpc.netty.shaded.io.netty.channel.nio.NioEventLoop.processSelectedKeys(NioEventLoop.java:549) ~[nacos-client-2.0.4.jar:na]
	at com.alibaba.nacos.shaded.io.grpc.netty.shaded.io.netty.channel.nio.NioEventLoop.run(NioEventLoop.java:511) ~[nacos-client-2.0.4.jar:na]
	at com.alibaba.nacos.shaded.io.grpc.netty.shaded.io.netty.util.concurrent.SingleThreadEventExecutor$5.run(SingleThreadEventExecutor.java:918) ~[nacos-client-2.0.4.jar:na]
	at com.alibaba.nacos.shaded.io.grpc.netty.shaded.io.netty.util.internal.ThreadExecutorMap$2.run(ThreadExecutorMap.java:74) ~[nacos-client-2.0.4.jar:na]
	at com.alibaba.nacos.shaded.io.grpc.netty.shaded.io.netty.util.concurrent.FastThreadLocalRunnable.run(FastThreadLocalRunnable.java:30) ~[nacos-client-2.0.4.jar:na]
	at java.base/java.lang.Thread.run(Thread.java:829) ~[na:na]

01:05:28:877  INFO 55204 --- [com.alibaba.nacos.client.remote.worker] com.alibaba.nacos.common.remote.client   : [d034c830-8bd2-4f4e-9bc8-e746a4d0b664] Fail to connect server, after trying 3 times, last try server is {serverIp = 'localhost', server main port = 8848}, error = unknown
01:05:28:927 ERROR 55204 --- [com.alibaba.nacos.client.Worker] com.alibaba.nacos.common.remote.client   : Send request fail, request = ConfigBatchListenRequest{headers={charset=UTF-8, Client-AppName=unknown, Client-RequestToken=4c29aef31dd4b61a1fabd0932a7f2d68, Client-RequestTS=1785085528818, exConfigInfo=true, Timestamp=1785085528823}, requestId='null'}, retryTimes = 0, errorMessage = Client not connected, current status:STARTING
01:05:28:969 ERROR 55204 --- [SpringApplicationShutdownHook] com.alibaba.nacos.common.remote.client   : Send request fail, request = SubscribeServiceRequest{headers={app=unknown}, requestId='null'}, retryTimes = 0, errorMessage = Client not connected, current status:STARTING
01:05:29:028 ERROR 55204 --- [com.alibaba.nacos.client.Worker] com.alibaba.nacos.common.remote.client   : Send request fail, request = ConfigBatchListenRequest{headers={charset=UTF-8, Client-AppName=unknown, Client-RequestToken=4c29aef31dd4b61a1fabd0932a7f2d68, Client-RequestTS=1785085528818, exConfigInfo=true, Timestamp=1785085528823}, requestId='null'}, retryTimes = 1, errorMessage = Client not connected, current status:STARTING
01:05:29:069 ERROR 55204 --- [SpringApplicationShutdownHook] com.alibaba.nacos.common.remote.client   : Send request fail, request = SubscribeServiceRequest{headers={app=unknown}, requestId='null'}, retryTimes = 1, errorMessage = Client not connected, current status:STARTING
01:05:29:129 ERROR 55204 --- [com.alibaba.nacos.client.Worker] com.alibaba.nacos.common.remote.client   : Send request fail, request = ConfigBatchListenRequest{headers={charset=UTF-8, Client-AppName=unknown, Client-RequestToken=4c29aef31dd4b61a1fabd0932a7f2d68, Client-RequestTS=1785085528818, exConfigInfo=true, Timestamp=1785085528823}, requestId='null'}, retryTimes = 2, errorMessage = Client not connected, current status:STARTING
01:05:29:171 ERROR 55204 --- [SpringApplicationShutdownHook] com.alibaba.nacos.common.remote.client   : Send request fail, request = SubscribeServiceRequest{headers={app=unknown}, requestId='null'}, retryTimes = 2, errorMessage = Client not connected, current status:STARTING
01:05:29:173 ERROR 55204 --- [SpringApplicationShutdownHook] c.a.cloud.nacos.discovery.NacosWatch     : namingService unsubscribe failed, properties:NacosDiscoveryProperties{serverAddr='localhost:8848', username='', password='', endpoint='', namespace='', watchDelay=30000, logName='', service='item-service', weight=1.0, clusterName='DEFAULT', group='DEFAULT_GROUP', namingLoadCacheAtStart='false', metadata={preserved.register.source=SPRING_CLOUD}, registerEnabled=true, ip='172.30.193.44', networkInterface='', port=-1, secure=false, accessKey='', secretKey='', heartBeatInterval=null, heartBeatTimeout=null, ipDeleteTimeout=null, instanceEnabled=true, ephemeral=true, failureToleranceEnabled=false}, ipDeleteTimeout=null, failFast=true}

com.alibaba.nacos.api.exception.NacosException: Request nacos server failed: 
	at com.alibaba.nacos.client.naming.remote.gprc.NamingGrpcClientProxy.requestToServer(NamingGrpcClientProxy.java:290) ~[nacos-client-2.0.4.jar:na]
	at com.alibaba.nacos.client.naming.remote.gprc.NamingGrpcClientProxy.doUnsubscribe(NamingGrpcClientProxy.java:260) ~[nacos-client-2.0.4.jar:na]
	at com.alibaba.nacos.client.naming.remote.gprc.NamingGrpcClientProxy.unsubscribe(NamingGrpcClientProxy.java:241) ~[nacos-client-2.0.4.jar:na]
	at com.alibaba.nacos.client.naming.remote.NamingClientProxyDelegate.unsubscribe(NamingClientProxyDelegate.java:157) ~[nacos-client-2.0.4.jar:na]
	at com.alibaba.nacos.client.naming.NacosNamingService.unsubscribe(NacosNamingService.java:417) ~[nacos-client-2.0.4.jar:na]
	at com.alibaba.cloud.nacos.discovery.NacosWatch.stop(NacosWatch.java:174) ~[spring-cloud-starter-alibaba-nacos-discovery-2021.0.4.0.jar:2021.0.4.0]
	at com.alibaba.cloud.nacos.discovery.NacosWatch.stop(NacosWatch.java:107) ~[spring-cloud-starter-alibaba-nacos-discovery-2021.0.4.0.jar:2021.0.4.0]
	at org.springframework.context.support.DefaultLifecycleProcessor.doStop(DefaultLifecycleProcessor.java:234) ~[spring-context-5.3.27.jar:5.3.27]
	at org.springframework.context.support.DefaultLifecycleProcessor.access$300(DefaultLifecycleProcessor.java:54) ~[spring-context-5.3.27.jar:5.3.27]
	at org.springframework.context.support.DefaultLifecycleProcessor$LifecycleGroup.stop(DefaultLifecycleProcessor.java:373) ~[spring-context-5.3.27.jar:5.3.27]
	at org.springframework.context.support.DefaultLifecycleProcessor.stopBeans(DefaultLifecycleProcessor.java:206) ~[spring-context-5.3.27.jar:5.3.27]
	at org.springframework.context.support.DefaultLifecycleProcessor.onClose(DefaultLifecycleProcessor.java:129) ~[spring-context-5.3.27.jar:5.3.27]
	at org.springframework.context.support.AbstractApplicationContext.doClose(AbstractApplicationContext.java:1069) ~[spring-context-5.3.27.jar:5.3.27]
	at org.springframework.context.support.AbstractApplicationContext.close(AbstractApplicationContext.java:1023) ~[spring-context-5.3.27.jar:5.3.27]
	at org.springframework.boot.SpringApplicationShutdownHook.closeAndWait(SpringApplicationShutdownHook.java:145) ~[spring-boot-2.7.12.jar:2.7.12]
	at java.base/java.lang.Iterable.forEach(Iterable.java:75) ~[na:na]
	at org.springframework.boot.SpringApplicationShutdownHook.run(SpringApplicationShutdownHook.java:114) ~[spring-boot-2.7.12.jar:2.7.12]
	at java.base/java.lang.Thread.run(Thread.java:829) ~[na:na]
Caused by: com.alibaba.nacos.api.exception.NacosException: Client not connected, current status:STARTING
	at com.alibaba.nacos.common.remote.client.RpcClient.request(RpcClient.java:650) ~[nacos-client-2.0.4.jar:na]
	at com.alibaba.nacos.common.remote.client.RpcClient.request(RpcClient.java:630) ~[nacos-client-2.0.4.jar:na]
	at com.alibaba.nacos.client.naming.remote.gprc.NamingGrpcClientProxy.requestToServer(NamingGrpcClientProxy.java:280) ~[nacos-client-2.0.4.jar:na]
	... 17 common frames omitted

01:05:29:282 ERROR 55204 --- [com.alibaba.nacos.client.Worker] com.alibaba.nacos.common.remote.client   : Send request fail, request = ConfigBatchListenRequest{headers={charset=UTF-8, Client-AppName=unknown, Client-RequestToken=499fbc60d47d7518c2bfd5c16bec1ee0, Client-RequestTS=1785085529180, exConfigInfo=true, Timestamp=1785085529180}, requestId='null'}, retryTimes = 0, errorMessage = Client not connected, current status:STARTING
01:05:29:287 ERROR 55204 --- [com.alibaba.nacos.client.remote.worker] c.a.n.c.remote.client.grpc.GrpcClient    : Server check fail, please check server localhost ,port 9848 is available , error ={}

java.util.concurrent.ExecutionException: com.alibaba.nacos.shaded.io.grpc.StatusRuntimeException: UNAVAILABLE: io exception
	at com.alibaba.nacos.shaded.com.google.common.util.concurrent.AbstractFuture.getDoneValue(AbstractFuture.java:566) ~[nacos-client-2.0.4.jar:na]
	at com.alibaba.nacos.shaded.com.google.common.util.concurrent.AbstractFuture.get(AbstractFuture.java:445) ~[nacos-client-2.0.4.jar:na]
	at com.alibaba.nacos.common.remote.client.grpc.GrpcClient.serverCheck(GrpcClient.java:148) ~[nacos-client-2.0.4.jar:na]
	at com.alibaba.nacos.common.remote.client.grpc.GrpcClient.connectToServer(GrpcClient.java:264) ~[nacos-client-2.0.4.jar:na]
	at com.alibaba.nacos.common.remote.client.RpcClient.reconnect(RpcClient.java:522) ~[nacos-client-2.0.4.jar:na]
	at com.alibaba.nacos.common.remote.client.RpcClient.lambda$start$2(RpcClient.java:370) ~[nacos-client-2.0.4.jar:na]
	at java.base/java.util.concurrent.Executors$RunnableAdapter.call(Executors.java:515) ~[na:na]
	at java.base/java.util.concurrent.FutureTask.run$$$capture(FutureTask.java:264) ~[na:na]
	at java.base/java.util.concurrent.FutureTask.run(FutureTask.java) ~[na:na]
	at java.base/java.util.concurrent.ScheduledThreadPoolExecutor$ScheduledFutureTask.run(ScheduledThreadPoolExecutor.java:304) ~[na:na]
	at java.base/java.util.concurrent.ThreadPoolExecutor.runWorker(ThreadPoolExecutor.java:1128) ~[na:na]
	at java.base/java.util.concurrent.ThreadPoolExecutor$Worker.run(ThreadPoolExecutor.java:628) ~[na:na]
	at java.base/java.lang.Thread.run(Thread.java:829) ~[na:na]
Caused by: com.alibaba.nacos.shaded.io.grpc.StatusRuntimeException: UNAVAILABLE: io exception
	at com.alibaba.nacos.shaded.io.grpc.Status.asRuntimeException(Status.java:533) ~[nacos-client-2.0.4.jar:na]
	at com.alibaba.nacos.shaded.io.grpc.stub.ClientCalls$UnaryStreamToFuture.onClose(ClientCalls.java:490) ~[nacos-client-2.0.4.jar:na]
	at com.alibaba.nacos.shaded.io.grpc.PartialForwardingClientCallListener.onClose(PartialForwardingClientCallListener.java:39) ~[nacos-client-2.0.4.jar:na]
	at com.alibaba.nacos.shaded.io.grpc.ForwardingClientCallListener.onClose(ForwardingClientCallListener.java:23) ~[nacos-client-2.0.4.jar:na]
	at com.alibaba.nacos.shaded.io.grpc.ForwardingClientCallListener$SimpleForwardingClientCallListener.onClose(ForwardingClientCallListener.java:40) ~[nacos-client-2.0.4.jar:na]
	at com.alibaba.nacos.shaded.io.grpc.internal.CensusStatsModule$StatsClientInterceptor$1$1.onClose(CensusStatsModule.java:700) ~[nacos-client-2.0.4.jar:na]
	at com.alibaba.nacos.shaded.io.grpc.PartialForwardingClientCallListener.onClose(PartialForwardingClientCallListener.java:39) ~[nacos-client-2.0.4.jar:na]
	at com.alibaba.nacos.shaded.io.grpc.ForwardingClientCallListener.onClose(ForwardingClientCallListener.java:23) ~[nacos-client-2.0.4.jar:na]
	at com.alibaba.nacos.shaded.io.grpc.ForwardingClientCallListener$SimpleForwardingClientCallListener.onClose(ForwardingClientCallListener.java:40) ~[nacos-client-2.0.4.jar:na]
	at com.alibaba.nacos.shaded.io.grpc.internal.CensusTracingModule$TracingClientInterceptor$1$1.onClose(CensusTracingModule.java:399) ~[nacos-client-2.0.4.jar:na]
	at com.alibaba.nacos.shaded.io.grpc.internal.ClientCallImpl.closeObserver(ClientCallImpl.java:510) ~[nacos-client-2.0.4.jar:na]
	at com.alibaba.nacos.shaded.io.grpc.internal.ClientCallImpl.access$300(ClientCallImpl.java:66) ~[nacos-client-2.0.4.jar:na]
	at com.alibaba.nacos.shaded.io.grpc.internal.ClientCallImpl$ClientStreamListenerImpl.close(ClientCallImpl.java:630) ~[nacos-client-2.0.4.jar:na]
	at com.alibaba.nacos.shaded.io.grpc.internal.ClientCallImpl$ClientStreamListenerImpl.access$700(ClientCallImpl.java:518) ~[nacos-client-2.0.4.jar:na]
	at com.alibaba.nacos.shaded.io.grpc.internal.ClientCallImpl$ClientStreamListenerImpl$1StreamClosed.runInternal(ClientCallImpl.java:692) ~[nacos-client-2.0.4.jar:na]
	at com.alibaba.nacos.shaded.io.grpc.internal.ClientCallImpl$ClientStreamListenerImpl$1StreamClosed.runInContext(ClientCallImpl.java:681) ~[nacos-client-2.0.4.jar:na]
	at com.alibaba.nacos.shaded.io.grpc.internal.ContextRunnable.run(ContextRunnable.java:37) ~[nacos-client-2.0.4.jar:na]
	at com.alibaba.nacos.shaded.io.grpc.internal.SerializingExecutor.run(SerializingExecutor.java:123) ~[nacos-client-2.0.4.jar:na]
	... 3 common frames omitted
Caused by: com.alibaba.nacos.shaded.io.grpc.netty.shaded.io.netty.channel.AbstractChannel$AnnotatedConnectException: Connection refused: localhost/0:0:0:0:0:0:0:1:9848
Caused by: java.net.ConnectException: Connection refused
	at java.base/sun.nio.ch.SocketChannelImpl.checkConnect(Native Method) ~[na:na]
	at java.base/sun.nio.ch.SocketChannelImpl.finishConnect(SocketChannelImpl.java:777) ~[na:na]
	at com.alibaba.nacos.shaded.io.grpc.netty.shaded.io.netty.channel.socket.nio.NioSocketChannel.doFinishConnect(NioSocketChannel.java:327) ~[nacos-client-2.0.4.jar:na]
	at com.alibaba.nacos.shaded.io.grpc.netty.shaded.io.netty.channel.nio.AbstractNioChannel$AbstractNioUnsafe.finishConnect(AbstractNioChannel.java:336) ~[nacos-client-2.0.4.jar:na]
	at com.alibaba.nacos.shaded.io.grpc.netty.shaded.io.netty.channel.nio.NioEventLoop.processSelectedKey(NioEventLoop.java:685) ~[nacos-client-2.0.4.jar:na]
	at com.alibaba.nacos.shaded.io.grpc.netty.shaded.io.netty.channel.nio.NioEventLoop.processSelectedKeysOptimized(NioEventLoop.java:632) ~[nacos-client-2.0.4.jar:na]
	at com.alibaba.nacos.shaded.io.grpc.netty.shaded.io.netty.channel.nio.NioEventLoop.processSelectedKeys(NioEventLoop.java:549) ~[nacos-client-2.0.4.jar:na]
	at com.alibaba.nacos.shaded.io.grpc.netty.shaded.io.netty.channel.nio.NioEventLoop.run(NioEventLoop.java:511) ~[nacos-client-2.0.4.jar:na]
	at com.alibaba.nacos.shaded.io.grpc.netty.shaded.io.netty.util.concurrent.SingleThreadEventExecutor$5.run(SingleThreadEventExecutor.java:918) ~[nacos-client-2.0.4.jar:na]
	at com.alibaba.nacos.shaded.io.grpc.netty.shaded.io.netty.util.internal.ThreadExecutorMap$2.run(ThreadExecutorMap.java:74) ~[nacos-client-2.0.4.jar:na]
	at com.alibaba.nacos.shaded.io.grpc.netty.shaded.io.netty.util.concurrent.FastThreadLocalRunnable.run(FastThreadLocalRunnable.java:30) ~[nacos-client-2.0.4.jar:na]
	at java.base/java.lang.Thread.run(Thread.java:829) ~[na:na]

01:05:29:288  INFO 55204 --- [com.alibaba.nacos.client.remote.worker] com.alibaba.nacos.common.remote.client   : [d034c830-8bd2-4f4e-9bc8-e746a4d0b664] Fail to connect server, after trying 4 times, last try server is {serverIp = 'localhost', server main port = 8848}, error = unknown
01:05:29:305 ERROR 55204 --- [com.alibaba.nacos.client.remote.worker] c.a.n.c.remote.client.grpc.GrpcClient    : Server check fail, please check server localhost ,port 9848 is available , error ={}

java.util.concurrent.ExecutionException: com.alibaba.nacos.shaded.io.grpc.StatusRuntimeException: UNAVAILABLE: io exception
	at com.alibaba.nacos.shaded.com.google.common.util.concurrent.AbstractFuture.getDoneValue(AbstractFuture.java:566) ~[nacos-client-2.0.4.jar:na]
	at com.alibaba.nacos.shaded.com.google.common.util.concurrent.AbstractFuture.get(AbstractFuture.java:445) ~[nacos-client-2.0.4.jar:na]
	at com.alibaba.nacos.common.remote.client.grpc.GrpcClient.serverCheck(GrpcClient.java:148) ~[nacos-client-2.0.4.jar:na]
	at com.alibaba.nacos.common.remote.client.grpc.GrpcClient.connectToServer(GrpcClient.java:264) ~[nacos-client-2.0.4.jar:na]
	at com.alibaba.nacos.common.remote.client.RpcClient.reconnect(RpcClient.java:522) ~[nacos-client-2.0.4.jar:na]
	at com.alibaba.nacos.common.remote.client.RpcClient.lambda$start$2(RpcClient.java:370) ~[nacos-client-2.0.4.jar:na]
	at java.base/java.util.concurrent.Executors$RunnableAdapter.call(Executors.java:515) ~[na:na]
	at java.base/java.util.concurrent.FutureTask.run$$$capture(FutureTask.java:264) ~[na:na]
	at java.base/java.util.concurrent.FutureTask.run(FutureTask.java) ~[na:na]
	at java.base/java.util.concurrent.ScheduledThreadPoolExecutor$ScheduledFutureTask.run(ScheduledThreadPoolExecutor.java:304) ~[na:na]
	at java.base/java.util.concurrent.ThreadPoolExecutor.runWorker(ThreadPoolExecutor.java:1128) ~[na:na]
	at java.base/java.util.concurrent.ThreadPoolExecutor$Worker.run(ThreadPoolExecutor.java:628) ~[na:na]
	at java.base/java.lang.Thread.run(Thread.java:829) ~[na:na]
Caused by: com.alibaba.nacos.shaded.io.grpc.StatusRuntimeException: UNAVAILABLE: io exception
	at com.alibaba.nacos.shaded.io.grpc.Status.asRuntimeException(Status.java:533) ~[nacos-client-2.0.4.jar:na]
	at com.alibaba.nacos.shaded.io.grpc.stub.ClientCalls$UnaryStreamToFuture.onClose(ClientCalls.java:490) ~[nacos-client-2.0.4.jar:na]
	at com.alibaba.nacos.shaded.io.grpc.PartialForwardingClientCallListener.onClose(PartialForwardingClientCallListener.java:39) ~[nacos-client-2.0.4.jar:na]
	at com.alibaba.nacos.shaded.io.grpc.ForwardingClientCallListener.onClose(ForwardingClientCallListener.java:23) ~[nacos-client-2.0.4.jar:na]
	at com.alibaba.nacos.shaded.io.grpc.ForwardingClientCallListener$SimpleForwardingClientCallListener.onClose(ForwardingClientCallListener.java:40) ~[nacos-client-2.0.4.jar:na]
	at com.alibaba.nacos.shaded.io.grpc.internal.CensusStatsModule$StatsClientInterceptor$1$1.onClose(CensusStatsModule.java:700) ~[nacos-client-2.0.4.jar:na]
	at com.alibaba.nacos.shaded.io.grpc.PartialForwardingClientCallListener.onClose(PartialForwardingClientCallListener.java:39) ~[nacos-client-2.0.4.jar:na]
	at com.alibaba.nacos.shaded.io.grpc.ForwardingClientCallListener.onClose(ForwardingClientCallListener.java:23) ~[nacos-client-2.0.4.jar:na]
	at com.alibaba.nacos.shaded.io.grpc.ForwardingClientCallListener$SimpleForwardingClientCallListener.onClose(ForwardingClientCallListener.java:40) ~[nacos-client-2.0.4.jar:na]
	at com.alibaba.nacos.shaded.io.grpc.internal.CensusTracingModule$TracingClientInterceptor$1$1.onClose(CensusTracingModule.java:399) ~[nacos-client-2.0.4.jar:na]
	at com.alibaba.nacos.shaded.io.grpc.internal.ClientCallImpl.closeObserver(ClientCallImpl.java:510) ~[nacos-client-2.0.4.jar:na]
	at com.alibaba.nacos.shaded.io.grpc.internal.ClientCallImpl.access$300(ClientCallImpl.java:66) ~[nacos-client-2.0.4.jar:na]
	at com.alibaba.nacos.shaded.io.grpc.internal.ClientCallImpl$ClientStreamListenerImpl.close(ClientCallImpl.java:630) ~[nacos-client-2.0.4.jar:na]
	at com.alibaba.nacos.shaded.io.grpc.internal.ClientCallImpl$ClientStreamListenerImpl.access$700(ClientCallImpl.java:518) ~[nacos-client-2.0.4.jar:na]
	at com.alibaba.nacos.shaded.io.grpc.internal.ClientCallImpl$ClientStreamListenerImpl$1StreamClosed.runInternal(ClientCallImpl.java:692) ~[nacos-client-2.0.4.jar:na]
	at com.alibaba.nacos.shaded.io.grpc.internal.ClientCallImpl$ClientStreamListenerImpl$1StreamClosed.runInContext(ClientCallImpl.java:681) ~[nacos-client-2.0.4.jar:na]
	at com.alibaba.nacos.shaded.io.grpc.internal.ContextRunnable.run(ContextRunnable.java:37) ~[nacos-client-2.0.4.jar:na]
	at com.alibaba.nacos.shaded.io.grpc.internal.SerializingExecutor.run(SerializingExecutor.java:123) ~[nacos-client-2.0.4.jar:na]
	... 3 common frames omitted
Caused by: com.alibaba.nacos.shaded.io.grpc.netty.shaded.io.netty.channel.AbstractChannel$AnnotatedConnectException: Connection refused: localhost/0:0:0:0:0:0:0:1:9848
Caused by: java.net.ConnectException: Connection refused
	at java.base/sun.nio.ch.SocketChannelImpl.checkConnect(Native Method) ~[na:na]
	at java.base/sun.nio.ch.SocketChannelImpl.finishConnect(SocketChannelImpl.java:777) ~[na:na]
	at com.alibaba.nacos.shaded.io.grpc.netty.shaded.io.netty.channel.socket.nio.NioSocketChannel.doFinishConnect(NioSocketChannel.java:327) ~[nacos-client-2.0.4.jar:na]
	at com.alibaba.nacos.shaded.io.grpc.netty.shaded.io.netty.channel.nio.AbstractNioChannel$AbstractNioUnsafe.finishConnect(AbstractNioChannel.java:336) ~[nacos-client-2.0.4.jar:na]
	at com.alibaba.nacos.shaded.io.grpc.netty.shaded.io.netty.channel.nio.NioEventLoop.processSelectedKey(NioEventLoop.java:685) ~[nacos-client-2.0.4.jar:na]
	at com.alibaba.nacos.shaded.io.grpc.netty.shaded.io.netty.channel.nio.NioEventLoop.processSelectedKeysOptimized(NioEventLoop.java:632) ~[nacos-client-2.0.4.jar:na]
	at com.alibaba.nacos.shaded.io.grpc.netty.shaded.io.netty.channel.nio.NioEventLoop.processSelectedKeys(NioEventLoop.java:549) ~[nacos-client-2.0.4.jar:na]
	at com.alibaba.nacos.shaded.io.grpc.netty.shaded.io.netty.channel.nio.NioEventLoop.run(NioEventLoop.java:511) ~[nacos-client-2.0.4.jar:na]
	at com.alibaba.nacos.shaded.io.grpc.netty.shaded.io.netty.util.concurrent.SingleThreadEventExecutor$5.run(SingleThreadEventExecutor.java:918) ~[nacos-client-2.0.4.jar:na]
	at com.alibaba.nacos.shaded.io.grpc.netty.shaded.io.netty.util.internal.ThreadExecutorMap$2.run(ThreadExecutorMap.java:74) ~[nacos-client-2.0.4.jar:na]
	at com.alibaba.nacos.shaded.io.grpc.netty.shaded.io.netty.util.concurrent.FastThreadLocalRunnable.run(FastThreadLocalRunnable.java:30) ~[nacos-client-2.0.4.jar:na]
	at java.base/java.lang.Thread.run(Thread.java:829) ~[na:na]

01:05:29:306  INFO 55204 --- [com.alibaba.nacos.client.remote.worker] com.alibaba.nacos.common.remote.client   : [b0b8ad0a-9d36-485a-93d1-4b2b57751d3e_config-0] Fail to connect server, after trying 10 times, last try server is {serverIp = 'localhost', server main port = 8848}, error = unknown
01:05:29:386 ERROR 55204 --- [com.alibaba.nacos.client.Worker] com.alibaba.nacos.common.remote.client   : Send request fail, request = ConfigBatchListenRequest{headers={charset=UTF-8, Client-AppName=unknown, Client-RequestToken=499fbc60d47d7518c2bfd5c16bec1ee0, Client-RequestTS=1785085529180, exConfigInfo=true, Timestamp=1785085529180}, requestId='null'}, retryTimes = 1, errorMessage = Client not connected, current status:STARTING
01:05:29:491  INFO 55204 --- [SpringApplicationShutdownHook] com.alibaba.nacos.common.remote.client   : Shutdown rpc client, set status to shutdown
01:05:29:491  INFO 55204 --- [SpringApplicationShutdownHook] com.alibaba.nacos.common.remote.client   : Shutdown client event executor java.util.concurrent.ScheduledThreadPoolExecutor@7959dcbc[Running, pool size = 2, active threads = 2, queued tasks = 0, completed tasks = 0]
01:05:29:491  INFO 55204 --- [SpringApplicationShutdownHook] c.a.n.c.remote.client.grpc.GrpcClient    : Shutdown grpc executor java.util.concurrent.ThreadPoolExecutor@5aca396c[Running, pool size = 16, active threads = 0, queued tasks = 0, completed tasks = 16]
01:05:29:491  INFO 55204 --- [com.alibaba.nacos.client.remote.worker] com.alibaba.nacos.common.remote.client   : [d034c830-8bd2-4f4e-9bc8-e746a4d0b664] Client is shutdown, stop reconnect to server
01:05:29:492 ERROR 55204 --- [com.alibaba.nacos.client.Worker] com.alibaba.nacos.common.remote.client   : Send request fail, request = ConfigBatchListenRequest{headers={charset=UTF-8, Client-AppName=unknown, Client-RequestToken=499fbc60d47d7518c2bfd5c16bec1ee0, Client-RequestTS=1785085529180, exConfigInfo=true, Timestamp=1785085529180}, requestId='null'}, retryTimes = 2, errorMessage = Client not connected, current status:STARTING
01:06:09:772  INFO 55365 --- [main] com.hmall.item.IndexTest                 : The following 1 profile is active: "local"
01:06:10:495 ERROR 55365 --- [com.alibaba.nacos.client.remote.worker] c.a.n.c.remote.client.grpc.GrpcClient    : Server check fail, please check server localhost ,port 9848 is available , error ={}

java.util.concurrent.ExecutionException: com.alibaba.nacos.shaded.io.grpc.StatusRuntimeException: UNAVAILABLE: Network closed for unknown reason
	at com.alibaba.nacos.shaded.com.google.common.util.concurrent.AbstractFuture.getDoneValue(AbstractFuture.java:566) ~[nacos-client-2.0.4.jar:na]
	at com.alibaba.nacos.shaded.com.google.common.util.concurrent.AbstractFuture.get(AbstractFuture.java:445) ~[nacos-client-2.0.4.jar:na]
	at com.alibaba.nacos.common.remote.client.grpc.GrpcClient.serverCheck(GrpcClient.java:148) ~[nacos-client-2.0.4.jar:na]
	at com.alibaba.nacos.common.remote.client.grpc.GrpcClient.connectToServer(GrpcClient.java:264) ~[nacos-client-2.0.4.jar:na]
	at com.alibaba.nacos.common.remote.client.RpcClient.reconnect(RpcClient.java:522) ~[nacos-client-2.0.4.jar:na]
	at com.alibaba.nacos.common.remote.client.RpcClient.lambda$start$2(RpcClient.java:370) ~[nacos-client-2.0.4.jar:na]
	at java.base/java.util.concurrent.Executors$RunnableAdapter.call(Executors.java:515) ~[na:na]
	at java.base/java.util.concurrent.FutureTask.run$$$capture(FutureTask.java:264) ~[na:na]
	at java.base/java.util.concurrent.FutureTask.run(FutureTask.java) ~[na:na]
	at java.base/java.util.concurrent.ScheduledThreadPoolExecutor$ScheduledFutureTask.run(ScheduledThreadPoolExecutor.java:304) ~[na:na]
	at java.base/java.util.concurrent.ThreadPoolExecutor.runWorker(ThreadPoolExecutor.java:1128) ~[na:na]
	at java.base/java.util.concurrent.ThreadPoolExecutor$Worker.run(ThreadPoolExecutor.java:628) ~[na:na]
	at java.base/java.lang.Thread.run(Thread.java:829) ~[na:na]
Caused by: com.alibaba.nacos.shaded.io.grpc.StatusRuntimeException: UNAVAILABLE: Network closed for unknown reason
	at com.alibaba.nacos.shaded.io.grpc.Status.asRuntimeException(Status.java:533) ~[nacos-client-2.0.4.jar:na]
	at com.alibaba.nacos.shaded.io.grpc.stub.ClientCalls$UnaryStreamToFuture.onClose(ClientCalls.java:490) ~[nacos-client-2.0.4.jar:na]
	at com.alibaba.nacos.shaded.io.grpc.PartialForwardingClientCallListener.onClose(PartialForwardingClientCallListener.java:39) ~[nacos-client-2.0.4.jar:na]
	at com.alibaba.nacos.shaded.io.grpc.ForwardingClientCallListener.onClose(ForwardingClientCallListener.java:23) ~[nacos-client-2.0.4.jar:na]
	at com.alibaba.nacos.shaded.io.grpc.ForwardingClientCallListener$SimpleForwardingClientCallListener.onClose(ForwardingClientCallListener.java:40) ~[nacos-client-2.0.4.jar:na]
	at com.alibaba.nacos.shaded.io.grpc.internal.CensusStatsModule$StatsClientInterceptor$1$1.onClose(CensusStatsModule.java:700) ~[nacos-client-2.0.4.jar:na]
	at com.alibaba.nacos.shaded.io.grpc.PartialForwardingClientCallListener.onClose(PartialForwardingClientCallListener.java:39) ~[nacos-client-2.0.4.jar:na]
	at com.alibaba.nacos.shaded.io.grpc.ForwardingClientCallListener.onClose(ForwardingClientCallListener.java:23) ~[nacos-client-2.0.4.jar:na]
	at com.alibaba.nacos.shaded.io.grpc.ForwardingClientCallListener$SimpleForwardingClientCallListener.onClose(ForwardingClientCallListener.java:40) ~[nacos-client-2.0.4.jar:na]
	at com.alibaba.nacos.shaded.io.grpc.internal.CensusTracingModule$TracingClientInterceptor$1$1.onClose(CensusTracingModule.java:399) ~[nacos-client-2.0.4.jar:na]
	at com.alibaba.nacos.shaded.io.grpc.internal.ClientCallImpl.closeObserver(ClientCallImpl.java:510) ~[nacos-client-2.0.4.jar:na]
	at com.alibaba.nacos.shaded.io.grpc.internal.ClientCallImpl.access$300(ClientCallImpl.java:66) ~[nacos-client-2.0.4.jar:na]
	at com.alibaba.nacos.shaded.io.grpc.internal.ClientCallImpl$ClientStreamListenerImpl.close(ClientCallImpl.java:630) ~[nacos-client-2.0.4.jar:na]
	at com.alibaba.nacos.shaded.io.grpc.internal.ClientCallImpl$ClientStreamListenerImpl.access$700(ClientCallImpl.java:518) ~[nacos-client-2.0.4.jar:na]
	at com.alibaba.nacos.shaded.io.grpc.internal.ClientCallImpl$ClientStreamListenerImpl$1StreamClosed.runInternal(ClientCallImpl.java:692) ~[nacos-client-2.0.4.jar:na]
	at com.alibaba.nacos.shaded.io.grpc.internal.ClientCallImpl$ClientStreamListenerImpl$1StreamClosed.runInContext(ClientCallImpl.java:681) ~[nacos-client-2.0.4.jar:na]
	at com.alibaba.nacos.shaded.io.grpc.internal.ContextRunnable.run(ContextRunnable.java:37) ~[nacos-client-2.0.4.jar:na]
	at com.alibaba.nacos.shaded.io.grpc.internal.SerializingExecutor.run(SerializingExecutor.java:123) ~[nacos-client-2.0.4.jar:na]
	... 3 common frames omitted

01:06:10:550  INFO 55365 --- [com.alibaba.nacos.client.remote.worker] com.alibaba.nacos.common.remote.client   : [b2e137e6-fbd1-4ba5-8681-3799b1bf29ff_config-0] Fail to connect server, after trying 7 times, last try server is {serverIp = 'localhost', server main port = 8848}, error = unknown
01:06:11:418 ERROR 55365 --- [com.alibaba.nacos.client.remote.worker] c.a.n.c.remote.client.grpc.GrpcClient    : Server check fail, please check server localhost ,port 9848 is available , error ={}

java.util.concurrent.ExecutionException: com.alibaba.nacos.shaded.io.grpc.StatusRuntimeException: UNAVAILABLE: Network closed for unknown reason
	at com.alibaba.nacos.shaded.com.google.common.util.concurrent.AbstractFuture.getDoneValue(AbstractFuture.java:566) ~[nacos-client-2.0.4.jar:na]
	at com.alibaba.nacos.shaded.com.google.common.util.concurrent.AbstractFuture.get(AbstractFuture.java:445) ~[nacos-client-2.0.4.jar:na]
	at com.alibaba.nacos.common.remote.client.grpc.GrpcClient.serverCheck(GrpcClient.java:148) ~[nacos-client-2.0.4.jar:na]
	at com.alibaba.nacos.common.remote.client.grpc.GrpcClient.connectToServer(GrpcClient.java:264) ~[nacos-client-2.0.4.jar:na]
	at com.alibaba.nacos.common.remote.client.RpcClient.reconnect(RpcClient.java:522) ~[nacos-client-2.0.4.jar:na]
	at com.alibaba.nacos.common.remote.client.RpcClient.lambda$start$2(RpcClient.java:370) ~[nacos-client-2.0.4.jar:na]
	at java.base/java.util.concurrent.Executors$RunnableAdapter.call(Executors.java:515) ~[na:na]
	at java.base/java.util.concurrent.FutureTask.run$$$capture(FutureTask.java:264) ~[na:na]
	at java.base/java.util.concurrent.FutureTask.run(FutureTask.java) ~[na:na]
	at java.base/java.util.concurrent.ScheduledThreadPoolExecutor$ScheduledFutureTask.run(ScheduledThreadPoolExecutor.java:304) ~[na:na]
	at java.base/java.util.concurrent.ThreadPoolExecutor.runWorker(ThreadPoolExecutor.java:1128) ~[na:na]
	at java.base/java.util.concurrent.ThreadPoolExecutor$Worker.run(ThreadPoolExecutor.java:628) ~[na:na]
	at java.base/java.lang.Thread.run(Thread.java:829) ~[na:na]
Caused by: com.alibaba.nacos.shaded.io.grpc.StatusRuntimeException: UNAVAILABLE: Network closed for unknown reason
	at com.alibaba.nacos.shaded.io.grpc.Status.asRuntimeException(Status.java:533) ~[nacos-client-2.0.4.jar:na]
	at com.alibaba.nacos.shaded.io.grpc.stub.ClientCalls$UnaryStreamToFuture.onClose(ClientCalls.java:490) ~[nacos-client-2.0.4.jar:na]
	at com.alibaba.nacos.shaded.io.grpc.PartialForwardingClientCallListener.onClose(PartialForwardingClientCallListener.java:39) ~[nacos-client-2.0.4.jar:na]
	at com.alibaba.nacos.shaded.io.grpc.ForwardingClientCallListener.onClose(ForwardingClientCallListener.java:23) ~[nacos-client-2.0.4.jar:na]
	at com.alibaba.nacos.shaded.io.grpc.ForwardingClientCallListener$SimpleForwardingClientCallListener.onClose(ForwardingClientCallListener.java:40) ~[nacos-client-2.0.4.jar:na]
	at com.alibaba.nacos.shaded.io.grpc.internal.CensusStatsModule$StatsClientInterceptor$1$1.onClose(CensusStatsModule.java:700) ~[nacos-client-2.0.4.jar:na]
	at com.alibaba.nacos.shaded.io.grpc.PartialForwardingClientCallListener.onClose(PartialForwardingClientCallListener.java:39) ~[nacos-client-2.0.4.jar:na]
	at com.alibaba.nacos.shaded.io.grpc.ForwardingClientCallListener.onClose(ForwardingClientCallListener.java:23) ~[nacos-client-2.0.4.jar:na]
	at com.alibaba.nacos.shaded.io.grpc.ForwardingClientCallListener$SimpleForwardingClientCallListener.onClose(ForwardingClientCallListener.java:40) ~[nacos-client-2.0.4.jar:na]
	at com.alibaba.nacos.shaded.io.grpc.internal.CensusTracingModule$TracingClientInterceptor$1$1.onClose(CensusTracingModule.java:399) ~[nacos-client-2.0.4.jar:na]
	at com.alibaba.nacos.shaded.io.grpc.internal.ClientCallImpl.closeObserver(ClientCallImpl.java:510) ~[nacos-client-2.0.4.jar:na]
	at com.alibaba.nacos.shaded.io.grpc.internal.ClientCallImpl.access$300(ClientCallImpl.java:66) ~[nacos-client-2.0.4.jar:na]
	at com.alibaba.nacos.shaded.io.grpc.internal.ClientCallImpl$ClientStreamListenerImpl.close(ClientCallImpl.java:630) ~[nacos-client-2.0.4.jar:na]
	at com.alibaba.nacos.shaded.io.grpc.internal.ClientCallImpl$ClientStreamListenerImpl.access$700(ClientCallImpl.java:518) ~[nacos-client-2.0.4.jar:na]
	at com.alibaba.nacos.shaded.io.grpc.internal.ClientCallImpl$ClientStreamListenerImpl$1StreamClosed.runInternal(ClientCallImpl.java:692) ~[nacos-client-2.0.4.jar:na]
	at com.alibaba.nacos.shaded.io.grpc.internal.ClientCallImpl$ClientStreamListenerImpl$1StreamClosed.runInContext(ClientCallImpl.java:681) ~[nacos-client-2.0.4.jar:na]
	at com.alibaba.nacos.shaded.io.grpc.internal.ContextRunnable.run(ContextRunnable.java:37) ~[nacos-client-2.0.4.jar:na]
	at com.alibaba.nacos.shaded.io.grpc.internal.SerializingExecutor.run(SerializingExecutor.java:123) ~[nacos-client-2.0.4.jar:na]
	... 3 common frames omitted

01:06:11:418  INFO 55365 --- [com.alibaba.nacos.client.remote.worker] com.alibaba.nacos.common.remote.client   : [b2e137e6-fbd1-4ba5-8681-3799b1bf29ff_config-0] Fail to connect server, after trying 8 times, last try server is {serverIp = 'localhost', server main port = 8848}, error = unknown
01:06:11:991  INFO 55365 --- [main] o.s.cloud.context.scope.GenericScope     : BeanFactory id=073440be-6b34-3aa6-944e-08d7326818ff
01:06:12:398 ERROR 55365 --- [com.alibaba.nacos.client.remote.worker] c.a.n.c.remote.client.grpc.GrpcClient    : Server check fail, please check server localhost ,port 9848 is available , error ={}

java.util.concurrent.ExecutionException: com.alibaba.nacos.shaded.io.grpc.StatusRuntimeException: UNAVAILABLE: Network closed for unknown reason
	at com.alibaba.nacos.shaded.com.google.common.util.concurrent.AbstractFuture.getDoneValue(AbstractFuture.java:566) ~[nacos-client-2.0.4.jar:na]
	at com.alibaba.nacos.shaded.com.google.common.util.concurrent.AbstractFuture.get(AbstractFuture.java:445) ~[nacos-client-2.0.4.jar:na]
	at com.alibaba.nacos.common.remote.client.grpc.GrpcClient.serverCheck(GrpcClient.java:148) ~[nacos-client-2.0.4.jar:na]
	at com.alibaba.nacos.common.remote.client.grpc.GrpcClient.connectToServer(GrpcClient.java:264) ~[nacos-client-2.0.4.jar:na]
	at com.alibaba.nacos.common.remote.client.RpcClient.reconnect(RpcClient.java:522) ~[nacos-client-2.0.4.jar:na]
	at com.alibaba.nacos.common.remote.client.RpcClient.lambda$start$2(RpcClient.java:370) ~[nacos-client-2.0.4.jar:na]
	at java.base/java.util.concurrent.Executors$RunnableAdapter.call(Executors.java:515) ~[na:na]
	at java.base/java.util.concurrent.FutureTask.run$$$capture(FutureTask.java:264) ~[na:na]
	at java.base/java.util.concurrent.FutureTask.run(FutureTask.java) ~[na:na]
	at java.base/java.util.concurrent.ScheduledThreadPoolExecutor$ScheduledFutureTask.run(ScheduledThreadPoolExecutor.java:304) ~[na:na]
	at java.base/java.util.concurrent.ThreadPoolExecutor.runWorker(ThreadPoolExecutor.java:1128) ~[na:na]
	at java.base/java.util.concurrent.ThreadPoolExecutor$Worker.run(ThreadPoolExecutor.java:628) ~[na:na]
	at java.base/java.lang.Thread.run(Thread.java:829) ~[na:na]
Caused by: com.alibaba.nacos.shaded.io.grpc.StatusRuntimeException: UNAVAILABLE: Network closed for unknown reason
	at com.alibaba.nacos.shaded.io.grpc.Status.asRuntimeException(Status.java:533) ~[nacos-client-2.0.4.jar:na]
	at com.alibaba.nacos.shaded.io.grpc.stub.ClientCalls$UnaryStreamToFuture.onClose(ClientCalls.java:490) ~[nacos-client-2.0.4.jar:na]
	at com.alibaba.nacos.shaded.io.grpc.PartialForwardingClientCallListener.onClose(PartialForwardingClientCallListener.java:39) ~[nacos-client-2.0.4.jar:na]
	at com.alibaba.nacos.shaded.io.grpc.ForwardingClientCallListener.onClose(ForwardingClientCallListener.java:23) ~[nacos-client-2.0.4.jar:na]
	at com.alibaba.nacos.shaded.io.grpc.ForwardingClientCallListener$SimpleForwardingClientCallListener.onClose(ForwardingClientCallListener.java:40) ~[nacos-client-2.0.4.jar:na]
	at com.alibaba.nacos.shaded.io.grpc.internal.CensusStatsModule$StatsClientInterceptor$1$1.onClose(CensusStatsModule.java:700) ~[nacos-client-2.0.4.jar:na]
	at com.alibaba.nacos.shaded.io.grpc.PartialForwardingClientCallListener.onClose(PartialForwardingClientCallListener.java:39) ~[nacos-client-2.0.4.jar:na]
	at com.alibaba.nacos.shaded.io.grpc.ForwardingClientCallListener.onClose(ForwardingClientCallListener.java:23) ~[nacos-client-2.0.4.jar:na]
	at com.alibaba.nacos.shaded.io.grpc.ForwardingClientCallListener$SimpleForwardingClientCallListener.onClose(ForwardingClientCallListener.java:40) ~[nacos-client-2.0.4.jar:na]
	at com.alibaba.nacos.shaded.io.grpc.internal.CensusTracingModule$TracingClientInterceptor$1$1.onClose(CensusTracingModule.java:399) ~[nacos-client-2.0.4.jar:na]
	at com.alibaba.nacos.shaded.io.grpc.internal.ClientCallImpl.closeObserver(ClientCallImpl.java:510) ~[nacos-client-2.0.4.jar:na]
	at com.alibaba.nacos.shaded.io.grpc.internal.ClientCallImpl.access$300(ClientCallImpl.java:66) ~[nacos-client-2.0.4.jar:na]
	at com.alibaba.nacos.shaded.io.grpc.internal.ClientCallImpl$ClientStreamListenerImpl.close(ClientCallImpl.java:630) ~[nacos-client-2.0.4.jar:na]
	at com.alibaba.nacos.shaded.io.grpc.internal.ClientCallImpl$ClientStreamListenerImpl.access$700(ClientCallImpl.java:518) ~[nacos-client-2.0.4.jar:na]
	at com.alibaba.nacos.shaded.io.grpc.internal.ClientCallImpl$ClientStreamListenerImpl$1StreamClosed.runInternal(ClientCallImpl.java:692) ~[nacos-client-2.0.4.jar:na]
	at com.alibaba.nacos.shaded.io.grpc.internal.ClientCallImpl$ClientStreamListenerImpl$1StreamClosed.runInContext(ClientCallImpl.java:681) ~[nacos-client-2.0.4.jar:na]
	at com.alibaba.nacos.shaded.io.grpc.internal.ContextRunnable.run(ContextRunnable.java:37) ~[nacos-client-2.0.4.jar:na]
	at com.alibaba.nacos.shaded.io.grpc.internal.SerializingExecutor.run(SerializingExecutor.java:123) ~[nacos-client-2.0.4.jar:na]
	... 3 common frames omitted

01:06:12:410  INFO 55365 --- [com.alibaba.nacos.client.remote.worker] com.alibaba.nacos.common.remote.client   : [b2e137e6-fbd1-4ba5-8681-3799b1bf29ff_config-0] Fail to connect server, after trying 9 times, last try server is {serverIp = 'localhost', server main port = 8848}, error = unknown
01:06:13:517 ERROR 55365 --- [com.alibaba.nacos.client.remote.worker] c.a.n.c.remote.client.grpc.GrpcClient    : Server check fail, please check server localhost ,port 9848 is available , error ={}

java.util.concurrent.ExecutionException: com.alibaba.nacos.shaded.io.grpc.StatusRuntimeException: UNAVAILABLE: Network closed for unknown reason
	at com.alibaba.nacos.shaded.com.google.common.util.concurrent.AbstractFuture.getDoneValue(AbstractFuture.java:566) ~[nacos-client-2.0.4.jar:na]
	at com.alibaba.nacos.shaded.com.google.common.util.concurrent.AbstractFuture.get(AbstractFuture.java:445) ~[nacos-client-2.0.4.jar:na]
	at com.alibaba.nacos.common.remote.client.grpc.GrpcClient.serverCheck(GrpcClient.java:148) ~[nacos-client-2.0.4.jar:na]
	at com.alibaba.nacos.common.remote.client.grpc.GrpcClient.connectToServer(GrpcClient.java:264) ~[nacos-client-2.0.4.jar:na]
	at com.alibaba.nacos.common.remote.client.RpcClient.reconnect(RpcClient.java:522) ~[nacos-client-2.0.4.jar:na]
	at com.alibaba.nacos.common.remote.client.RpcClient.lambda$start$2(RpcClient.java:370) ~[nacos-client-2.0.4.jar:na]
	at java.base/java.util.concurrent.Executors$RunnableAdapter.call(Executors.java:515) ~[na:na]
	at java.base/java.util.concurrent.FutureTask.run$$$capture(FutureTask.java:264) ~[na:na]
	at java.base/java.util.concurrent.FutureTask.run(FutureTask.java) ~[na:na]
	at java.base/java.util.concurrent.ScheduledThreadPoolExecutor$ScheduledFutureTask.run(ScheduledThreadPoolExecutor.java:304) ~[na:na]
	at java.base/java.util.concurrent.ThreadPoolExecutor.runWorker(ThreadPoolExecutor.java:1128) ~[na:na]
	at java.base/java.util.concurrent.ThreadPoolExecutor$Worker.run(ThreadPoolExecutor.java:628) ~[na:na]
	at java.base/java.lang.Thread.run(Thread.java:829) ~[na:na]
Caused by: com.alibaba.nacos.shaded.io.grpc.StatusRuntimeException: UNAVAILABLE: Network closed for unknown reason
	at com.alibaba.nacos.shaded.io.grpc.Status.asRuntimeException(Status.java:533) ~[nacos-client-2.0.4.jar:na]
	at com.alibaba.nacos.shaded.io.grpc.stub.ClientCalls$UnaryStreamToFuture.onClose(ClientCalls.java:490) ~[nacos-client-2.0.4.jar:na]
	at com.alibaba.nacos.shaded.io.grpc.PartialForwardingClientCallListener.onClose(PartialForwardingClientCallListener.java:39) ~[nacos-client-2.0.4.jar:na]
	at com.alibaba.nacos.shaded.io.grpc.ForwardingClientCallListener.onClose(ForwardingClientCallListener.java:23) ~[nacos-client-2.0.4.jar:na]
	at com.alibaba.nacos.shaded.io.grpc.ForwardingClientCallListener$SimpleForwardingClientCallListener.onClose(ForwardingClientCallListener.java:40) ~[nacos-client-2.0.4.jar:na]
	at com.alibaba.nacos.shaded.io.grpc.internal.CensusStatsModule$StatsClientInterceptor$1$1.onClose(CensusStatsModule.java:700) ~[nacos-client-2.0.4.jar:na]
	at com.alibaba.nacos.shaded.io.grpc.PartialForwardingClientCallListener.onClose(PartialForwardingClientCallListener.java:39) ~[nacos-client-2.0.4.jar:na]
	at com.alibaba.nacos.shaded.io.grpc.ForwardingClientCallListener.onClose(ForwardingClientCallListener.java:23) ~[nacos-client-2.0.4.jar:na]
	at com.alibaba.nacos.shaded.io.grpc.ForwardingClientCallListener$SimpleForwardingClientCallListener.onClose(ForwardingClientCallListener.java:40) ~[nacos-client-2.0.4.jar:na]
	at com.alibaba.nacos.shaded.io.grpc.internal.CensusTracingModule$TracingClientInterceptor$1$1.onClose(CensusTracingModule.java:399) ~[nacos-client-2.0.4.jar:na]
	at com.alibaba.nacos.shaded.io.grpc.internal.ClientCallImpl.closeObserver(ClientCallImpl.java:510) ~[nacos-client-2.0.4.jar:na]
	at com.alibaba.nacos.shaded.io.grpc.internal.ClientCallImpl.access$300(ClientCallImpl.java:66) ~[nacos-client-2.0.4.jar:na]
	at com.alibaba.nacos.shaded.io.grpc.internal.ClientCallImpl$ClientStreamListenerImpl.close(ClientCallImpl.java:630) ~[nacos-client-2.0.4.jar:na]
	at com.alibaba.nacos.shaded.io.grpc.internal.ClientCallImpl$ClientStreamListenerImpl.access$700(ClientCallImpl.java:518) ~[nacos-client-2.0.4.jar:na]
	at com.alibaba.nacos.shaded.io.grpc.internal.ClientCallImpl$ClientStreamListenerImpl$1StreamClosed.runInternal(ClientCallImpl.java:692) ~[nacos-client-2.0.4.jar:na]
	at com.alibaba.nacos.shaded.io.grpc.internal.ClientCallImpl$ClientStreamListenerImpl$1StreamClosed.runInContext(ClientCallImpl.java:681) ~[nacos-client-2.0.4.jar:na]
	at com.alibaba.nacos.shaded.io.grpc.internal.ContextRunnable.run(ContextRunnable.java:37) ~[nacos-client-2.0.4.jar:na]
	at com.alibaba.nacos.shaded.io.grpc.internal.SerializingExecutor.run(SerializingExecutor.java:123) ~[nacos-client-2.0.4.jar:na]
	... 3 common frames omitted

01:06:13:519  INFO 55365 --- [com.alibaba.nacos.client.remote.worker] com.alibaba.nacos.common.remote.client   : [b2e137e6-fbd1-4ba5-8681-3799b1bf29ff_config-0] Fail to connect server, after trying 10 times, last try server is {serverIp = 'localhost', server main port = 8848}, error = unknown
01:06:14:765 ERROR 55365 --- [com.alibaba.nacos.client.remote.worker] c.a.n.c.remote.client.grpc.GrpcClient    : Server check fail, please check server localhost ,port 9848 is available , error ={}

java.util.concurrent.ExecutionException: com.alibaba.nacos.shaded.io.grpc.StatusRuntimeException: UNAVAILABLE: Network closed for unknown reason
	at com.alibaba.nacos.shaded.com.google.common.util.concurrent.AbstractFuture.getDoneValue(AbstractFuture.java:566) ~[nacos-client-2.0.4.jar:na]
	at com.alibaba.nacos.shaded.com.google.common.util.concurrent.AbstractFuture.get(AbstractFuture.java:445) ~[nacos-client-2.0.4.jar:na]
	at com.alibaba.nacos.common.remote.client.grpc.GrpcClient.serverCheck(GrpcClient.java:148) ~[nacos-client-2.0.4.jar:na]
	at com.alibaba.nacos.common.remote.client.grpc.GrpcClient.connectToServer(GrpcClient.java:264) ~[nacos-client-2.0.4.jar:na]
	at com.alibaba.nacos.common.remote.client.RpcClient.reconnect(RpcClient.java:522) ~[nacos-client-2.0.4.jar:na]
	at com.alibaba.nacos.common.remote.client.RpcClient.lambda$start$2(RpcClient.java:370) ~[nacos-client-2.0.4.jar:na]
	at java.base/java.util.concurrent.Executors$RunnableAdapter.call(Executors.java:515) ~[na:na]
	at java.base/java.util.concurrent.FutureTask.run$$$capture(FutureTask.java:264) ~[na:na]
	at java.base/java.util.concurrent.FutureTask.run(FutureTask.java) ~[na:na]
	at java.base/java.util.concurrent.ScheduledThreadPoolExecutor$ScheduledFutureTask.run(ScheduledThreadPoolExecutor.java:304) ~[na:na]
	at java.base/java.util.concurrent.ThreadPoolExecutor.runWorker(ThreadPoolExecutor.java:1128) ~[na:na]
	at java.base/java.util.concurrent.ThreadPoolExecutor$Worker.run(ThreadPoolExecutor.java:628) ~[na:na]
	at java.base/java.lang.Thread.run(Thread.java:829) ~[na:na]
Caused by: com.alibaba.nacos.shaded.io.grpc.StatusRuntimeException: UNAVAILABLE: Network closed for unknown reason
	at com.alibaba.nacos.shaded.io.grpc.Status.asRuntimeException(Status.java:533) ~[nacos-client-2.0.4.jar:na]
	at com.alibaba.nacos.shaded.io.grpc.stub.ClientCalls$UnaryStreamToFuture.onClose(ClientCalls.java:490) ~[nacos-client-2.0.4.jar:na]
	at com.alibaba.nacos.shaded.io.grpc.PartialForwardingClientCallListener.onClose(PartialForwardingClientCallListener.java:39) ~[nacos-client-2.0.4.jar:na]
	at com.alibaba.nacos.shaded.io.grpc.ForwardingClientCallListener.onClose(ForwardingClientCallListener.java:23) ~[nacos-client-2.0.4.jar:na]
	at com.alibaba.nacos.shaded.io.grpc.ForwardingClientCallListener$SimpleForwardingClientCallListener.onClose(ForwardingClientCallListener.java:40) ~[nacos-client-2.0.4.jar:na]
	at com.alibaba.nacos.shaded.io.grpc.internal.CensusStatsModule$StatsClientInterceptor$1$1.onClose(CensusStatsModule.java:700) ~[nacos-client-2.0.4.jar:na]
	at com.alibaba.nacos.shaded.io.grpc.PartialForwardingClientCallListener.onClose(PartialForwardingClientCallListener.java:39) ~[nacos-client-2.0.4.jar:na]
	at com.alibaba.nacos.shaded.io.grpc.ForwardingClientCallListener.onClose(ForwardingClientCallListener.java:23) ~[nacos-client-2.0.4.jar:na]
	at com.alibaba.nacos.shaded.io.grpc.ForwardingClientCallListener$SimpleForwardingClientCallListener.onClose(ForwardingClientCallListener.java:40) ~[nacos-client-2.0.4.jar:na]
	at com.alibaba.nacos.shaded.io.grpc.internal.CensusTracingModule$TracingClientInterceptor$1$1.onClose(CensusTracingModule.java:399) ~[nacos-client-2.0.4.jar:na]
	at com.alibaba.nacos.shaded.io.grpc.internal.ClientCallImpl.closeObserver(ClientCallImpl.java:510) ~[nacos-client-2.0.4.jar:na]
	at com.alibaba.nacos.shaded.io.grpc.internal.ClientCallImpl.access$300(ClientCallImpl.java:66) ~[nacos-client-2.0.4.jar:na]
	at com.alibaba.nacos.shaded.io.grpc.internal.ClientCallImpl$ClientStreamListenerImpl.close(ClientCallImpl.java:630) ~[nacos-client-2.0.4.jar:na]
	at com.alibaba.nacos.shaded.io.grpc.internal.ClientCallImpl$ClientStreamListenerImpl.access$700(ClientCallImpl.java:518) ~[nacos-client-2.0.4.jar:na]
	at com.alibaba.nacos.shaded.io.grpc.internal.ClientCallImpl$ClientStreamListenerImpl$1StreamClosed.runInternal(ClientCallImpl.java:692) ~[nacos-client-2.0.4.jar:na]
	at com.alibaba.nacos.shaded.io.grpc.internal.ClientCallImpl$ClientStreamListenerImpl$1StreamClosed.runInContext(ClientCallImpl.java:681) ~[nacos-client-2.0.4.jar:na]
	at com.alibaba.nacos.shaded.io.grpc.internal.ContextRunnable.run(ContextRunnable.java:37) ~[nacos-client-2.0.4.jar:na]
	at com.alibaba.nacos.shaded.io.grpc.internal.SerializingExecutor.run(SerializingExecutor.java:123) ~[nacos-client-2.0.4.jar:na]
	... 3 common frames omitted

01:06:14:769  INFO 55365 --- [com.alibaba.nacos.client.remote.worker] com.alibaba.nacos.common.remote.client   : [b2e137e6-fbd1-4ba5-8681-3799b1bf29ff_config-0] Fail to connect server, after trying 11 times, last try server is {serverIp = 'localhost', server main port = 8848}, error = unknown
01:06:15:372  INFO 55365 --- [main] pertySourcedRequestMappingHandlerMapping : Mapped URL path [/v2/api-docs] onto method [springfox.documentation.swagger2.web.Swagger2ControllerWebMvc#getDocumentation(String, HttpServletRequest)]
01:06:16:126 ERROR 55365 --- [com.alibaba.nacos.client.remote.worker] c.a.n.c.remote.client.grpc.GrpcClient    : Server check fail, please check server localhost ,port 9848 is available , error ={}

java.util.concurrent.ExecutionException: com.alibaba.nacos.shaded.io.grpc.StatusRuntimeException: UNAVAILABLE: Network closed for unknown reason
	at com.alibaba.nacos.shaded.com.google.common.util.concurrent.AbstractFuture.getDoneValue(AbstractFuture.java:566) ~[nacos-client-2.0.4.jar:na]
	at com.alibaba.nacos.shaded.com.google.common.util.concurrent.AbstractFuture.get(AbstractFuture.java:445) ~[nacos-client-2.0.4.jar:na]
	at com.alibaba.nacos.common.remote.client.grpc.GrpcClient.serverCheck(GrpcClient.java:148) ~[nacos-client-2.0.4.jar:na]
	at com.alibaba.nacos.common.remote.client.grpc.GrpcClient.connectToServer(GrpcClient.java:264) ~[nacos-client-2.0.4.jar:na]
	at com.alibaba.nacos.common.remote.client.RpcClient.reconnect(RpcClient.java:522) ~[nacos-client-2.0.4.jar:na]
	at com.alibaba.nacos.common.remote.client.RpcClient.lambda$start$2(RpcClient.java:370) ~[nacos-client-2.0.4.jar:na]
	at java.base/java.util.concurrent.Executors$RunnableAdapter.call(Executors.java:515) ~[na:na]
	at java.base/java.util.concurrent.FutureTask.run$$$capture(FutureTask.java:264) ~[na:na]
	at java.base/java.util.concurrent.FutureTask.run(FutureTask.java) ~[na:na]
	at java.base/java.util.concurrent.ScheduledThreadPoolExecutor$ScheduledFutureTask.run(ScheduledThreadPoolExecutor.java:304) ~[na:na]
	at java.base/java.util.concurrent.ThreadPoolExecutor.runWorker(ThreadPoolExecutor.java:1128) ~[na:na]
	at java.base/java.util.concurrent.ThreadPoolExecutor$Worker.run(ThreadPoolExecutor.java:628) ~[na:na]
	at java.base/java.lang.Thread.run(Thread.java:829) ~[na:na]
Caused by: com.alibaba.nacos.shaded.io.grpc.StatusRuntimeException: UNAVAILABLE: Network closed for unknown reason
	at com.alibaba.nacos.shaded.io.grpc.Status.asRuntimeException(Status.java:533) ~[nacos-client-2.0.4.jar:na]
	at com.alibaba.nacos.shaded.io.grpc.stub.ClientCalls$UnaryStreamToFuture.onClose(ClientCalls.java:490) ~[nacos-client-2.0.4.jar:na]
	at com.alibaba.nacos.shaded.io.grpc.PartialForwardingClientCallListener.onClose(PartialForwardingClientCallListener.java:39) ~[nacos-client-2.0.4.jar:na]
	at com.alibaba.nacos.shaded.io.grpc.ForwardingClientCallListener.onClose(ForwardingClientCallListener.java:23) ~[nacos-client-2.0.4.jar:na]
	at com.alibaba.nacos.shaded.io.grpc.ForwardingClientCallListener$SimpleForwardingClientCallListener.onClose(ForwardingClientCallListener.java:40) ~[nacos-client-2.0.4.jar:na]
	at com.alibaba.nacos.shaded.io.grpc.internal.CensusStatsModule$StatsClientInterceptor$1$1.onClose(CensusStatsModule.java:700) ~[nacos-client-2.0.4.jar:na]
	at com.alibaba.nacos.shaded.io.grpc.PartialForwardingClientCallListener.onClose(PartialForwardingClientCallListener.java:39) ~[nacos-client-2.0.4.jar:na]
	at com.alibaba.nacos.shaded.io.grpc.ForwardingClientCallListener.onClose(ForwardingClientCallListener.java:23) ~[nacos-client-2.0.4.jar:na]
	at com.alibaba.nacos.shaded.io.grpc.ForwardingClientCallListener$SimpleForwardingClientCallListener.onClose(ForwardingClientCallListener.java:40) ~[nacos-client-2.0.4.jar:na]
	at com.alibaba.nacos.shaded.io.grpc.internal.CensusTracingModule$TracingClientInterceptor$1$1.onClose(CensusTracingModule.java:399) ~[nacos-client-2.0.4.jar:na]
	at com.alibaba.nacos.shaded.io.grpc.internal.ClientCallImpl.closeObserver(ClientCallImpl.java:510) ~[nacos-client-2.0.4.jar:na]
	at com.alibaba.nacos.shaded.io.grpc.internal.ClientCallImpl.access$300(ClientCallImpl.java:66) ~[nacos-client-2.0.4.jar:na]
	at com.alibaba.nacos.shaded.io.grpc.internal.ClientCallImpl$ClientStreamListenerImpl.close(ClientCallImpl.java:630) ~[nacos-client-2.0.4.jar:na]
	at com.alibaba.nacos.shaded.io.grpc.internal.ClientCallImpl$ClientStreamListenerImpl.access$700(ClientCallImpl.java:518) ~[nacos-client-2.0.4.jar:na]
	at com.alibaba.nacos.shaded.io.grpc.internal.ClientCallImpl$ClientStreamListenerImpl$1StreamClosed.runInternal(ClientCallImpl.java:692) ~[nacos-client-2.0.4.jar:na]
	at com.alibaba.nacos.shaded.io.grpc.internal.ClientCallImpl$ClientStreamListenerImpl$1StreamClosed.runInContext(ClientCallImpl.java:681) ~[nacos-client-2.0.4.jar:na]
	at com.alibaba.nacos.shaded.io.grpc.internal.ContextRunnable.run(ContextRunnable.java:37) ~[nacos-client-2.0.4.jar:na]
	at com.alibaba.nacos.shaded.io.grpc.internal.SerializingExecutor.run(SerializingExecutor.java:123) ~[nacos-client-2.0.4.jar:na]
	... 3 common frames omitted

01:06:16:127  INFO 55365 --- [com.alibaba.nacos.client.remote.worker] com.alibaba.nacos.common.remote.client   : [b2e137e6-fbd1-4ba5-8681-3799b1bf29ff_config-0] Fail to connect server, after trying 12 times, last try server is {serverIp = 'localhost', server main port = 8848}, error = unknown
01:06:17:505 ERROR 55365 --- [com.alibaba.nacos.client.remote.worker] c.a.n.c.remote.client.grpc.GrpcClient    : Server check fail, please check server localhost ,port 9848 is available , error ={}

java.util.concurrent.ExecutionException: com.alibaba.nacos.shaded.io.grpc.StatusRuntimeException: UNAVAILABLE: Network closed for unknown reason
	at com.alibaba.nacos.shaded.com.google.common.util.concurrent.AbstractFuture.getDoneValue(AbstractFuture.java:566) ~[nacos-client-2.0.4.jar:na]
	at com.alibaba.nacos.shaded.com.google.common.util.concurrent.AbstractFuture.get(AbstractFuture.java:445) ~[nacos-client-2.0.4.jar:na]
	at com.alibaba.nacos.common.remote.client.grpc.GrpcClient.serverCheck(GrpcClient.java:148) ~[nacos-client-2.0.4.jar:na]
	at com.alibaba.nacos.common.remote.client.grpc.GrpcClient.connectToServer(GrpcClient.java:264) ~[nacos-client-2.0.4.jar:na]
	at com.alibaba.nacos.common.remote.client.RpcClient.reconnect(RpcClient.java:522) ~[nacos-client-2.0.4.jar:na]
	at com.alibaba.nacos.common.remote.client.RpcClient.lambda$start$2(RpcClient.java:370) ~[nacos-client-2.0.4.jar:na]
	at java.base/java.util.concurrent.Executors$RunnableAdapter.call(Executors.java:515) ~[na:na]
	at java.base/java.util.concurrent.FutureTask.run$$$capture(FutureTask.java:264) ~[na:na]
	at java.base/java.util.concurrent.FutureTask.run(FutureTask.java) ~[na:na]
	at java.base/java.util.concurrent.ScheduledThreadPoolExecutor$ScheduledFutureTask.run(ScheduledThreadPoolExecutor.java:304) ~[na:na]
	at java.base/java.util.concurrent.ThreadPoolExecutor.runWorker(ThreadPoolExecutor.java:1128) ~[na:na]
	at java.base/java.util.concurrent.ThreadPoolExecutor$Worker.run(ThreadPoolExecutor.java:628) ~[na:na]
	at java.base/java.lang.Thread.run(Thread.java:829) ~[na:na]
Caused by: com.alibaba.nacos.shaded.io.grpc.StatusRuntimeException: UNAVAILABLE: Network closed for unknown reason
	at com.alibaba.nacos.shaded.io.grpc.Status.asRuntimeException(Status.java:533) ~[nacos-client-2.0.4.jar:na]
	at com.alibaba.nacos.shaded.io.grpc.stub.ClientCalls$UnaryStreamToFuture.onClose(ClientCalls.java:490) ~[nacos-client-2.0.4.jar:na]
	at com.alibaba.nacos.shaded.io.grpc.PartialForwardingClientCallListener.onClose(PartialForwardingClientCallListener.java:39) ~[nacos-client-2.0.4.jar:na]
	at com.alibaba.nacos.shaded.io.grpc.ForwardingClientCallListener.onClose(ForwardingClientCallListener.java:23) ~[nacos-client-2.0.4.jar:na]
	at com.alibaba.nacos.shaded.io.grpc.ForwardingClientCallListener$SimpleForwardingClientCallListener.onClose(ForwardingClientCallListener.java:40) ~[nacos-client-2.0.4.jar:na]
	at com.alibaba.nacos.shaded.io.grpc.internal.CensusStatsModule$StatsClientInterceptor$1$1.onClose(CensusStatsModule.java:700) ~[nacos-client-2.0.4.jar:na]
	at com.alibaba.nacos.shaded.io.grpc.PartialForwardingClientCallListener.onClose(PartialForwardingClientCallListener.java:39) ~[nacos-client-2.0.4.jar:na]
	at com.alibaba.nacos.shaded.io.grpc.ForwardingClientCallListener.onClose(ForwardingClientCallListener.java:23) ~[nacos-client-2.0.4.jar:na]
	at com.alibaba.nacos.shaded.io.grpc.ForwardingClientCallListener$SimpleForwardingClientCallListener.onClose(ForwardingClientCallListener.java:40) ~[nacos-client-2.0.4.jar:na]
	at com.alibaba.nacos.shaded.io.grpc.internal.CensusTracingModule$TracingClientInterceptor$1$1.onClose(CensusTracingModule.java:399) ~[nacos-client-2.0.4.jar:na]
	at com.alibaba.nacos.shaded.io.grpc.internal.ClientCallImpl.closeObserver(ClientCallImpl.java:510) ~[nacos-client-2.0.4.jar:na]
	at com.alibaba.nacos.shaded.io.grpc.internal.ClientCallImpl.access$300(ClientCallImpl.java:66) ~[nacos-client-2.0.4.jar:na]
	at com.alibaba.nacos.shaded.io.grpc.internal.ClientCallImpl$ClientStreamListenerImpl.close(ClientCallImpl.java:630) ~[nacos-client-2.0.4.jar:na]
	at com.alibaba.nacos.shaded.io.grpc.internal.ClientCallImpl$ClientStreamListenerImpl.access$700(ClientCallImpl.java:518) ~[nacos-client-2.0.4.jar:na]
	at com.alibaba.nacos.shaded.io.grpc.internal.ClientCallImpl$ClientStreamListenerImpl$1StreamClosed.runInternal(ClientCallImpl.java:692) ~[nacos-client-2.0.4.jar:na]
	at com.alibaba.nacos.shaded.io.grpc.internal.ClientCallImpl$ClientStreamListenerImpl$1StreamClosed.runInContext(ClientCallImpl.java:681) ~[nacos-client-2.0.4.jar:na]
	at com.alibaba.nacos.shaded.io.grpc.internal.ContextRunnable.run(ContextRunnable.java:37) ~[nacos-client-2.0.4.jar:na]
	at com.alibaba.nacos.shaded.io.grpc.internal.SerializingExecutor.run(SerializingExecutor.java:123) ~[nacos-client-2.0.4.jar:na]
	... 3 common frames omitted

01:06:17:510  INFO 55365 --- [com.alibaba.nacos.client.remote.worker] com.alibaba.nacos.common.remote.client   : [b2e137e6-fbd1-4ba5-8681-3799b1bf29ff_config-0] Fail to connect server, after trying 13 times, last try server is {serverIp = 'localhost', server main port = 8848}, error = unknown
01:06:17:521  INFO 55365 --- [main] com.alibaba.nacos.common.remote.client   : [RpcClientFactory] create a new rpc client of 6da065a0-1373-47cb-aa70-6c7253297bd8
01:06:17:521  INFO 55365 --- [main] com.alibaba.nacos.common.remote.client   : [6da065a0-1373-47cb-aa70-6c7253297bd8] RpcClient init label, labels = {module=naming, source=sdk}
01:06:17:540  INFO 55365 --- [main] com.alibaba.nacos.common.remote.client   : [6da065a0-1373-47cb-aa70-6c7253297bd8] RpcClient init, ServerListFactory = com.alibaba.nacos.client.naming.core.ServerListManager
01:06:17:540  INFO 55365 --- [main] com.alibaba.nacos.common.remote.client   : [6da065a0-1373-47cb-aa70-6c7253297bd8] Registry connection listener to current client:com.alibaba.nacos.client.naming.remote.gprc.redo.NamingGrpcRedoService
01:06:17:543  INFO 55365 --- [main] com.alibaba.nacos.common.remote.client   : [6da065a0-1373-47cb-aa70-6c7253297bd8] Register server push request handler:com.alibaba.nacos.client.naming.remote.gprc.NamingPushRequestHandler
01:06:17:552  INFO 55365 --- [main] com.alibaba.nacos.common.remote.client   : [6da065a0-1373-47cb-aa70-6c7253297bd8] Try to connect to server on start up, server: {serverIp = 'localhost', server main port = 8848}
01:06:17:639 ERROR 55365 --- [main] c.a.n.c.remote.client.grpc.GrpcClient    : Server check fail, please check server localhost ,port 9848 is available , error ={}

java.util.concurrent.ExecutionException: com.alibaba.nacos.shaded.io.grpc.StatusRuntimeException: UNAVAILABLE: Network closed for unknown reason
	at com.alibaba.nacos.shaded.com.google.common.util.concurrent.AbstractFuture.getDoneValue(AbstractFuture.java:566) ~[nacos-client-2.0.4.jar:na]
	at com.alibaba.nacos.shaded.com.google.common.util.concurrent.AbstractFuture.get(AbstractFuture.java:445) ~[nacos-client-2.0.4.jar:na]
	at com.alibaba.nacos.common.remote.client.grpc.GrpcClient.serverCheck(GrpcClient.java:148) ~[nacos-client-2.0.4.jar:na]
	at com.alibaba.nacos.common.remote.client.grpc.GrpcClient.connectToServer(GrpcClient.java:264) ~[nacos-client-2.0.4.jar:na]
	at com.alibaba.nacos.common.remote.client.RpcClient.start(RpcClient.java:390) ~[nacos-client-2.0.4.jar:na]
	at com.alibaba.nacos.client.naming.remote.gprc.NamingGrpcClientProxy.start(NamingGrpcClientProxy.java:96) ~[nacos-client-2.0.4.jar:na]
	at com.alibaba.nacos.client.naming.remote.gprc.NamingGrpcClientProxy.<init>(NamingGrpcClientProxy.java:89) ~[nacos-client-2.0.4.jar:na]
	at com.alibaba.nacos.client.naming.remote.NamingClientProxyDelegate.<init>(NamingClientProxyDelegate.java:76) ~[nacos-client-2.0.4.jar:na]
	at com.alibaba.nacos.client.naming.NacosNamingService.init(NacosNamingService.java:95) ~[nacos-client-2.0.4.jar:na]
	at com.alibaba.nacos.client.naming.NacosNamingService.<init>(NacosNamingService.java:81) ~[nacos-client-2.0.4.jar:na]
	at java.base/jdk.internal.reflect.NativeConstructorAccessorImpl.newInstance0(Native Method) ~[na:na]
	at java.base/jdk.internal.reflect.NativeConstructorAccessorImpl.newInstance(NativeConstructorAccessorImpl.java:62) ~[na:na]
	at java.base/jdk.internal.reflect.DelegatingConstructorAccessorImpl.newInstance(DelegatingConstructorAccessorImpl.java:45) ~[na:na]
	at java.base/java.lang.reflect.Constructor.newInstance(Constructor.java:490) ~[na:na]
	at com.alibaba.nacos.api.naming.NamingFactory.createNamingService(NamingFactory.java:59) ~[nacos-client-2.0.4.jar:na]
	at com.alibaba.nacos.api.NacosFactory.createNamingService(NacosFactory.java:77) ~[nacos-client-2.0.4.jar:na]
	at com.alibaba.cloud.nacos.NacosServiceManager.createNewNamingService(NacosServiceManager.java:99) ~[spring-cloud-starter-alibaba-nacos-discovery-2021.0.4.0.jar:2021.0.4.0]
	at com.alibaba.cloud.nacos.NacosServiceManager.buildNamingService(NacosServiceManager.java:90) ~[spring-cloud-starter-alibaba-nacos-discovery-2021.0.4.0.jar:2021.0.4.0]
	at com.alibaba.cloud.nacos.NacosServiceManager.getNamingService(NacosServiceManager.java:46) ~[spring-cloud-starter-alibaba-nacos-discovery-2021.0.4.0.jar:2021.0.4.0]
	at com.alibaba.cloud.nacos.discovery.NacosWatch.start(NacosWatch.java:130) ~[spring-cloud-starter-alibaba-nacos-discovery-2021.0.4.0.jar:2021.0.4.0]
	at org.springframework.context.support.DefaultLifecycleProcessor.doStart(DefaultLifecycleProcessor.java:178) ~[spring-context-5.3.27.jar:5.3.27]
	at org.springframework.context.support.DefaultLifecycleProcessor.access$200(DefaultLifecycleProcessor.java:54) ~[spring-context-5.3.27.jar:5.3.27]
	at org.springframework.context.support.DefaultLifecycleProcessor$LifecycleGroup.start(DefaultLifecycleProcessor.java:356) ~[spring-context-5.3.27.jar:5.3.27]
	at java.base/java.lang.Iterable.forEach(Iterable.java:75) ~[na:na]
	at org.springframework.context.support.DefaultLifecycleProcessor.startBeans(DefaultLifecycleProcessor.java:155) ~[spring-context-5.3.27.jar:5.3.27]
	at org.springframework.context.support.DefaultLifecycleProcessor.onRefresh(DefaultLifecycleProcessor.java:123) ~[spring-context-5.3.27.jar:5.3.27]
	at org.springframework.context.support.AbstractApplicationContext.finishRefresh(AbstractApplicationContext.java:937) ~[spring-context-5.3.27.jar:5.3.27]
	at org.springframework.context.support.AbstractApplicationContext.refresh(AbstractApplicationContext.java:586) ~[spring-context-5.3.27.jar:5.3.27]
	at org.springframework.boot.SpringApplication.refresh(SpringApplication.java:731) ~[spring-boot-2.7.12.jar:2.7.12]
	at org.springframework.boot.SpringApplication.refreshContext(SpringApplication.java:408) ~[spring-boot-2.7.12.jar:2.7.12]
	at org.springframework.boot.SpringApplication.run(SpringApplication.java:307) ~[spring-boot-2.7.12.jar:2.7.12]
	at org.springframework.boot.test.context.SpringBootContextLoader.loadContext(SpringBootContextLoader.java:136) ~[spring-boot-test-2.7.12.jar:2.7.12]
	at org.springframework.test.context.cache.DefaultCacheAwareContextLoaderDelegate.loadContextInternal(DefaultCacheAwareContextLoaderDelegate.java:141) ~[spring-test-5.3.27.jar:5.3.27]
	at org.springframework.test.context.cache.DefaultCacheAwareContextLoaderDelegate.loadContext(DefaultCacheAwareContextLoaderDelegate.java:90) ~[spring-test-5.3.27.jar:5.3.27]
	at org.springframework.test.context.support.DefaultTestContext.getApplicationContext(DefaultTestContext.java:124) ~[spring-test-5.3.27.jar:5.3.27]
	at org.springframework.test.context.web.ServletTestExecutionListener.setUpRequestContextIfNecessary(ServletTestExecutionListener.java:190) ~[spring-test-5.3.27.jar:5.3.27]
	at org.springframework.test.context.web.ServletTestExecutionListener.prepareTestInstance(ServletTestExecutionListener.java:132) ~[spring-test-5.3.27.jar:5.3.27]
	at org.springframework.test.context.TestContextManager.prepareTestInstance(TestContextManager.java:248) ~[spring-test-5.3.27.jar:5.3.27]
	at org.springframework.test.context.junit.jupiter.SpringExtension.postProcessTestInstance(SpringExtension.java:138) ~[spring-test-5.3.27.jar:5.3.27]
	at org.junit.jupiter.engine.descriptor.ClassBasedTestDescriptor.lambda$invokeTestInstancePostProcessors$8(ClassBasedTestDescriptor.java:363) ~[junit-jupiter-engine-5.8.2.jar:5.8.2]
	at org.junit.jupiter.engine.descriptor.ClassBasedTestDescriptor.executeAndMaskThrowable(ClassBasedTestDescriptor.java:368) ~[junit-jupiter-engine-5.8.2.jar:5.8.2]
	at org.junit.jupiter.engine.descriptor.ClassBasedTestDescriptor.lambda$invokeTestInstancePostProcessors$9(ClassBasedTestDescriptor.java:363) ~[junit-jupiter-engine-5.8.2.jar:5.8.2]
	at java.base/java.util.stream.ReferencePipeline$3$1.accept(ReferencePipeline.java:195) ~[na:na]
	at java.base/java.util.stream.ReferencePipeline$2$1.accept(ReferencePipeline.java:177) ~[na:na]
	at java.base/java.util.ArrayList$ArrayListSpliterator.forEachRemaining(ArrayList.java:1655) ~[na:na]
	at java.base/java.util.stream.AbstractPipeline.copyInto(AbstractPipeline.java:484) ~[na:na]
	at java.base/java.util.stream.AbstractPipeline.wrapAndCopyInto(AbstractPipeline.java:474) ~[na:na]
	at java.base/java.util.stream.StreamSpliterators$WrappingSpliterator.forEachRemaining(StreamSpliterators.java:312) ~[na:na]
	at java.base/java.util.stream.Streams$ConcatSpliterator.forEachRemaining(Streams.java:735) ~[na:na]
	at java.base/java.util.stream.Streams$ConcatSpliterator.forEachRemaining(Streams.java:734) ~[na:na]
	at java.base/java.util.stream.ReferencePipeline$Head.forEach(ReferencePipeline.java:658) ~[na:na]
	at org.junit.jupiter.engine.descriptor.ClassBasedTestDescriptor.invokeTestInstancePostProcessors(ClassBasedTestDescriptor.java:362) ~[junit-jupiter-engine-5.8.2.jar:5.8.2]
	at org.junit.jupiter.engine.descriptor.ClassBasedTestDescriptor.lambda$instantiateAndPostProcessTestInstance$6(ClassBasedTestDescriptor.java:283) ~[junit-jupiter-engine-5.8.2.jar:5.8.2]
	at org.junit.platform.engine.support.hierarchical.ThrowableCollector.execute(ThrowableCollector.java:73) ~[junit-platform-engine-1.8.2.jar:1.8.2]
	at org.junit.jupiter.engine.descriptor.ClassBasedTestDescriptor.instantiateAndPostProcessTestInstance(ClassBasedTestDescriptor.java:282) ~[junit-jupiter-engine-5.8.2.jar:5.8.2]
	at org.junit.jupiter.engine.descriptor.ClassBasedTestDescriptor.lambda$testInstancesProvider$4(ClassBasedTestDescriptor.java:272) ~[junit-jupiter-engine-5.8.2.jar:5.8.2]
	at java.base/java.util.Optional.orElseGet(Optional.java:369) ~[na:na]
	at org.junit.jupiter.engine.descriptor.ClassBasedTestDescriptor.lambda$testInstancesProvider$5(ClassBasedTestDescriptor.java:271) ~[junit-jupiter-engine-5.8.2.jar:5.8.2]
	at org.junit.jupiter.engine.execution.TestInstancesProvider.getTestInstances(TestInstancesProvider.java:31) ~[junit-jupiter-engine-5.8.2.jar:5.8.2]
	at org.junit.jupiter.engine.descriptor.TestMethodTestDescriptor.lambda$prepare$0(TestMethodTestDescriptor.java:102) ~[junit-jupiter-engine-5.8.2.jar:5.8.2]
	at org.junit.platform.engine.support.hierarchical.ThrowableCollector.execute(ThrowableCollector.java:73) ~[junit-platform-engine-1.8.2.jar:1.8.2]
	at org.junit.jupiter.engine.descriptor.TestMethodTestDescriptor.prepare(TestMethodTestDescriptor.java:101) ~[junit-jupiter-engine-5.8.2.jar:5.8.2]
	at org.junit.jupiter.engine.descriptor.TestMethodTestDescriptor.prepare(TestMethodTestDescriptor.java:66) ~[junit-jupiter-engine-5.8.2.jar:5.8.2]
	at org.junit.platform.engine.support.hierarchical.NodeTestTask.lambda$prepare$2(NodeTestTask.java:123) ~[junit-platform-engine-1.8.2.jar:1.8.2]
	at org.junit.platform.engine.support.hierarchical.ThrowableCollector.execute(ThrowableCollector.java:73) ~[junit-platform-engine-1.8.2.jar:1.8.2]
	at org.junit.platform.engine.support.hierarchical.NodeTestTask.prepare(NodeTestTask.java:123) ~[junit-platform-engine-1.8.2.jar:1.8.2]
	at org.junit.platform.engine.support.hierarchical.NodeTestTask.execute(NodeTestTask.java:90) ~[junit-platform-engine-1.8.2.jar:1.8.2]
	at java.base/java.util.ArrayList.forEach(ArrayList.java:1541) ~[na:na]
	at org.junit.platform.engine.support.hierarchical.SameThreadHierarchicalTestExecutorService.invokeAll(SameThreadHierarchicalTestExecutorService.java:41) ~[junit-platform-engine-1.8.2.jar:1.8.2]
	at org.junit.platform.engine.support.hierarchical.NodeTestTask.lambda$executeRecursively$6(NodeTestTask.java:155) ~[junit-platform-engine-1.8.2.jar:1.8.2]
	at org.junit.platform.engine.support.hierarchical.ThrowableCollector.execute(ThrowableCollector.java:73) ~[junit-platform-engine-1.8.2.jar:1.8.2]
	at org.junit.platform.engine.support.hierarchical.NodeTestTask.lambda$executeRecursively$8(NodeTestTask.java:141) ~[junit-platform-engine-1.8.2.jar:1.8.2]
	at org.junit.platform.engine.support.hierarchical.Node.around(Node.java:137) ~[junit-platform-engine-1.8.2.jar:1.8.2]
	at org.junit.platform.engine.support.hierarchical.NodeTestTask.lambda$executeRecursively$9(NodeTestTask.java:139) ~[junit-platform-engine-1.8.2.jar:1.8.2]
	at org.junit.platform.engine.support.hierarchical.ThrowableCollector.execute(ThrowableCollector.java:73) ~[junit-platform-engine-1.8.2.jar:1.8.2]
	at org.junit.platform.engine.support.hierarchical.NodeTestTask.executeRecursively(NodeTestTask.java:138) ~[junit-platform-engine-1.8.2.jar:1.8.2]
	at org.junit.platform.engine.support.hierarchical.NodeTestTask.execute(NodeTestTask.java:95) ~[junit-platform-engine-1.8.2.jar:1.8.2]
	at java.base/java.util.ArrayList.forEach(ArrayList.java:1541) ~[na:na]
	at org.junit.platform.engine.support.hierarchical.SameThreadHierarchicalTestExecutorService.invokeAll(SameThreadHierarchicalTestExecutorService.java:41) ~[junit-platform-engine-1.8.2.jar:1.8.2]
	at org.junit.platform.engine.support.hierarchical.NodeTestTask.lambda$executeRecursively$6(NodeTestTask.java:155) ~[junit-platform-engine-1.8.2.jar:1.8.2]
	at org.junit.platform.engine.support.hierarchical.ThrowableCollector.execute(ThrowableCollector.java:73) ~[junit-platform-engine-1.8.2.jar:1.8.2]
	at org.junit.platform.engine.support.hierarchical.NodeTestTask.lambda$executeRecursively$8(NodeTestTask.java:141) ~[junit-platform-engine-1.8.2.jar:1.8.2]
	at org.junit.platform.engine.support.hierarchical.Node.around(Node.java:137) ~[junit-platform-engine-1.8.2.jar:1.8.2]
	at org.junit.platform.engine.support.hierarchical.NodeTestTask.lambda$executeRecursively$9(NodeTestTask.java:139) ~[junit-platform-engine-1.8.2.jar:1.8.2]
	at org.junit.platform.engine.support.hierarchical.ThrowableCollector.execute(ThrowableCollector.java:73) ~[junit-platform-engine-1.8.2.jar:1.8.2]
	at org.junit.platform.engine.support.hierarchical.NodeTestTask.executeRecursively(NodeTestTask.java:138) ~[junit-platform-engine-1.8.2.jar:1.8.2]
	at org.junit.platform.engine.support.hierarchical.NodeTestTask.execute(NodeTestTask.java:95) ~[junit-platform-engine-1.8.2.jar:1.8.2]
	at org.junit.platform.engine.support.hierarchical.SameThreadHierarchicalTestExecutorService.submit(SameThreadHierarchicalTestExecutorService.java:35) ~[junit-platform-engine-1.8.2.jar:1.8.2]
	at org.junit.platform.engine.support.hierarchical.HierarchicalTestExecutor.execute(HierarchicalTestExecutor.java:57) ~[junit-platform-engine-1.8.2.jar:1.8.2]
	at org.junit.platform.engine.support.hierarchical.HierarchicalTestEngine.execute(HierarchicalTestEngine.java:54) ~[junit-platform-engine-1.8.2.jar:1.8.2]
	at org.junit.platform.launcher.core.EngineExecutionOrchestrator.execute(EngineExecutionOrchestrator.java:107) ~[junit-platform-launcher-1.8.2.jar:1.8.2]
	at org.junit.platform.launcher.core.EngineExecutionOrchestrator.execute(EngineExecutionOrchestrator.java:88) ~[junit-platform-launcher-1.8.2.jar:1.8.2]
	at org.junit.platform.launcher.core.EngineExecutionOrchestrator.lambda$execute$0(EngineExecutionOrchestrator.java:54) ~[junit-platform-launcher-1.8.2.jar:1.8.2]
	at org.junit.platform.launcher.core.EngineExecutionOrchestrator.withInterceptedStreams(EngineExecutionOrchestrator.java:67) ~[junit-platform-launcher-1.8.2.jar:1.8.2]
	at org.junit.platform.launcher.core.EngineExecutionOrchestrator.execute(EngineExecutionOrchestrator.java:52) ~[junit-platform-launcher-1.8.2.jar:1.8.2]
	at org.junit.platform.launcher.core.DefaultLauncher.execute(DefaultLauncher.java:114) ~[junit-platform-launcher-1.8.2.jar:1.8.2]
	at org.junit.platform.launcher.core.DefaultLauncher.execute(DefaultLauncher.java:86) ~[junit-platform-launcher-1.8.2.jar:1.8.2]
	at org.junit.platform.launcher.core.DefaultLauncherSession$DelegatingLauncher.execute(DefaultLauncherSession.java:86) ~[junit-platform-launcher-1.8.2.jar:1.8.2]
	at org.junit.platform.launcher.core.SessionPerRequestLauncher.execute(SessionPerRequestLauncher.java:53) ~[junit-platform-launcher-1.8.2.jar:1.8.2]
	at com.intellij.junit5.JUnit5TestRunnerHelper.execute(JUnit5TestRunnerHelper.java:134) ~[junit5-rt.jar:na]
	at com.intellij.junit5.JUnit5IdeaTestRunner.startRunnerWithArgs(JUnit5IdeaTestRunner.java:70) ~[junit5-rt.jar:na]
	at com.intellij.rt.junit.IdeaTestRunner$Repeater$1.execute(IdeaTestRunner.java:38) ~[junit-rt.jar:na]
	at com.intellij.rt.execution.junit.TestsRepeater.repeat(TestsRepeater.java:11) ~[idea_rt.jar:na]
	at com.intellij.rt.junit.IdeaTestRunner$Repeater.startRunnerWithArgs(IdeaTestRunner.java:35) ~[junit-rt.jar:na]
	at com.intellij.rt.junit.JUnitStarter.prepareStreamsAndStart(JUnitStarter.java:225) ~[junit-rt.jar:na]
	at com.intellij.rt.junit.JUnitStarter.main(JUnitStarter.java:61) ~[junit-rt.jar:na]
Caused by: com.alibaba.nacos.shaded.io.grpc.StatusRuntimeException: UNAVAILABLE: Network closed for unknown reason
	at com.alibaba.nacos.shaded.io.grpc.Status.asRuntimeException(Status.java:533) ~[nacos-client-2.0.4.jar:na]
	at com.alibaba.nacos.shaded.io.grpc.stub.ClientCalls$UnaryStreamToFuture.onClose(ClientCalls.java:490) ~[nacos-client-2.0.4.jar:na]
	at com.alibaba.nacos.shaded.io.grpc.PartialForwardingClientCallListener.onClose(PartialForwardingClientCallListener.java:39) ~[nacos-client-2.0.4.jar:na]
	at com.alibaba.nacos.shaded.io.grpc.ForwardingClientCallListener.onClose(ForwardingClientCallListener.java:23) ~[nacos-client-2.0.4.jar:na]
	at com.alibaba.nacos.shaded.io.grpc.ForwardingClientCallListener$SimpleForwardingClientCallListener.onClose(ForwardingClientCallListener.java:40) ~[nacos-client-2.0.4.jar:na]
	at com.alibaba.nacos.shaded.io.grpc.internal.CensusStatsModule$StatsClientInterceptor$1$1.onClose(CensusStatsModule.java:700) ~[nacos-client-2.0.4.jar:na]
	at com.alibaba.nacos.shaded.io.grpc.PartialForwardingClientCallListener.onClose(PartialForwardingClientCallListener.java:39) ~[nacos-client-2.0.4.jar:na]
	at com.alibaba.nacos.shaded.io.grpc.ForwardingClientCallListener.onClose(ForwardingClientCallListener.java:23) ~[nacos-client-2.0.4.jar:na]
	at com.alibaba.nacos.shaded.io.grpc.ForwardingClientCallListener$SimpleForwardingClientCallListener.onClose(ForwardingClientCallListener.java:40) ~[nacos-client-2.0.4.jar:na]
	at com.alibaba.nacos.shaded.io.grpc.internal.CensusTracingModule$TracingClientInterceptor$1$1.onClose(CensusTracingModule.java:399) ~[nacos-client-2.0.4.jar:na]
	at com.alibaba.nacos.shaded.io.grpc.internal.ClientCallImpl.closeObserver(ClientCallImpl.java:510) ~[nacos-client-2.0.4.jar:na]
	at com.alibaba.nacos.shaded.io.grpc.internal.ClientCallImpl.access$300(ClientCallImpl.java:66) ~[nacos-client-2.0.4.jar:na]
	at com.alibaba.nacos.shaded.io.grpc.internal.ClientCallImpl$ClientStreamListenerImpl.close(ClientCallImpl.java:630) ~[nacos-client-2.0.4.jar:na]
	at com.alibaba.nacos.shaded.io.grpc.internal.ClientCallImpl$ClientStreamListenerImpl.access$700(ClientCallImpl.java:518) ~[nacos-client-2.0.4.jar:na]
	at com.alibaba.nacos.shaded.io.grpc.internal.ClientCallImpl$ClientStreamListenerImpl$1StreamClosed.runInternal(ClientCallImpl.java:692) ~[nacos-client-2.0.4.jar:na]
	at com.alibaba.nacos.shaded.io.grpc.internal.ClientCallImpl$ClientStreamListenerImpl$1StreamClosed.runInContext(ClientCallImpl.java:681) ~[nacos-client-2.0.4.jar:na]
	at com.alibaba.nacos.shaded.io.grpc.internal.ContextRunnable.run(ContextRunnable.java:37) ~[nacos-client-2.0.4.jar:na]
	at com.alibaba.nacos.shaded.io.grpc.internal.SerializingExecutor.run(SerializingExecutor.java:123) ~[nacos-client-2.0.4.jar:na]
	at java.base/java.util.concurrent.ThreadPoolExecutor.runWorker(ThreadPoolExecutor.java:1128) ~[na:na]
	at java.base/java.util.concurrent.ThreadPoolExecutor$Worker.run(ThreadPoolExecutor.java:628) ~[na:na]
	at java.base/java.lang.Thread.run(Thread.java:829) ~[na:na]

01:06:17:642  INFO 55365 --- [main] com.alibaba.nacos.common.remote.client   : [6da065a0-1373-47cb-aa70-6c7253297bd8] Try to connect to server on start up, server: {serverIp = 'localhost', server main port = 8848}
01:06:17:728 ERROR 55365 --- [main] c.a.n.c.remote.client.grpc.GrpcClient    : Server check fail, please check server localhost ,port 9848 is available , error ={}

java.util.concurrent.ExecutionException: com.alibaba.nacos.shaded.io.grpc.StatusRuntimeException: UNAVAILABLE: Network closed for unknown reason
	at com.alibaba.nacos.shaded.com.google.common.util.concurrent.AbstractFuture.getDoneValue(AbstractFuture.java:566) ~[nacos-client-2.0.4.jar:na]
	at com.alibaba.nacos.shaded.com.google.common.util.concurrent.AbstractFuture.get(AbstractFuture.java:445) ~[nacos-client-2.0.4.jar:na]
	at com.alibaba.nacos.common.remote.client.grpc.GrpcClient.serverCheck(GrpcClient.java:148) ~[nacos-client-2.0.4.jar:na]
	at com.alibaba.nacos.common.remote.client.grpc.GrpcClient.connectToServer(GrpcClient.java:264) ~[nacos-client-2.0.4.jar:na]
	at com.alibaba.nacos.common.remote.client.RpcClient.start(RpcClient.java:390) ~[nacos-client-2.0.4.jar:na]
	at com.alibaba.nacos.client.naming.remote.gprc.NamingGrpcClientProxy.start(NamingGrpcClientProxy.java:96) ~[nacos-client-2.0.4.jar:na]
	at com.alibaba.nacos.client.naming.remote.gprc.NamingGrpcClientProxy.<init>(NamingGrpcClientProxy.java:89) ~[nacos-client-2.0.4.jar:na]
	at com.alibaba.nacos.client.naming.remote.NamingClientProxyDelegate.<init>(NamingClientProxyDelegate.java:76) ~[nacos-client-2.0.4.jar:na]
	at com.alibaba.nacos.client.naming.NacosNamingService.init(NacosNamingService.java:95) ~[nacos-client-2.0.4.jar:na]
	at com.alibaba.nacos.client.naming.NacosNamingService.<init>(NacosNamingService.java:81) ~[nacos-client-2.0.4.jar:na]
	at java.base/jdk.internal.reflect.NativeConstructorAccessorImpl.newInstance0(Native Method) ~[na:na]
	at java.base/jdk.internal.reflect.NativeConstructorAccessorImpl.newInstance(NativeConstructorAccessorImpl.java:62) ~[na:na]
	at java.base/jdk.internal.reflect.DelegatingConstructorAccessorImpl.newInstance(DelegatingConstructorAccessorImpl.java:45) ~[na:na]
	at java.base/java.lang.reflect.Constructor.newInstance(Constructor.java:490) ~[na:na]
	at com.alibaba.nacos.api.naming.NamingFactory.createNamingService(NamingFactory.java:59) ~[nacos-client-2.0.4.jar:na]
	at com.alibaba.nacos.api.NacosFactory.createNamingService(NacosFactory.java:77) ~[nacos-client-2.0.4.jar:na]
	at com.alibaba.cloud.nacos.NacosServiceManager.createNewNamingService(NacosServiceManager.java:99) ~[spring-cloud-starter-alibaba-nacos-discovery-2021.0.4.0.jar:2021.0.4.0]
	at com.alibaba.cloud.nacos.NacosServiceManager.buildNamingService(NacosServiceManager.java:90) ~[spring-cloud-starter-alibaba-nacos-discovery-2021.0.4.0.jar:2021.0.4.0]
	at com.alibaba.cloud.nacos.NacosServiceManager.getNamingService(NacosServiceManager.java:46) ~[spring-cloud-starter-alibaba-nacos-discovery-2021.0.4.0.jar:2021.0.4.0]
	at com.alibaba.cloud.nacos.discovery.NacosWatch.start(NacosWatch.java:130) ~[spring-cloud-starter-alibaba-nacos-discovery-2021.0.4.0.jar:2021.0.4.0]
	at org.springframework.context.support.DefaultLifecycleProcessor.doStart(DefaultLifecycleProcessor.java:178) ~[spring-context-5.3.27.jar:5.3.27]
	at org.springframework.context.support.DefaultLifecycleProcessor.access$200(DefaultLifecycleProcessor.java:54) ~[spring-context-5.3.27.jar:5.3.27]
	at org.springframework.context.support.DefaultLifecycleProcessor$LifecycleGroup.start(DefaultLifecycleProcessor.java:356) ~[spring-context-5.3.27.jar:5.3.27]
	at java.base/java.lang.Iterable.forEach(Iterable.java:75) ~[na:na]
	at org.springframework.context.support.DefaultLifecycleProcessor.startBeans(DefaultLifecycleProcessor.java:155) ~[spring-context-5.3.27.jar:5.3.27]
	at org.springframework.context.support.DefaultLifecycleProcessor.onRefresh(DefaultLifecycleProcessor.java:123) ~[spring-context-5.3.27.jar:5.3.27]
	at org.springframework.context.support.AbstractApplicationContext.finishRefresh(AbstractApplicationContext.java:937) ~[spring-context-5.3.27.jar:5.3.27]
	at org.springframework.context.support.AbstractApplicationContext.refresh(AbstractApplicationContext.java:586) ~[spring-context-5.3.27.jar:5.3.27]
	at org.springframework.boot.SpringApplication.refresh(SpringApplication.java:731) ~[spring-boot-2.7.12.jar:2.7.12]
	at org.springframework.boot.SpringApplication.refreshContext(SpringApplication.java:408) ~[spring-boot-2.7.12.jar:2.7.12]
	at org.springframework.boot.SpringApplication.run(SpringApplication.java:307) ~[spring-boot-2.7.12.jar:2.7.12]
	at org.springframework.boot.test.context.SpringBootContextLoader.loadContext(SpringBootContextLoader.java:136) ~[spring-boot-test-2.7.12.jar:2.7.12]
	at org.springframework.test.context.cache.DefaultCacheAwareContextLoaderDelegate.loadContextInternal(DefaultCacheAwareContextLoaderDelegate.java:141) ~[spring-test-5.3.27.jar:5.3.27]
	at org.springframework.test.context.cache.DefaultCacheAwareContextLoaderDelegate.loadContext(DefaultCacheAwareContextLoaderDelegate.java:90) ~[spring-test-5.3.27.jar:5.3.27]
	at org.springframework.test.context.support.DefaultTestContext.getApplicationContext(DefaultTestContext.java:124) ~[spring-test-5.3.27.jar:5.3.27]
	at org.springframework.test.context.web.ServletTestExecutionListener.setUpRequestContextIfNecessary(ServletTestExecutionListener.java:190) ~[spring-test-5.3.27.jar:5.3.27]
	at org.springframework.test.context.web.ServletTestExecutionListener.prepareTestInstance(ServletTestExecutionListener.java:132) ~[spring-test-5.3.27.jar:5.3.27]
	at org.springframework.test.context.TestContextManager.prepareTestInstance(TestContextManager.java:248) ~[spring-test-5.3.27.jar:5.3.27]
	at org.springframework.test.context.junit.jupiter.SpringExtension.postProcessTestInstance(SpringExtension.java:138) ~[spring-test-5.3.27.jar:5.3.27]
	at org.junit.jupiter.engine.descriptor.ClassBasedTestDescriptor.lambda$invokeTestInstancePostProcessors$8(ClassBasedTestDescriptor.java:363) ~[junit-jupiter-engine-5.8.2.jar:5.8.2]
	at org.junit.jupiter.engine.descriptor.ClassBasedTestDescriptor.executeAndMaskThrowable(ClassBasedTestDescriptor.java:368) ~[junit-jupiter-engine-5.8.2.jar:5.8.2]
	at org.junit.jupiter.engine.descriptor.ClassBasedTestDescriptor.lambda$invokeTestInstancePostProcessors$9(ClassBasedTestDescriptor.java:363) ~[junit-jupiter-engine-5.8.2.jar:5.8.2]
	at java.base/java.util.stream.ReferencePipeline$3$1.accept(ReferencePipeline.java:195) ~[na:na]
	at java.base/java.util.stream.ReferencePipeline$2$1.accept(ReferencePipeline.java:177) ~[na:na]
	at java.base/java.util.ArrayList$ArrayListSpliterator.forEachRemaining(ArrayList.java:1655) ~[na:na]
	at java.base/java.util.stream.AbstractPipeline.copyInto(AbstractPipeline.java:484) ~[na:na]
	at java.base/java.util.stream.AbstractPipeline.wrapAndCopyInto(AbstractPipeline.java:474) ~[na:na]
	at java.base/java.util.stream.StreamSpliterators$WrappingSpliterator.forEachRemaining(StreamSpliterators.java:312) ~[na:na]
	at java.base/java.util.stream.Streams$ConcatSpliterator.forEachRemaining(Streams.java:735) ~[na:na]
	at java.base/java.util.stream.Streams$ConcatSpliterator.forEachRemaining(Streams.java:734) ~[na:na]
	at java.base/java.util.stream.ReferencePipeline$Head.forEach(ReferencePipeline.java:658) ~[na:na]
	at org.junit.jupiter.engine.descriptor.ClassBasedTestDescriptor.invokeTestInstancePostProcessors(ClassBasedTestDescriptor.java:362) ~[junit-jupiter-engine-5.8.2.jar:5.8.2]
	at org.junit.jupiter.engine.descriptor.ClassBasedTestDescriptor.lambda$instantiateAndPostProcessTestInstance$6(ClassBasedTestDescriptor.java:283) ~[junit-jupiter-engine-5.8.2.jar:5.8.2]
	at org.junit.platform.engine.support.hierarchical.ThrowableCollector.execute(ThrowableCollector.java:73) ~[junit-platform-engine-1.8.2.jar:1.8.2]
	at org.junit.jupiter.engine.descriptor.ClassBasedTestDescriptor.instantiateAndPostProcessTestInstance(ClassBasedTestDescriptor.java:282) ~[junit-jupiter-engine-5.8.2.jar:5.8.2]
	at org.junit.jupiter.engine.descriptor.ClassBasedTestDescriptor.lambda$testInstancesProvider$4(ClassBasedTestDescriptor.java:272) ~[junit-jupiter-engine-5.8.2.jar:5.8.2]
	at java.base/java.util.Optional.orElseGet(Optional.java:369) ~[na:na]
	at org.junit.jupiter.engine.descriptor.ClassBasedTestDescriptor.lambda$testInstancesProvider$5(ClassBasedTestDescriptor.java:271) ~[junit-jupiter-engine-5.8.2.jar:5.8.2]
	at org.junit.jupiter.engine.execution.TestInstancesProvider.getTestInstances(TestInstancesProvider.java:31) ~[junit-jupiter-engine-5.8.2.jar:5.8.2]
	at org.junit.jupiter.engine.descriptor.TestMethodTestDescriptor.lambda$prepare$0(TestMethodTestDescriptor.java:102) ~[junit-jupiter-engine-5.8.2.jar:5.8.2]
	at org.junit.platform.engine.support.hierarchical.ThrowableCollector.execute(ThrowableCollector.java:73) ~[junit-platform-engine-1.8.2.jar:1.8.2]
	at org.junit.jupiter.engine.descriptor.TestMethodTestDescriptor.prepare(TestMethodTestDescriptor.java:101) ~[junit-jupiter-engine-5.8.2.jar:5.8.2]
	at org.junit.jupiter.engine.descriptor.TestMethodTestDescriptor.prepare(TestMethodTestDescriptor.java:66) ~[junit-jupiter-engine-5.8.2.jar:5.8.2]
	at org.junit.platform.engine.support.hierarchical.NodeTestTask.lambda$prepare$2(NodeTestTask.java:123) ~[junit-platform-engine-1.8.2.jar:1.8.2]
	at org.junit.platform.engine.support.hierarchical.ThrowableCollector.execute(ThrowableCollector.java:73) ~[junit-platform-engine-1.8.2.jar:1.8.2]
	at org.junit.platform.engine.support.hierarchical.NodeTestTask.prepare(NodeTestTask.java:123) ~[junit-platform-engine-1.8.2.jar:1.8.2]
	at org.junit.platform.engine.support.hierarchical.NodeTestTask.execute(NodeTestTask.java:90) ~[junit-platform-engine-1.8.2.jar:1.8.2]
	at java.base/java.util.ArrayList.forEach(ArrayList.java:1541) ~[na:na]
	at org.junit.platform.engine.support.hierarchical.SameThreadHierarchicalTestExecutorService.invokeAll(SameThreadHierarchicalTestExecutorService.java:41) ~[junit-platform-engine-1.8.2.jar:1.8.2]
	at org.junit.platform.engine.support.hierarchical.NodeTestTask.lambda$executeRecursively$6(NodeTestTask.java:155) ~[junit-platform-engine-1.8.2.jar:1.8.2]
	at org.junit.platform.engine.support.hierarchical.ThrowableCollector.execute(ThrowableCollector.java:73) ~[junit-platform-engine-1.8.2.jar:1.8.2]
	at org.junit.platform.engine.support.hierarchical.NodeTestTask.lambda$executeRecursively$8(NodeTestTask.java:141) ~[junit-platform-engine-1.8.2.jar:1.8.2]
	at org.junit.platform.engine.support.hierarchical.Node.around(Node.java:137) ~[junit-platform-engine-1.8.2.jar:1.8.2]
	at org.junit.platform.engine.support.hierarchical.NodeTestTask.lambda$executeRecursively$9(NodeTestTask.java:139) ~[junit-platform-engine-1.8.2.jar:1.8.2]
	at org.junit.platform.engine.support.hierarchical.ThrowableCollector.execute(ThrowableCollector.java:73) ~[junit-platform-engine-1.8.2.jar:1.8.2]
	at org.junit.platform.engine.support.hierarchical.NodeTestTask.executeRecursively(NodeTestTask.java:138) ~[junit-platform-engine-1.8.2.jar:1.8.2]
	at org.junit.platform.engine.support.hierarchical.NodeTestTask.execute(NodeTestTask.java:95) ~[junit-platform-engine-1.8.2.jar:1.8.2]
	at java.base/java.util.ArrayList.forEach(ArrayList.java:1541) ~[na:na]
	at org.junit.platform.engine.support.hierarchical.SameThreadHierarchicalTestExecutorService.invokeAll(SameThreadHierarchicalTestExecutorService.java:41) ~[junit-platform-engine-1.8.2.jar:1.8.2]
	at org.junit.platform.engine.support.hierarchical.NodeTestTask.lambda$executeRecursively$6(NodeTestTask.java:155) ~[junit-platform-engine-1.8.2.jar:1.8.2]
	at org.junit.platform.engine.support.hierarchical.ThrowableCollector.execute(ThrowableCollector.java:73) ~[junit-platform-engine-1.8.2.jar:1.8.2]
	at org.junit.platform.engine.support.hierarchical.NodeTestTask.lambda$executeRecursively$8(NodeTestTask.java:141) ~[junit-platform-engine-1.8.2.jar:1.8.2]
	at org.junit.platform.engine.support.hierarchical.Node.around(Node.java:137) ~[junit-platform-engine-1.8.2.jar:1.8.2]
	at org.junit.platform.engine.support.hierarchical.NodeTestTask.lambda$executeRecursively$9(NodeTestTask.java:139) ~[junit-platform-engine-1.8.2.jar:1.8.2]
	at org.junit.platform.engine.support.hierarchical.ThrowableCollector.execute(ThrowableCollector.java:73) ~[junit-platform-engine-1.8.2.jar:1.8.2]
	at org.junit.platform.engine.support.hierarchical.NodeTestTask.executeRecursively(NodeTestTask.java:138) ~[junit-platform-engine-1.8.2.jar:1.8.2]
	at org.junit.platform.engine.support.hierarchical.NodeTestTask.execute(NodeTestTask.java:95) ~[junit-platform-engine-1.8.2.jar:1.8.2]
	at org.junit.platform.engine.support.hierarchical.SameThreadHierarchicalTestExecutorService.submit(SameThreadHierarchicalTestExecutorService.java:35) ~[junit-platform-engine-1.8.2.jar:1.8.2]
	at org.junit.platform.engine.support.hierarchical.HierarchicalTestExecutor.execute(HierarchicalTestExecutor.java:57) ~[junit-platform-engine-1.8.2.jar:1.8.2]
	at org.junit.platform.engine.support.hierarchical.HierarchicalTestEngine.execute(HierarchicalTestEngine.java:54) ~[junit-platform-engine-1.8.2.jar:1.8.2]
	at org.junit.platform.launcher.core.EngineExecutionOrchestrator.execute(EngineExecutionOrchestrator.java:107) ~[junit-platform-launcher-1.8.2.jar:1.8.2]
	at org.junit.platform.launcher.core.EngineExecutionOrchestrator.execute(EngineExecutionOrchestrator.java:88) ~[junit-platform-launcher-1.8.2.jar:1.8.2]
	at org.junit.platform.launcher.core.EngineExecutionOrchestrator.lambda$execute$0(EngineExecutionOrchestrator.java:54) ~[junit-platform-launcher-1.8.2.jar:1.8.2]
	at org.junit.platform.launcher.core.EngineExecutionOrchestrator.withInterceptedStreams(EngineExecutionOrchestrator.java:67) ~[junit-platform-launcher-1.8.2.jar:1.8.2]
	at org.junit.platform.launcher.core.EngineExecutionOrchestrator.execute(EngineExecutionOrchestrator.java:52) ~[junit-platform-launcher-1.8.2.jar:1.8.2]
	at org.junit.platform.launcher.core.DefaultLauncher.execute(DefaultLauncher.java:114) ~[junit-platform-launcher-1.8.2.jar:1.8.2]
	at org.junit.platform.launcher.core.DefaultLauncher.execute(DefaultLauncher.java:86) ~[junit-platform-launcher-1.8.2.jar:1.8.2]
	at org.junit.platform.launcher.core.DefaultLauncherSession$DelegatingLauncher.execute(DefaultLauncherSession.java:86) ~[junit-platform-launcher-1.8.2.jar:1.8.2]
	at org.junit.platform.launcher.core.SessionPerRequestLauncher.execute(SessionPerRequestLauncher.java:53) ~[junit-platform-launcher-1.8.2.jar:1.8.2]
	at com.intellij.junit5.JUnit5TestRunnerHelper.execute(JUnit5TestRunnerHelper.java:134) ~[junit5-rt.jar:na]
	at com.intellij.junit5.JUnit5IdeaTestRunner.startRunnerWithArgs(JUnit5IdeaTestRunner.java:70) ~[junit5-rt.jar:na]
	at com.intellij.rt.junit.IdeaTestRunner$Repeater$1.execute(IdeaTestRunner.java:38) ~[junit-rt.jar:na]
	at com.intellij.rt.execution.junit.TestsRepeater.repeat(TestsRepeater.java:11) ~[idea_rt.jar:na]
	at com.intellij.rt.junit.IdeaTestRunner$Repeater.startRunnerWithArgs(IdeaTestRunner.java:35) ~[junit-rt.jar:na]
	at com.intellij.rt.junit.JUnitStarter.prepareStreamsAndStart(JUnitStarter.java:225) ~[junit-rt.jar:na]
	at com.intellij.rt.junit.JUnitStarter.main(JUnitStarter.java:61) ~[junit-rt.jar:na]
Caused by: com.alibaba.nacos.shaded.io.grpc.StatusRuntimeException: UNAVAILABLE: Network closed for unknown reason
	at com.alibaba.nacos.shaded.io.grpc.Status.asRuntimeException(Status.java:533) ~[nacos-client-2.0.4.jar:na]
	at com.alibaba.nacos.shaded.io.grpc.stub.ClientCalls$UnaryStreamToFuture.onClose(ClientCalls.java:490) ~[nacos-client-2.0.4.jar:na]
	at com.alibaba.nacos.shaded.io.grpc.PartialForwardingClientCallListener.onClose(PartialForwardingClientCallListener.java:39) ~[nacos-client-2.0.4.jar:na]
	at com.alibaba.nacos.shaded.io.grpc.ForwardingClientCallListener.onClose(ForwardingClientCallListener.java:23) ~[nacos-client-2.0.4.jar:na]
	at com.alibaba.nacos.shaded.io.grpc.ForwardingClientCallListener$SimpleForwardingClientCallListener.onClose(ForwardingClientCallListener.java:40) ~[nacos-client-2.0.4.jar:na]
	at com.alibaba.nacos.shaded.io.grpc.internal.CensusStatsModule$StatsClientInterceptor$1$1.onClose(CensusStatsModule.java:700) ~[nacos-client-2.0.4.jar:na]
	at com.alibaba.nacos.shaded.io.grpc.PartialForwardingClientCallListener.onClose(PartialForwardingClientCallListener.java:39) ~[nacos-client-2.0.4.jar:na]
	at com.alibaba.nacos.shaded.io.grpc.ForwardingClientCallListener.onClose(ForwardingClientCallListener.java:23) ~[nacos-client-2.0.4.jar:na]
	at com.alibaba.nacos.shaded.io.grpc.ForwardingClientCallListener$SimpleForwardingClientCallListener.onClose(ForwardingClientCallListener.java:40) ~[nacos-client-2.0.4.jar:na]
	at com.alibaba.nacos.shaded.io.grpc.internal.CensusTracingModule$TracingClientInterceptor$1$1.onClose(CensusTracingModule.java:399) ~[nacos-client-2.0.4.jar:na]
	at com.alibaba.nacos.shaded.io.grpc.internal.ClientCallImpl.closeObserver(ClientCallImpl.java:510) ~[nacos-client-2.0.4.jar:na]
	at com.alibaba.nacos.shaded.io.grpc.internal.ClientCallImpl.access$300(ClientCallImpl.java:66) ~[nacos-client-2.0.4.jar:na]
	at com.alibaba.nacos.shaded.io.grpc.internal.ClientCallImpl$ClientStreamListenerImpl.close(ClientCallImpl.java:630) ~[nacos-client-2.0.4.jar:na]
	at com.alibaba.nacos.shaded.io.grpc.internal.ClientCallImpl$ClientStreamListenerImpl.access$700(ClientCallImpl.java:518) ~[nacos-client-2.0.4.jar:na]
	at com.alibaba.nacos.shaded.io.grpc.internal.ClientCallImpl$ClientStreamListenerImpl$1StreamClosed.runInternal(ClientCallImpl.java:692) ~[nacos-client-2.0.4.jar:na]
	at com.alibaba.nacos.shaded.io.grpc.internal.ClientCallImpl$ClientStreamListenerImpl$1StreamClosed.runInContext(ClientCallImpl.java:681) ~[nacos-client-2.0.4.jar:na]
	at com.alibaba.nacos.shaded.io.grpc.internal.ContextRunnable.run(ContextRunnable.java:37) ~[nacos-client-2.0.4.jar:na]
	at com.alibaba.nacos.shaded.io.grpc.internal.SerializingExecutor.run(SerializingExecutor.java:123) ~[nacos-client-2.0.4.jar:na]
	at java.base/java.util.concurrent.ThreadPoolExecutor.runWorker(ThreadPoolExecutor.java:1128) ~[na:na]
	at java.base/java.util.concurrent.ThreadPoolExecutor$Worker.run(ThreadPoolExecutor.java:628) ~[na:na]
	at java.base/java.lang.Thread.run(Thread.java:829) ~[na:na]

01:06:17:729  INFO 55365 --- [main] com.alibaba.nacos.common.remote.client   : [6da065a0-1373-47cb-aa70-6c7253297bd8] Try to connect to server on start up, server: {serverIp = 'localhost', server main port = 8848}
01:06:17:864 ERROR 55365 --- [main] c.a.n.c.remote.client.grpc.GrpcClient    : Server check fail, please check server localhost ,port 9848 is available , error ={}

java.util.concurrent.ExecutionException: com.alibaba.nacos.shaded.io.grpc.StatusRuntimeException: UNAVAILABLE: Network closed for unknown reason
	at com.alibaba.nacos.shaded.com.google.common.util.concurrent.AbstractFuture.getDoneValue(AbstractFuture.java:566) ~[nacos-client-2.0.4.jar:na]
	at com.alibaba.nacos.shaded.com.google.common.util.concurrent.AbstractFuture.get(AbstractFuture.java:445) ~[nacos-client-2.0.4.jar:na]
	at com.alibaba.nacos.common.remote.client.grpc.GrpcClient.serverCheck(GrpcClient.java:148) ~[nacos-client-2.0.4.jar:na]
	at com.alibaba.nacos.common.remote.client.grpc.GrpcClient.connectToServer(GrpcClient.java:264) ~[nacos-client-2.0.4.jar:na]
	at com.alibaba.nacos.common.remote.client.RpcClient.start(RpcClient.java:390) ~[nacos-client-2.0.4.jar:na]
	at com.alibaba.nacos.client.naming.remote.gprc.NamingGrpcClientProxy.start(NamingGrpcClientProxy.java:96) ~[nacos-client-2.0.4.jar:na]
	at com.alibaba.nacos.client.naming.remote.gprc.NamingGrpcClientProxy.<init>(NamingGrpcClientProxy.java:89) ~[nacos-client-2.0.4.jar:na]
	at com.alibaba.nacos.client.naming.remote.NamingClientProxyDelegate.<init>(NamingClientProxyDelegate.java:76) ~[nacos-client-2.0.4.jar:na]
	at com.alibaba.nacos.client.naming.NacosNamingService.init(NacosNamingService.java:95) ~[nacos-client-2.0.4.jar:na]
	at com.alibaba.nacos.client.naming.NacosNamingService.<init>(NacosNamingService.java:81) ~[nacos-client-2.0.4.jar:na]
	at java.base/jdk.internal.reflect.NativeConstructorAccessorImpl.newInstance0(Native Method) ~[na:na]
	at java.base/jdk.internal.reflect.NativeConstructorAccessorImpl.newInstance(NativeConstructorAccessorImpl.java:62) ~[na:na]
	at java.base/jdk.internal.reflect.DelegatingConstructorAccessorImpl.newInstance(DelegatingConstructorAccessorImpl.java:45) ~[na:na]
	at java.base/java.lang.reflect.Constructor.newInstance(Constructor.java:490) ~[na:na]
	at com.alibaba.nacos.api.naming.NamingFactory.createNamingService(NamingFactory.java:59) ~[nacos-client-2.0.4.jar:na]
	at com.alibaba.nacos.api.NacosFactory.createNamingService(NacosFactory.java:77) ~[nacos-client-2.0.4.jar:na]
	at com.alibaba.cloud.nacos.NacosServiceManager.createNewNamingService(NacosServiceManager.java:99) ~[spring-cloud-starter-alibaba-nacos-discovery-2021.0.4.0.jar:2021.0.4.0]
	at com.alibaba.cloud.nacos.NacosServiceManager.buildNamingService(NacosServiceManager.java:90) ~[spring-cloud-starter-alibaba-nacos-discovery-2021.0.4.0.jar:2021.0.4.0]
	at com.alibaba.cloud.nacos.NacosServiceManager.getNamingService(NacosServiceManager.java:46) ~[spring-cloud-starter-alibaba-nacos-discovery-2021.0.4.0.jar:2021.0.4.0]
	at com.alibaba.cloud.nacos.discovery.NacosWatch.start(NacosWatch.java:130) ~[spring-cloud-starter-alibaba-nacos-discovery-2021.0.4.0.jar:2021.0.4.0]
	at org.springframework.context.support.DefaultLifecycleProcessor.doStart(DefaultLifecycleProcessor.java:178) ~[spring-context-5.3.27.jar:5.3.27]
	at org.springframework.context.support.DefaultLifecycleProcessor.access$200(DefaultLifecycleProcessor.java:54) ~[spring-context-5.3.27.jar:5.3.27]
	at org.springframework.context.support.DefaultLifecycleProcessor$LifecycleGroup.start(DefaultLifecycleProcessor.java:356) ~[spring-context-5.3.27.jar:5.3.27]
	at java.base/java.lang.Iterable.forEach(Iterable.java:75) ~[na:na]
	at org.springframework.context.support.DefaultLifecycleProcessor.startBeans(DefaultLifecycleProcessor.java:155) ~[spring-context-5.3.27.jar:5.3.27]
	at org.springframework.context.support.DefaultLifecycleProcessor.onRefresh(DefaultLifecycleProcessor.java:123) ~[spring-context-5.3.27.jar:5.3.27]
	at org.springframework.context.support.AbstractApplicationContext.finishRefresh(AbstractApplicationContext.java:937) ~[spring-context-5.3.27.jar:5.3.27]
	at org.springframework.context.support.AbstractApplicationContext.refresh(AbstractApplicationContext.java:586) ~[spring-context-5.3.27.jar:5.3.27]
	at org.springframework.boot.SpringApplication.refresh(SpringApplication.java:731) ~[spring-boot-2.7.12.jar:2.7.12]
	at org.springframework.boot.SpringApplication.refreshContext(SpringApplication.java:408) ~[spring-boot-2.7.12.jar:2.7.12]
	at org.springframework.boot.SpringApplication.run(SpringApplication.java:307) ~[spring-boot-2.7.12.jar:2.7.12]
	at org.springframework.boot.test.context.SpringBootContextLoader.loadContext(SpringBootContextLoader.java:136) ~[spring-boot-test-2.7.12.jar:2.7.12]
	at org.springframework.test.context.cache.DefaultCacheAwareContextLoaderDelegate.loadContextInternal(DefaultCacheAwareContextLoaderDelegate.java:141) ~[spring-test-5.3.27.jar:5.3.27]
	at org.springframework.test.context.cache.DefaultCacheAwareContextLoaderDelegate.loadContext(DefaultCacheAwareContextLoaderDelegate.java:90) ~[spring-test-5.3.27.jar:5.3.27]
	at org.springframework.test.context.support.DefaultTestContext.getApplicationContext(DefaultTestContext.java:124) ~[spring-test-5.3.27.jar:5.3.27]
	at org.springframework.test.context.web.ServletTestExecutionListener.setUpRequestContextIfNecessary(ServletTestExecutionListener.java:190) ~[spring-test-5.3.27.jar:5.3.27]
	at org.springframework.test.context.web.ServletTestExecutionListener.prepareTestInstance(ServletTestExecutionListener.java:132) ~[spring-test-5.3.27.jar:5.3.27]
	at org.springframework.test.context.TestContextManager.prepareTestInstance(TestContextManager.java:248) ~[spring-test-5.3.27.jar:5.3.27]
	at org.springframework.test.context.junit.jupiter.SpringExtension.postProcessTestInstance(SpringExtension.java:138) ~[spring-test-5.3.27.jar:5.3.27]
	at org.junit.jupiter.engine.descriptor.ClassBasedTestDescriptor.lambda$invokeTestInstancePostProcessors$8(ClassBasedTestDescriptor.java:363) ~[junit-jupiter-engine-5.8.2.jar:5.8.2]
	at org.junit.jupiter.engine.descriptor.ClassBasedTestDescriptor.executeAndMaskThrowable(ClassBasedTestDescriptor.java:368) ~[junit-jupiter-engine-5.8.2.jar:5.8.2]
	at org.junit.jupiter.engine.descriptor.ClassBasedTestDescriptor.lambda$invokeTestInstancePostProcessors$9(ClassBasedTestDescriptor.java:363) ~[junit-jupiter-engine-5.8.2.jar:5.8.2]
	at java.base/java.util.stream.ReferencePipeline$3$1.accept(ReferencePipeline.java:195) ~[na:na]
	at java.base/java.util.stream.ReferencePipeline$2$1.accept(ReferencePipeline.java:177) ~[na:na]
	at java.base/java.util.ArrayList$ArrayListSpliterator.forEachRemaining(ArrayList.java:1655) ~[na:na]
	at java.base/java.util.stream.AbstractPipeline.copyInto(AbstractPipeline.java:484) ~[na:na]
	at java.base/java.util.stream.AbstractPipeline.wrapAndCopyInto(AbstractPipeline.java:474) ~[na:na]
	at java.base/java.util.stream.StreamSpliterators$WrappingSpliterator.forEachRemaining(StreamSpliterators.java:312) ~[na:na]
	at java.base/java.util.stream.Streams$ConcatSpliterator.forEachRemaining(Streams.java:735) ~[na:na]
	at java.base/java.util.stream.Streams$ConcatSpliterator.forEachRemaining(Streams.java:734) ~[na:na]
	at java.base/java.util.stream.ReferencePipeline$Head.forEach(ReferencePipeline.java:658) ~[na:na]
	at org.junit.jupiter.engine.descriptor.ClassBasedTestDescriptor.invokeTestInstancePostProcessors(ClassBasedTestDescriptor.java:362) ~[junit-jupiter-engine-5.8.2.jar:5.8.2]
	at org.junit.jupiter.engine.descriptor.ClassBasedTestDescriptor.lambda$instantiateAndPostProcessTestInstance$6(ClassBasedTestDescriptor.java:283) ~[junit-jupiter-engine-5.8.2.jar:5.8.2]
	at org.junit.platform.engine.support.hierarchical.ThrowableCollector.execute(ThrowableCollector.java:73) ~[junit-platform-engine-1.8.2.jar:1.8.2]
	at org.junit.jupiter.engine.descriptor.ClassBasedTestDescriptor.instantiateAndPostProcessTestInstance(ClassBasedTestDescriptor.java:282) ~[junit-jupiter-engine-5.8.2.jar:5.8.2]
	at org.junit.jupiter.engine.descriptor.ClassBasedTestDescriptor.lambda$testInstancesProvider$4(ClassBasedTestDescriptor.java:272) ~[junit-jupiter-engine-5.8.2.jar:5.8.2]
	at java.base/java.util.Optional.orElseGet(Optional.java:369) ~[na:na]
	at org.junit.jupiter.engine.descriptor.ClassBasedTestDescriptor.lambda$testInstancesProvider$5(ClassBasedTestDescriptor.java:271) ~[junit-jupiter-engine-5.8.2.jar:5.8.2]
	at org.junit.jupiter.engine.execution.TestInstancesProvider.getTestInstances(TestInstancesProvider.java:31) ~[junit-jupiter-engine-5.8.2.jar:5.8.2]
	at org.junit.jupiter.engine.descriptor.TestMethodTestDescriptor.lambda$prepare$0(TestMethodTestDescriptor.java:102) ~[junit-jupiter-engine-5.8.2.jar:5.8.2]
	at org.junit.platform.engine.support.hierarchical.ThrowableCollector.execute(ThrowableCollector.java:73) ~[junit-platform-engine-1.8.2.jar:1.8.2]
	at org.junit.jupiter.engine.descriptor.TestMethodTestDescriptor.prepare(TestMethodTestDescriptor.java:101) ~[junit-jupiter-engine-5.8.2.jar:5.8.2]
	at org.junit.jupiter.engine.descriptor.TestMethodTestDescriptor.prepare(TestMethodTestDescriptor.java:66) ~[junit-jupiter-engine-5.8.2.jar:5.8.2]
	at org.junit.platform.engine.support.hierarchical.NodeTestTask.lambda$prepare$2(NodeTestTask.java:123) ~[junit-platform-engine-1.8.2.jar:1.8.2]
	at org.junit.platform.engine.support.hierarchical.ThrowableCollector.execute(ThrowableCollector.java:73) ~[junit-platform-engine-1.8.2.jar:1.8.2]
	at org.junit.platform.engine.support.hierarchical.NodeTestTask.prepare(NodeTestTask.java:123) ~[junit-platform-engine-1.8.2.jar:1.8.2]
	at org.junit.platform.engine.support.hierarchical.NodeTestTask.execute(NodeTestTask.java:90) ~[junit-platform-engine-1.8.2.jar:1.8.2]
	at java.base/java.util.ArrayList.forEach(ArrayList.java:1541) ~[na:na]
	at org.junit.platform.engine.support.hierarchical.SameThreadHierarchicalTestExecutorService.invokeAll(SameThreadHierarchicalTestExecutorService.java:41) ~[junit-platform-engine-1.8.2.jar:1.8.2]
	at org.junit.platform.engine.support.hierarchical.NodeTestTask.lambda$executeRecursively$6(NodeTestTask.java:155) ~[junit-platform-engine-1.8.2.jar:1.8.2]
	at org.junit.platform.engine.support.hierarchical.ThrowableCollector.execute(ThrowableCollector.java:73) ~[junit-platform-engine-1.8.2.jar:1.8.2]
	at org.junit.platform.engine.support.hierarchical.NodeTestTask.lambda$executeRecursively$8(NodeTestTask.java:141) ~[junit-platform-engine-1.8.2.jar:1.8.2]
	at org.junit.platform.engine.support.hierarchical.Node.around(Node.java:137) ~[junit-platform-engine-1.8.2.jar:1.8.2]
	at org.junit.platform.engine.support.hierarchical.NodeTestTask.lambda$executeRecursively$9(NodeTestTask.java:139) ~[junit-platform-engine-1.8.2.jar:1.8.2]
	at org.junit.platform.engine.support.hierarchical.ThrowableCollector.execute(ThrowableCollector.java:73) ~[junit-platform-engine-1.8.2.jar:1.8.2]
	at org.junit.platform.engine.support.hierarchical.NodeTestTask.executeRecursively(NodeTestTask.java:138) ~[junit-platform-engine-1.8.2.jar:1.8.2]
	at org.junit.platform.engine.support.hierarchical.NodeTestTask.execute(NodeTestTask.java:95) ~[junit-platform-engine-1.8.2.jar:1.8.2]
	at java.base/java.util.ArrayList.forEach(ArrayList.java:1541) ~[na:na]
	at org.junit.platform.engine.support.hierarchical.SameThreadHierarchicalTestExecutorService.invokeAll(SameThreadHierarchicalTestExecutorService.java:41) ~[junit-platform-engine-1.8.2.jar:1.8.2]
	at org.junit.platform.engine.support.hierarchical.NodeTestTask.lambda$executeRecursively$6(NodeTestTask.java:155) ~[junit-platform-engine-1.8.2.jar:1.8.2]
	at org.junit.platform.engine.support.hierarchical.ThrowableCollector.execute(ThrowableCollector.java:73) ~[junit-platform-engine-1.8.2.jar:1.8.2]
	at org.junit.platform.engine.support.hierarchical.NodeTestTask.lambda$executeRecursively$8(NodeTestTask.java:141) ~[junit-platform-engine-1.8.2.jar:1.8.2]
	at org.junit.platform.engine.support.hierarchical.Node.around(Node.java:137) ~[junit-platform-engine-1.8.2.jar:1.8.2]
	at org.junit.platform.engine.support.hierarchical.NodeTestTask.lambda$executeRecursively$9(NodeTestTask.java:139) ~[junit-platform-engine-1.8.2.jar:1.8.2]
	at org.junit.platform.engine.support.hierarchical.ThrowableCollector.execute(ThrowableCollector.java:73) ~[junit-platform-engine-1.8.2.jar:1.8.2]
	at org.junit.platform.engine.support.hierarchical.NodeTestTask.executeRecursively(NodeTestTask.java:138) ~[junit-platform-engine-1.8.2.jar:1.8.2]
	at org.junit.platform.engine.support.hierarchical.NodeTestTask.execute(NodeTestTask.java:95) ~[junit-platform-engine-1.8.2.jar:1.8.2]
	at org.junit.platform.engine.support.hierarchical.SameThreadHierarchicalTestExecutorService.submit(SameThreadHierarchicalTestExecutorService.java:35) ~[junit-platform-engine-1.8.2.jar:1.8.2]
	at org.junit.platform.engine.support.hierarchical.HierarchicalTestExecutor.execute(HierarchicalTestExecutor.java:57) ~[junit-platform-engine-1.8.2.jar:1.8.2]
	at org.junit.platform.engine.support.hierarchical.HierarchicalTestEngine.execute(HierarchicalTestEngine.java:54) ~[junit-platform-engine-1.8.2.jar:1.8.2]
	at org.junit.platform.launcher.core.EngineExecutionOrchestrator.execute(EngineExecutionOrchestrator.java:107) ~[junit-platform-launcher-1.8.2.jar:1.8.2]
	at org.junit.platform.launcher.core.EngineExecutionOrchestrator.execute(EngineExecutionOrchestrator.java:88) ~[junit-platform-launcher-1.8.2.jar:1.8.2]
	at org.junit.platform.launcher.core.EngineExecutionOrchestrator.lambda$execute$0(EngineExecutionOrchestrator.java:54) ~[junit-platform-launcher-1.8.2.jar:1.8.2]
	at org.junit.platform.launcher.core.EngineExecutionOrchestrator.withInterceptedStreams(EngineExecutionOrchestrator.java:67) ~[junit-platform-launcher-1.8.2.jar:1.8.2]
	at org.junit.platform.launcher.core.EngineExecutionOrchestrator.execute(EngineExecutionOrchestrator.java:52) ~[junit-platform-launcher-1.8.2.jar:1.8.2]
	at org.junit.platform.launcher.core.DefaultLauncher.execute(DefaultLauncher.java:114) ~[junit-platform-launcher-1.8.2.jar:1.8.2]
	at org.junit.platform.launcher.core.DefaultLauncher.execute(DefaultLauncher.java:86) ~[junit-platform-launcher-1.8.2.jar:1.8.2]
	at org.junit.platform.launcher.core.DefaultLauncherSession$DelegatingLauncher.execute(DefaultLauncherSession.java:86) ~[junit-platform-launcher-1.8.2.jar:1.8.2]
	at org.junit.platform.launcher.core.SessionPerRequestLauncher.execute(SessionPerRequestLauncher.java:53) ~[junit-platform-launcher-1.8.2.jar:1.8.2]
	at com.intellij.junit5.JUnit5TestRunnerHelper.execute(JUnit5TestRunnerHelper.java:134) ~[junit5-rt.jar:na]
	at com.intellij.junit5.JUnit5IdeaTestRunner.startRunnerWithArgs(JUnit5IdeaTestRunner.java:70) ~[junit5-rt.jar:na]
	at com.intellij.rt.junit.IdeaTestRunner$Repeater$1.execute(IdeaTestRunner.java:38) ~[junit-rt.jar:na]
	at com.intellij.rt.execution.junit.TestsRepeater.repeat(TestsRepeater.java:11) ~[idea_rt.jar:na]
	at com.intellij.rt.junit.IdeaTestRunner$Repeater.startRunnerWithArgs(IdeaTestRunner.java:35) ~[junit-rt.jar:na]
	at com.intellij.rt.junit.JUnitStarter.prepareStreamsAndStart(JUnitStarter.java:225) ~[junit-rt.jar:na]
	at com.intellij.rt.junit.JUnitStarter.main(JUnitStarter.java:61) ~[junit-rt.jar:na]
Caused by: com.alibaba.nacos.shaded.io.grpc.StatusRuntimeException: UNAVAILABLE: Network closed for unknown reason
	at com.alibaba.nacos.shaded.io.grpc.Status.asRuntimeException(Status.java:533) ~[nacos-client-2.0.4.jar:na]
	at com.alibaba.nacos.shaded.io.grpc.stub.ClientCalls$UnaryStreamToFuture.onClose(ClientCalls.java:490) ~[nacos-client-2.0.4.jar:na]
	at com.alibaba.nacos.shaded.io.grpc.PartialForwardingClientCallListener.onClose(PartialForwardingClientCallListener.java:39) ~[nacos-client-2.0.4.jar:na]
	at com.alibaba.nacos.shaded.io.grpc.ForwardingClientCallListener.onClose(ForwardingClientCallListener.java:23) ~[nacos-client-2.0.4.jar:na]
	at com.alibaba.nacos.shaded.io.grpc.ForwardingClientCallListener$SimpleForwardingClientCallListener.onClose(ForwardingClientCallListener.java:40) ~[nacos-client-2.0.4.jar:na]
	at com.alibaba.nacos.shaded.io.grpc.internal.CensusStatsModule$StatsClientInterceptor$1$1.onClose(CensusStatsModule.java:700) ~[nacos-client-2.0.4.jar:na]
	at com.alibaba.nacos.shaded.io.grpc.PartialForwardingClientCallListener.onClose(PartialForwardingClientCallListener.java:39) ~[nacos-client-2.0.4.jar:na]
	at com.alibaba.nacos.shaded.io.grpc.ForwardingClientCallListener.onClose(ForwardingClientCallListener.java:23) ~[nacos-client-2.0.4.jar:na]
	at com.alibaba.nacos.shaded.io.grpc.ForwardingClientCallListener$SimpleForwardingClientCallListener.onClose(ForwardingClientCallListener.java:40) ~[nacos-client-2.0.4.jar:na]
	at com.alibaba.nacos.shaded.io.grpc.internal.CensusTracingModule$TracingClientInterceptor$1$1.onClose(CensusTracingModule.java:399) ~[nacos-client-2.0.4.jar:na]
	at com.alibaba.nacos.shaded.io.grpc.internal.ClientCallImpl.closeObserver(ClientCallImpl.java:510) ~[nacos-client-2.0.4.jar:na]
	at com.alibaba.nacos.shaded.io.grpc.internal.ClientCallImpl.access$300(ClientCallImpl.java:66) ~[nacos-client-2.0.4.jar:na]
	at com.alibaba.nacos.shaded.io.grpc.internal.ClientCallImpl$ClientStreamListenerImpl.close(ClientCallImpl.java:630) ~[nacos-client-2.0.4.jar:na]
	at com.alibaba.nacos.shaded.io.grpc.internal.ClientCallImpl$ClientStreamListenerImpl.access$700(ClientCallImpl.java:518) ~[nacos-client-2.0.4.jar:na]
	at com.alibaba.nacos.shaded.io.grpc.internal.ClientCallImpl$ClientStreamListenerImpl$1StreamClosed.runInternal(ClientCallImpl.java:692) ~[nacos-client-2.0.4.jar:na]
	at com.alibaba.nacos.shaded.io.grpc.internal.ClientCallImpl$ClientStreamListenerImpl$1StreamClosed.runInContext(ClientCallImpl.java:681) ~[nacos-client-2.0.4.jar:na]
	at com.alibaba.nacos.shaded.io.grpc.internal.ContextRunnable.run(ContextRunnable.java:37) ~[nacos-client-2.0.4.jar:na]
	at com.alibaba.nacos.shaded.io.grpc.internal.SerializingExecutor.run(SerializingExecutor.java:123) ~[nacos-client-2.0.4.jar:na]
	at java.base/java.util.concurrent.ThreadPoolExecutor.runWorker(ThreadPoolExecutor.java:1128) ~[na:na]
	at java.base/java.util.concurrent.ThreadPoolExecutor$Worker.run(ThreadPoolExecutor.java:628) ~[na:na]
	at java.base/java.lang.Thread.run(Thread.java:829) ~[na:na]

01:06:17:866  INFO 55365 --- [main] com.alibaba.nacos.common.remote.client   : [6da065a0-1373-47cb-aa70-6c7253297bd8] Register server push request handler:com.alibaba.nacos.common.remote.client.RpcClient$ConnectResetRequestHandler
01:06:17:866  INFO 55365 --- [main] com.alibaba.nacos.common.remote.client   : [6da065a0-1373-47cb-aa70-6c7253297bd8] Register server push request handler:com.alibaba.nacos.common.remote.client.RpcClient$$Lambda$733/0x0000000800555840
01:06:17:867  INFO 55365 --- [com.alibaba.nacos.client.remote.worker] com.alibaba.nacos.common.remote.client   : [6da065a0-1373-47cb-aa70-6c7253297bd8] Try to reconnect to a new server, server is  not appointed, will choose a random server.
01:06:17:933 ERROR 55365 --- [com.alibaba.nacos.client.remote.worker] c.a.n.c.remote.client.grpc.GrpcClient    : Server check fail, please check server localhost ,port 9848 is available , error ={}

java.util.concurrent.ExecutionException: com.alibaba.nacos.shaded.io.grpc.StatusRuntimeException: UNAVAILABLE: Network closed for unknown reason
	at com.alibaba.nacos.shaded.com.google.common.util.concurrent.AbstractFuture.getDoneValue(AbstractFuture.java:566) ~[nacos-client-2.0.4.jar:na]
	at com.alibaba.nacos.shaded.com.google.common.util.concurrent.AbstractFuture.get(AbstractFuture.java:445) ~[nacos-client-2.0.4.jar:na]
	at com.alibaba.nacos.common.remote.client.grpc.GrpcClient.serverCheck(GrpcClient.java:148) ~[nacos-client-2.0.4.jar:na]
	at com.alibaba.nacos.common.remote.client.grpc.GrpcClient.connectToServer(GrpcClient.java:264) ~[nacos-client-2.0.4.jar:na]
	at com.alibaba.nacos.common.remote.client.RpcClient.reconnect(RpcClient.java:522) ~[nacos-client-2.0.4.jar:na]
	at com.alibaba.nacos.common.remote.client.RpcClient.lambda$start$2(RpcClient.java:370) ~[nacos-client-2.0.4.jar:na]
	at java.base/java.util.concurrent.Executors$RunnableAdapter.call(Executors.java:515) ~[na:na]
	at java.base/java.util.concurrent.FutureTask.run$$$capture(FutureTask.java:264) ~[na:na]
	at java.base/java.util.concurrent.FutureTask.run(FutureTask.java) ~[na:na]
	at java.base/java.util.concurrent.ScheduledThreadPoolExecutor$ScheduledFutureTask.run(ScheduledThreadPoolExecutor.java:304) ~[na:na]
	at java.base/java.util.concurrent.ThreadPoolExecutor.runWorker(ThreadPoolExecutor.java:1128) ~[na:na]
	at java.base/java.util.concurrent.ThreadPoolExecutor$Worker.run(ThreadPoolExecutor.java:628) ~[na:na]
	at java.base/java.lang.Thread.run(Thread.java:829) ~[na:na]
Caused by: com.alibaba.nacos.shaded.io.grpc.StatusRuntimeException: UNAVAILABLE: Network closed for unknown reason
	at com.alibaba.nacos.shaded.io.grpc.Status.asRuntimeException(Status.java:533) ~[nacos-client-2.0.4.jar:na]
	at com.alibaba.nacos.shaded.io.grpc.stub.ClientCalls$UnaryStreamToFuture.onClose(ClientCalls.java:490) ~[nacos-client-2.0.4.jar:na]
	at com.alibaba.nacos.shaded.io.grpc.PartialForwardingClientCallListener.onClose(PartialForwardingClientCallListener.java:39) ~[nacos-client-2.0.4.jar:na]
	at com.alibaba.nacos.shaded.io.grpc.ForwardingClientCallListener.onClose(ForwardingClientCallListener.java:23) ~[nacos-client-2.0.4.jar:na]
	at com.alibaba.nacos.shaded.io.grpc.ForwardingClientCallListener$SimpleForwardingClientCallListener.onClose(ForwardingClientCallListener.java:40) ~[nacos-client-2.0.4.jar:na]
	at com.alibaba.nacos.shaded.io.grpc.internal.CensusStatsModule$StatsClientInterceptor$1$1.onClose(CensusStatsModule.java:700) ~[nacos-client-2.0.4.jar:na]
	at com.alibaba.nacos.shaded.io.grpc.PartialForwardingClientCallListener.onClose(PartialForwardingClientCallListener.java:39) ~[nacos-client-2.0.4.jar:na]
	at com.alibaba.nacos.shaded.io.grpc.ForwardingClientCallListener.onClose(ForwardingClientCallListener.java:23) ~[nacos-client-2.0.4.jar:na]
	at com.alibaba.nacos.shaded.io.grpc.ForwardingClientCallListener$SimpleForwardingClientCallListener.onClose(ForwardingClientCallListener.java:40) ~[nacos-client-2.0.4.jar:na]
	at com.alibaba.nacos.shaded.io.grpc.internal.CensusTracingModule$TracingClientInterceptor$1$1.onClose(CensusTracingModule.java:399) ~[nacos-client-2.0.4.jar:na]
	at com.alibaba.nacos.shaded.io.grpc.internal.ClientCallImpl.closeObserver(ClientCallImpl.java:510) ~[nacos-client-2.0.4.jar:na]
	at com.alibaba.nacos.shaded.io.grpc.internal.ClientCallImpl.access$300(ClientCallImpl.java:66) ~[nacos-client-2.0.4.jar:na]
	at com.alibaba.nacos.shaded.io.grpc.internal.ClientCallImpl$ClientStreamListenerImpl.close(ClientCallImpl.java:630) ~[nacos-client-2.0.4.jar:na]
	at com.alibaba.nacos.shaded.io.grpc.internal.ClientCallImpl$ClientStreamListenerImpl.access$700(ClientCallImpl.java:518) ~[nacos-client-2.0.4.jar:na]
	at com.alibaba.nacos.shaded.io.grpc.internal.ClientCallImpl$ClientStreamListenerImpl$1StreamClosed.runInternal(ClientCallImpl.java:692) ~[nacos-client-2.0.4.jar:na]
	at com.alibaba.nacos.shaded.io.grpc.internal.ClientCallImpl$ClientStreamListenerImpl$1StreamClosed.runInContext(ClientCallImpl.java:681) ~[nacos-client-2.0.4.jar:na]
	at com.alibaba.nacos.shaded.io.grpc.internal.ContextRunnable.run(ContextRunnable.java:37) ~[nacos-client-2.0.4.jar:na]
	at com.alibaba.nacos.shaded.io.grpc.internal.SerializingExecutor.run(SerializingExecutor.java:123) ~[nacos-client-2.0.4.jar:na]
	... 3 common frames omitted

01:06:17:980 ERROR 55365 --- [main] com.alibaba.nacos.common.remote.client   : Send request fail, request = SubscribeServiceRequest{headers={app=unknown}, requestId='null'}, retryTimes = 0, errorMessage = Client not connected, current status:STARTING
01:06:18:082 ERROR 55365 --- [com.alibaba.nacos.client.remote.worker] c.a.n.c.remote.client.grpc.GrpcClient    : Server check fail, please check server localhost ,port 9848 is available , error ={}

java.util.concurrent.ExecutionException: com.alibaba.nacos.shaded.io.grpc.StatusRuntimeException: UNAVAILABLE: Network closed for unknown reason
	at com.alibaba.nacos.shaded.com.google.common.util.concurrent.AbstractFuture.getDoneValue(AbstractFuture.java:566) ~[nacos-client-2.0.4.jar:na]
	at com.alibaba.nacos.shaded.com.google.common.util.concurrent.AbstractFuture.get(AbstractFuture.java:445) ~[nacos-client-2.0.4.jar:na]
	at com.alibaba.nacos.common.remote.client.grpc.GrpcClient.serverCheck(GrpcClient.java:148) ~[nacos-client-2.0.4.jar:na]
	at com.alibaba.nacos.common.remote.client.grpc.GrpcClient.connectToServer(GrpcClient.java:264) ~[nacos-client-2.0.4.jar:na]
	at com.alibaba.nacos.common.remote.client.RpcClient.reconnect(RpcClient.java:522) ~[nacos-client-2.0.4.jar:na]
	at com.alibaba.nacos.common.remote.client.RpcClient.lambda$start$2(RpcClient.java:370) ~[nacos-client-2.0.4.jar:na]
	at java.base/java.util.concurrent.Executors$RunnableAdapter.call(Executors.java:515) ~[na:na]
	at java.base/java.util.concurrent.FutureTask.run$$$capture(FutureTask.java:264) ~[na:na]
	at java.base/java.util.concurrent.FutureTask.run(FutureTask.java) ~[na:na]
	at java.base/java.util.concurrent.ScheduledThreadPoolExecutor$ScheduledFutureTask.run(ScheduledThreadPoolExecutor.java:304) ~[na:na]
	at java.base/java.util.concurrent.ThreadPoolExecutor.runWorker(ThreadPoolExecutor.java:1128) ~[na:na]
	at java.base/java.util.concurrent.ThreadPoolExecutor$Worker.run(ThreadPoolExecutor.java:628) ~[na:na]
	at java.base/java.lang.Thread.run(Thread.java:829) ~[na:na]
Caused by: com.alibaba.nacos.shaded.io.grpc.StatusRuntimeException: UNAVAILABLE: Network closed for unknown reason
	at com.alibaba.nacos.shaded.io.grpc.Status.asRuntimeException(Status.java:533) ~[nacos-client-2.0.4.jar:na]
	at com.alibaba.nacos.shaded.io.grpc.stub.ClientCalls$UnaryStreamToFuture.onClose(ClientCalls.java:490) ~[nacos-client-2.0.4.jar:na]
	at com.alibaba.nacos.shaded.io.grpc.PartialForwardingClientCallListener.onClose(PartialForwardingClientCallListener.java:39) ~[nacos-client-2.0.4.jar:na]
	at com.alibaba.nacos.shaded.io.grpc.ForwardingClientCallListener.onClose(ForwardingClientCallListener.java:23) ~[nacos-client-2.0.4.jar:na]
	at com.alibaba.nacos.shaded.io.grpc.ForwardingClientCallListener$SimpleForwardingClientCallListener.onClose(ForwardingClientCallListener.java:40) ~[nacos-client-2.0.4.jar:na]
	at com.alibaba.nacos.shaded.io.grpc.internal.CensusStatsModule$StatsClientInterceptor$1$1.onClose(CensusStatsModule.java:700) ~[nacos-client-2.0.4.jar:na]
	at com.alibaba.nacos.shaded.io.grpc.PartialForwardingClientCallListener.onClose(PartialForwardingClientCallListener.java:39) ~[nacos-client-2.0.4.jar:na]
	at com.alibaba.nacos.shaded.io.grpc.ForwardingClientCallListener.onClose(ForwardingClientCallListener.java:23) ~[nacos-client-2.0.4.jar:na]
	at com.alibaba.nacos.shaded.io.grpc.ForwardingClientCallListener$SimpleForwardingClientCallListener.onClose(ForwardingClientCallListener.java:40) ~[nacos-client-2.0.4.jar:na]
	at com.alibaba.nacos.shaded.io.grpc.internal.CensusTracingModule$TracingClientInterceptor$1$1.onClose(CensusTracingModule.java:399) ~[nacos-client-2.0.4.jar:na]
	at com.alibaba.nacos.shaded.io.grpc.internal.ClientCallImpl.closeObserver(ClientCallImpl.java:510) ~[nacos-client-2.0.4.jar:na]
	at com.alibaba.nacos.shaded.io.grpc.internal.ClientCallImpl.access$300(ClientCallImpl.java:66) ~[nacos-client-2.0.4.jar:na]
	at com.alibaba.nacos.shaded.io.grpc.internal.ClientCallImpl$ClientStreamListenerImpl.close(ClientCallImpl.java:630) ~[nacos-client-2.0.4.jar:na]
	at com.alibaba.nacos.shaded.io.grpc.internal.ClientCallImpl$ClientStreamListenerImpl.access$700(ClientCallImpl.java:518) ~[nacos-client-2.0.4.jar:na]
	at com.alibaba.nacos.shaded.io.grpc.internal.ClientCallImpl$ClientStreamListenerImpl$1StreamClosed.runInternal(ClientCallImpl.java:692) ~[nacos-client-2.0.4.jar:na]
	at com.alibaba.nacos.shaded.io.grpc.internal.ClientCallImpl$ClientStreamListenerImpl$1StreamClosed.runInContext(ClientCallImpl.java:681) ~[nacos-client-2.0.4.jar:na]
	at com.alibaba.nacos.shaded.io.grpc.internal.ContextRunnable.run(ContextRunnable.java:37) ~[nacos-client-2.0.4.jar:na]
	at com.alibaba.nacos.shaded.io.grpc.internal.SerializingExecutor.run(SerializingExecutor.java:123) ~[nacos-client-2.0.4.jar:na]
	... 3 common frames omitted

01:06:18:082  INFO 55365 --- [com.alibaba.nacos.client.remote.worker] com.alibaba.nacos.common.remote.client   : [6da065a0-1373-47cb-aa70-6c7253297bd8] Fail to connect server, after trying 1 times, last try server is {serverIp = 'localhost', server main port = 8848}, error = unknown
01:06:18:086 ERROR 55365 --- [main] com.alibaba.nacos.common.remote.client   : Send request fail, request = SubscribeServiceRequest{headers={app=unknown}, requestId='null'}, retryTimes = 1, errorMessage = Client not connected, current status:STARTING
01:06:18:191 ERROR 55365 --- [main] com.alibaba.nacos.common.remote.client   : Send request fail, request = SubscribeServiceRequest{headers={app=unknown}, requestId='null'}, retryTimes = 2, errorMessage = Client not connected, current status:STARTING
01:06:18:193 ERROR 55365 --- [main] c.a.cloud.nacos.discovery.NacosWatch     : namingService subscribe failed, properties:NacosDiscoveryProperties{serverAddr='localhost:8848', username='', password='', endpoint='', namespace='', watchDelay=30000, logName='', service='item-service', weight=1.0, clusterName='DEFAULT', group='DEFAULT_GROUP', namingLoadCacheAtStart='false', metadata={preserved.register.source=SPRING_CLOUD}, registerEnabled=true, ip='172.30.193.44', networkInterface='', port=-1, secure=false, accessKey='', secretKey='', heartBeatInterval=null, heartBeatTimeout=null, ipDeleteTimeout=null, instanceEnabled=true, ephemeral=true, failureToleranceEnabled=false}, ipDeleteTimeout=null, failFast=true}

com.alibaba.nacos.api.exception.NacosException: Request nacos server failed: 
	at com.alibaba.nacos.client.naming.remote.gprc.NamingGrpcClientProxy.requestToServer(NamingGrpcClientProxy.java:290) ~[nacos-client-2.0.4.jar:na]
	at com.alibaba.nacos.client.naming.remote.gprc.NamingGrpcClientProxy.doSubscribe(NamingGrpcClientProxy.java:230) ~[nacos-client-2.0.4.jar:na]
	at com.alibaba.nacos.client.naming.remote.gprc.NamingGrpcClientProxy.subscribe(NamingGrpcClientProxy.java:215) ~[nacos-client-2.0.4.jar:na]
	at com.alibaba.nacos.client.naming.remote.NamingClientProxyDelegate.subscribe(NamingClientProxyDelegate.java:147) ~[nacos-client-2.0.4.jar:na]
	at com.alibaba.nacos.client.naming.NacosNamingService.subscribe(NacosNamingService.java:393) ~[nacos-client-2.0.4.jar:na]
	at com.alibaba.cloud.nacos.discovery.NacosWatch.start(NacosWatch.java:132) ~[spring-cloud-starter-alibaba-nacos-discovery-2021.0.4.0.jar:2021.0.4.0]
	at org.springframework.context.support.DefaultLifecycleProcessor.doStart(DefaultLifecycleProcessor.java:178) ~[spring-context-5.3.27.jar:5.3.27]
	at org.springframework.context.support.DefaultLifecycleProcessor.access$200(DefaultLifecycleProcessor.java:54) ~[spring-context-5.3.27.jar:5.3.27]
	at org.springframework.context.support.DefaultLifecycleProcessor$LifecycleGroup.start(DefaultLifecycleProcessor.java:356) ~[spring-context-5.3.27.jar:5.3.27]
	at java.base/java.lang.Iterable.forEach(Iterable.java:75) ~[na:na]
	at org.springframework.context.support.DefaultLifecycleProcessor.startBeans(DefaultLifecycleProcessor.java:155) ~[spring-context-5.3.27.jar:5.3.27]
	at org.springframework.context.support.DefaultLifecycleProcessor.onRefresh(DefaultLifecycleProcessor.java:123) ~[spring-context-5.3.27.jar:5.3.27]
	at org.springframework.context.support.AbstractApplicationContext.finishRefresh(AbstractApplicationContext.java:937) ~[spring-context-5.3.27.jar:5.3.27]
	at org.springframework.context.support.AbstractApplicationContext.refresh(AbstractApplicationContext.java:586) ~[spring-context-5.3.27.jar:5.3.27]
	at org.springframework.boot.SpringApplication.refresh(SpringApplication.java:731) ~[spring-boot-2.7.12.jar:2.7.12]
	at org.springframework.boot.SpringApplication.refreshContext(SpringApplication.java:408) ~[spring-boot-2.7.12.jar:2.7.12]
	at org.springframework.boot.SpringApplication.run(SpringApplication.java:307) ~[spring-boot-2.7.12.jar:2.7.12]
	at org.springframework.boot.test.context.SpringBootContextLoader.loadContext(SpringBootContextLoader.java:136) ~[spring-boot-test-2.7.12.jar:2.7.12]
	at org.springframework.test.context.cache.DefaultCacheAwareContextLoaderDelegate.loadContextInternal(DefaultCacheAwareContextLoaderDelegate.java:141) ~[spring-test-5.3.27.jar:5.3.27]
	at org.springframework.test.context.cache.DefaultCacheAwareContextLoaderDelegate.loadContext(DefaultCacheAwareContextLoaderDelegate.java:90) ~[spring-test-5.3.27.jar:5.3.27]
	at org.springframework.test.context.support.DefaultTestContext.getApplicationContext(DefaultTestContext.java:124) ~[spring-test-5.3.27.jar:5.3.27]
	at org.springframework.test.context.web.ServletTestExecutionListener.setUpRequestContextIfNecessary(ServletTestExecutionListener.java:190) ~[spring-test-5.3.27.jar:5.3.27]
	at org.springframework.test.context.web.ServletTestExecutionListener.prepareTestInstance(ServletTestExecutionListener.java:132) ~[spring-test-5.3.27.jar:5.3.27]
	at org.springframework.test.context.TestContextManager.prepareTestInstance(TestContextManager.java:248) ~[spring-test-5.3.27.jar:5.3.27]
	at org.springframework.test.context.junit.jupiter.SpringExtension.postProcessTestInstance(SpringExtension.java:138) ~[spring-test-5.3.27.jar:5.3.27]
	at org.junit.jupiter.engine.descriptor.ClassBasedTestDescriptor.lambda$invokeTestInstancePostProcessors$8(ClassBasedTestDescriptor.java:363) ~[junit-jupiter-engine-5.8.2.jar:5.8.2]
	at org.junit.jupiter.engine.descriptor.ClassBasedTestDescriptor.executeAndMaskThrowable(ClassBasedTestDescriptor.java:368) ~[junit-jupiter-engine-5.8.2.jar:5.8.2]
	at org.junit.jupiter.engine.descriptor.ClassBasedTestDescriptor.lambda$invokeTestInstancePostProcessors$9(ClassBasedTestDescriptor.java:363) ~[junit-jupiter-engine-5.8.2.jar:5.8.2]
	at java.base/java.util.stream.ReferencePipeline$3$1.accept(ReferencePipeline.java:195) ~[na:na]
	at java.base/java.util.stream.ReferencePipeline$2$1.accept(ReferencePipeline.java:177) ~[na:na]
	at java.base/java.util.ArrayList$ArrayListSpliterator.forEachRemaining(ArrayList.java:1655) ~[na:na]
	at java.base/java.util.stream.AbstractPipeline.copyInto(AbstractPipeline.java:484) ~[na:na]
	at java.base/java.util.stream.AbstractPipeline.wrapAndCopyInto(AbstractPipeline.java:474) ~[na:na]
	at java.base/java.util.stream.StreamSpliterators$WrappingSpliterator.forEachRemaining(StreamSpliterators.java:312) ~[na:na]
	at java.base/java.util.stream.Streams$ConcatSpliterator.forEachRemaining(Streams.java:735) ~[na:na]
	at java.base/java.util.stream.Streams$ConcatSpliterator.forEachRemaining(Streams.java:734) ~[na:na]
	at java.base/java.util.stream.ReferencePipeline$Head.forEach(ReferencePipeline.java:658) ~[na:na]
	at org.junit.jupiter.engine.descriptor.ClassBasedTestDescriptor.invokeTestInstancePostProcessors(ClassBasedTestDescriptor.java:362) ~[junit-jupiter-engine-5.8.2.jar:5.8.2]
	at org.junit.jupiter.engine.descriptor.ClassBasedTestDescriptor.lambda$instantiateAndPostProcessTestInstance$6(ClassBasedTestDescriptor.java:283) ~[junit-jupiter-engine-5.8.2.jar:5.8.2]
	at org.junit.platform.engine.support.hierarchical.ThrowableCollector.execute(ThrowableCollector.java:73) ~[junit-platform-engine-1.8.2.jar:1.8.2]
	at org.junit.jupiter.engine.descriptor.ClassBasedTestDescriptor.instantiateAndPostProcessTestInstance(ClassBasedTestDescriptor.java:282) ~[junit-jupiter-engine-5.8.2.jar:5.8.2]
	at org.junit.jupiter.engine.descriptor.ClassBasedTestDescriptor.lambda$testInstancesProvider$4(ClassBasedTestDescriptor.java:272) ~[junit-jupiter-engine-5.8.2.jar:5.8.2]
	at java.base/java.util.Optional.orElseGet(Optional.java:369) ~[na:na]
	at org.junit.jupiter.engine.descriptor.ClassBasedTestDescriptor.lambda$testInstancesProvider$5(ClassBasedTestDescriptor.java:271) ~[junit-jupiter-engine-5.8.2.jar:5.8.2]
	at org.junit.jupiter.engine.execution.TestInstancesProvider.getTestInstances(TestInstancesProvider.java:31) ~[junit-jupiter-engine-5.8.2.jar:5.8.2]
	at org.junit.jupiter.engine.descriptor.TestMethodTestDescriptor.lambda$prepare$0(TestMethodTestDescriptor.java:102) ~[junit-jupiter-engine-5.8.2.jar:5.8.2]
	at org.junit.platform.engine.support.hierarchical.ThrowableCollector.execute(ThrowableCollector.java:73) ~[junit-platform-engine-1.8.2.jar:1.8.2]
	at org.junit.jupiter.engine.descriptor.TestMethodTestDescriptor.prepare(TestMethodTestDescriptor.java:101) ~[junit-jupiter-engine-5.8.2.jar:5.8.2]
	at org.junit.jupiter.engine.descriptor.TestMethodTestDescriptor.prepare(TestMethodTestDescriptor.java:66) ~[junit-jupiter-engine-5.8.2.jar:5.8.2]
	at org.junit.platform.engine.support.hierarchical.NodeTestTask.lambda$prepare$2(NodeTestTask.java:123) ~[junit-platform-engine-1.8.2.jar:1.8.2]
	at org.junit.platform.engine.support.hierarchical.ThrowableCollector.execute(ThrowableCollector.java:73) ~[junit-platform-engine-1.8.2.jar:1.8.2]
	at org.junit.platform.engine.support.hierarchical.NodeTestTask.prepare(NodeTestTask.java:123) ~[junit-platform-engine-1.8.2.jar:1.8.2]
	at org.junit.platform.engine.support.hierarchical.NodeTestTask.execute(NodeTestTask.java:90) ~[junit-platform-engine-1.8.2.jar:1.8.2]
	at java.base/java.util.ArrayList.forEach(ArrayList.java:1541) ~[na:na]
	at org.junit.platform.engine.support.hierarchical.SameThreadHierarchicalTestExecutorService.invokeAll(SameThreadHierarchicalTestExecutorService.java:41) ~[junit-platform-engine-1.8.2.jar:1.8.2]
	at org.junit.platform.engine.support.hierarchical.NodeTestTask.lambda$executeRecursively$6(NodeTestTask.java:155) ~[junit-platform-engine-1.8.2.jar:1.8.2]
	at org.junit.platform.engine.support.hierarchical.ThrowableCollector.execute(ThrowableCollector.java:73) ~[junit-platform-engine-1.8.2.jar:1.8.2]
	at org.junit.platform.engine.support.hierarchical.NodeTestTask.lambda$executeRecursively$8(NodeTestTask.java:141) ~[junit-platform-engine-1.8.2.jar:1.8.2]
	at org.junit.platform.engine.support.hierarchical.Node.around(Node.java:137) ~[junit-platform-engine-1.8.2.jar:1.8.2]
	at org.junit.platform.engine.support.hierarchical.NodeTestTask.lambda$executeRecursively$9(NodeTestTask.java:139) ~[junit-platform-engine-1.8.2.jar:1.8.2]
	at org.junit.platform.engine.support.hierarchical.ThrowableCollector.execute(ThrowableCollector.java:73) ~[junit-platform-engine-1.8.2.jar:1.8.2]
	at org.junit.platform.engine.support.hierarchical.NodeTestTask.executeRecursively(NodeTestTask.java:138) ~[junit-platform-engine-1.8.2.jar:1.8.2]
	at org.junit.platform.engine.support.hierarchical.NodeTestTask.execute(NodeTestTask.java:95) ~[junit-platform-engine-1.8.2.jar:1.8.2]
	at java.base/java.util.ArrayList.forEach(ArrayList.java:1541) ~[na:na]
	at org.junit.platform.engine.support.hierarchical.SameThreadHierarchicalTestExecutorService.invokeAll(SameThreadHierarchicalTestExecutorService.java:41) ~[junit-platform-engine-1.8.2.jar:1.8.2]
	at org.junit.platform.engine.support.hierarchical.NodeTestTask.lambda$executeRecursively$6(NodeTestTask.java:155) ~[junit-platform-engine-1.8.2.jar:1.8.2]
	at org.junit.platform.engine.support.hierarchical.ThrowableCollector.execute(ThrowableCollector.java:73) ~[junit-platform-engine-1.8.2.jar:1.8.2]
	at org.junit.platform.engine.support.hierarchical.NodeTestTask.lambda$executeRecursively$8(NodeTestTask.java:141) ~[junit-platform-engine-1.8.2.jar:1.8.2]
	at org.junit.platform.engine.support.hierarchical.Node.around(Node.java:137) ~[junit-platform-engine-1.8.2.jar:1.8.2]
	at org.junit.platform.engine.support.hierarchical.NodeTestTask.lambda$executeRecursively$9(NodeTestTask.java:139) ~[junit-platform-engine-1.8.2.jar:1.8.2]
	at org.junit.platform.engine.support.hierarchical.ThrowableCollector.execute(ThrowableCollector.java:73) ~[junit-platform-engine-1.8.2.jar:1.8.2]
	at org.junit.platform.engine.support.hierarchical.NodeTestTask.executeRecursively(NodeTestTask.java:138) ~[junit-platform-engine-1.8.2.jar:1.8.2]
	at org.junit.platform.engine.support.hierarchical.NodeTestTask.execute(NodeTestTask.java:95) ~[junit-platform-engine-1.8.2.jar:1.8.2]
	at org.junit.platform.engine.support.hierarchical.SameThreadHierarchicalTestExecutorService.submit(SameThreadHierarchicalTestExecutorService.java:35) ~[junit-platform-engine-1.8.2.jar:1.8.2]
	at org.junit.platform.engine.support.hierarchical.HierarchicalTestExecutor.execute(HierarchicalTestExecutor.java:57) ~[junit-platform-engine-1.8.2.jar:1.8.2]
	at org.junit.platform.engine.support.hierarchical.HierarchicalTestEngine.execute(HierarchicalTestEngine.java:54) ~[junit-platform-engine-1.8.2.jar:1.8.2]
	at org.junit.platform.launcher.core.EngineExecutionOrchestrator.execute(EngineExecutionOrchestrator.java:107) ~[junit-platform-launcher-1.8.2.jar:1.8.2]
	at org.junit.platform.launcher.core.EngineExecutionOrchestrator.execute(EngineExecutionOrchestrator.java:88) ~[junit-platform-launcher-1.8.2.jar:1.8.2]
	at org.junit.platform.launcher.core.EngineExecutionOrchestrator.lambda$execute$0(EngineExecutionOrchestrator.java:54) ~[junit-platform-launcher-1.8.2.jar:1.8.2]
	at org.junit.platform.launcher.core.EngineExecutionOrchestrator.withInterceptedStreams(EngineExecutionOrchestrator.java:67) ~[junit-platform-launcher-1.8.2.jar:1.8.2]
	at org.junit.platform.launcher.core.EngineExecutionOrchestrator.execute(EngineExecutionOrchestrator.java:52) ~[junit-platform-launcher-1.8.2.jar:1.8.2]
	at org.junit.platform.launcher.core.DefaultLauncher.execute(DefaultLauncher.java:114) ~[junit-platform-launcher-1.8.2.jar:1.8.2]
	at org.junit.platform.launcher.core.DefaultLauncher.execute(DefaultLauncher.java:86) ~[junit-platform-launcher-1.8.2.jar:1.8.2]
	at org.junit.platform.launcher.core.DefaultLauncherSession$DelegatingLauncher.execute(DefaultLauncherSession.java:86) ~[junit-platform-launcher-1.8.2.jar:1.8.2]
	at org.junit.platform.launcher.core.SessionPerRequestLauncher.execute(SessionPerRequestLauncher.java:53) ~[junit-platform-launcher-1.8.2.jar:1.8.2]
	at com.intellij.junit5.JUnit5TestRunnerHelper.execute(JUnit5TestRunnerHelper.java:134) ~[junit5-rt.jar:na]
	at com.intellij.junit5.JUnit5IdeaTestRunner.startRunnerWithArgs(JUnit5IdeaTestRunner.java:70) ~[junit5-rt.jar:na]
	at com.intellij.rt.junit.IdeaTestRunner$Repeater$1.execute(IdeaTestRunner.java:38) ~[junit-rt.jar:na]
	at com.intellij.rt.execution.junit.TestsRepeater.repeat(TestsRepeater.java:11) ~[idea_rt.jar:na]
	at com.intellij.rt.junit.IdeaTestRunner$Repeater.startRunnerWithArgs(IdeaTestRunner.java:35) ~[junit-rt.jar:na]
	at com.intellij.rt.junit.JUnitStarter.prepareStreamsAndStart(JUnitStarter.java:225) ~[junit-rt.jar:na]
	at com.intellij.rt.junit.JUnitStarter.main(JUnitStarter.java:61) ~[junit-rt.jar:na]
Caused by: com.alibaba.nacos.api.exception.NacosException: Client not connected, current status:STARTING
	at com.alibaba.nacos.common.remote.client.RpcClient.request(RpcClient.java:650) ~[nacos-client-2.0.4.jar:na]
	at com.alibaba.nacos.common.remote.client.RpcClient.request(RpcClient.java:630) ~[nacos-client-2.0.4.jar:na]
	at com.alibaba.nacos.client.naming.remote.gprc.NamingGrpcClientProxy.requestToServer(NamingGrpcClientProxy.java:280) ~[nacos-client-2.0.4.jar:na]
	... 91 common frames omitted

01:06:18:218  INFO 55365 --- [main] d.s.w.p.DocumentationPluginsBootstrapper : Documentation plugins bootstrapped
01:06:18:230  INFO 55365 --- [main] d.s.w.p.DocumentationPluginsBootstrapper : Found 1 custom documentation plugin(s)
01:06:18:282  INFO 55365 --- [main] s.d.s.w.s.ApiListingReferenceScanner     : Scanning for api listing references
01:06:18:339 ERROR 55365 --- [com.alibaba.nacos.client.remote.worker] c.a.n.c.remote.client.grpc.GrpcClient    : Server check fail, please check server localhost ,port 9848 is available , error ={}

java.util.concurrent.ExecutionException: com.alibaba.nacos.shaded.io.grpc.StatusRuntimeException: UNAVAILABLE: Network closed for unknown reason
	at com.alibaba.nacos.shaded.com.google.common.util.concurrent.AbstractFuture.getDoneValue(AbstractFuture.java:566) ~[nacos-client-2.0.4.jar:na]
	at com.alibaba.nacos.shaded.com.google.common.util.concurrent.AbstractFuture.get(AbstractFuture.java:445) ~[nacos-client-2.0.4.jar:na]
	at com.alibaba.nacos.common.remote.client.grpc.GrpcClient.serverCheck(GrpcClient.java:148) ~[nacos-client-2.0.4.jar:na]
	at com.alibaba.nacos.common.remote.client.grpc.GrpcClient.connectToServer(GrpcClient.java:264) ~[nacos-client-2.0.4.jar:na]
	at com.alibaba.nacos.common.remote.client.RpcClient.reconnect(RpcClient.java:522) ~[nacos-client-2.0.4.jar:na]
	at com.alibaba.nacos.common.remote.client.RpcClient.lambda$start$2(RpcClient.java:370) ~[nacos-client-2.0.4.jar:na]
	at java.base/java.util.concurrent.Executors$RunnableAdapter.call(Executors.java:515) ~[na:na]
	at java.base/java.util.concurrent.FutureTask.run$$$capture(FutureTask.java:264) ~[na:na]
	at java.base/java.util.concurrent.FutureTask.run(FutureTask.java) ~[na:na]
	at java.base/java.util.concurrent.ScheduledThreadPoolExecutor$ScheduledFutureTask.run(ScheduledThreadPoolExecutor.java:304) ~[na:na]
	at java.base/java.util.concurrent.ThreadPoolExecutor.runWorker(ThreadPoolExecutor.java:1128) ~[na:na]
	at java.base/java.util.concurrent.ThreadPoolExecutor$Worker.run(ThreadPoolExecutor.java:628) ~[na:na]
	at java.base/java.lang.Thread.run(Thread.java:829) ~[na:na]
Caused by: com.alibaba.nacos.shaded.io.grpc.StatusRuntimeException: UNAVAILABLE: Network closed for unknown reason
	at com.alibaba.nacos.shaded.io.grpc.Status.asRuntimeException(Status.java:533) ~[nacos-client-2.0.4.jar:na]
	at com.alibaba.nacos.shaded.io.grpc.stub.ClientCalls$UnaryStreamToFuture.onClose(ClientCalls.java:490) ~[nacos-client-2.0.4.jar:na]
	at com.alibaba.nacos.shaded.io.grpc.PartialForwardingClientCallListener.onClose(PartialForwardingClientCallListener.java:39) ~[nacos-client-2.0.4.jar:na]
	at com.alibaba.nacos.shaded.io.grpc.ForwardingClientCallListener.onClose(ForwardingClientCallListener.java:23) ~[nacos-client-2.0.4.jar:na]
	at com.alibaba.nacos.shaded.io.grpc.ForwardingClientCallListener$SimpleForwardingClientCallListener.onClose(ForwardingClientCallListener.java:40) ~[nacos-client-2.0.4.jar:na]
	at com.alibaba.nacos.shaded.io.grpc.internal.CensusStatsModule$StatsClientInterceptor$1$1.onClose(CensusStatsModule.java:700) ~[nacos-client-2.0.4.jar:na]
	at com.alibaba.nacos.shaded.io.grpc.PartialForwardingClientCallListener.onClose(PartialForwardingClientCallListener.java:39) ~[nacos-client-2.0.4.jar:na]
	at com.alibaba.nacos.shaded.io.grpc.ForwardingClientCallListener.onClose(ForwardingClientCallListener.java:23) ~[nacos-client-2.0.4.jar:na]
	at com.alibaba.nacos.shaded.io.grpc.ForwardingClientCallListener$SimpleForwardingClientCallListener.onClose(ForwardingClientCallListener.java:40) ~[nacos-client-2.0.4.jar:na]
	at com.alibaba.nacos.shaded.io.grpc.internal.CensusTracingModule$TracingClientInterceptor$1$1.onClose(CensusTracingModule.java:399) ~[nacos-client-2.0.4.jar:na]
	at com.alibaba.nacos.shaded.io.grpc.internal.ClientCallImpl.closeObserver(ClientCallImpl.java:510) ~[nacos-client-2.0.4.jar:na]
	at com.alibaba.nacos.shaded.io.grpc.internal.ClientCallImpl.access$300(ClientCallImpl.java:66) ~[nacos-client-2.0.4.jar:na]
	at com.alibaba.nacos.shaded.io.grpc.internal.ClientCallImpl$ClientStreamListenerImpl.close(ClientCallImpl.java:630) ~[nacos-client-2.0.4.jar:na]
	at com.alibaba.nacos.shaded.io.grpc.internal.ClientCallImpl$ClientStreamListenerImpl.access$700(ClientCallImpl.java:518) ~[nacos-client-2.0.4.jar:na]
	at com.alibaba.nacos.shaded.io.grpc.internal.ClientCallImpl$ClientStreamListenerImpl$1StreamClosed.runInternal(ClientCallImpl.java:692) ~[nacos-client-2.0.4.jar:na]
	at com.alibaba.nacos.shaded.io.grpc.internal.ClientCallImpl$ClientStreamListenerImpl$1StreamClosed.runInContext(ClientCallImpl.java:681) ~[nacos-client-2.0.4.jar:na]
	at com.alibaba.nacos.shaded.io.grpc.internal.ContextRunnable.run(ContextRunnable.java:37) ~[nacos-client-2.0.4.jar:na]
	at com.alibaba.nacos.shaded.io.grpc.internal.SerializingExecutor.run(SerializingExecutor.java:123) ~[nacos-client-2.0.4.jar:na]
	... 3 common frames omitted

01:06:18:341  INFO 55365 --- [com.alibaba.nacos.client.remote.worker] com.alibaba.nacos.common.remote.client   : [6da065a0-1373-47cb-aa70-6c7253297bd8] Fail to connect server, after trying 2 times, last try server is {serverIp = 'localhost', server main port = 8848}, error = unknown
01:06:18:649  INFO 55365 --- [main] com.hmall.item.IndexTest                 : Started IndexTest in 17.734 seconds (JVM running for 21.328)
01:06:18:666  INFO 55365 --- [main] c.a.c.n.refresh.NacosContextRefresher    : [Nacos Config] Listening config: dataId=item-service.yaml, group=DEFAULT_GROUP
01:06:18:699  INFO 55365 --- [main] c.a.c.n.refresh.NacosContextRefresher    : [Nacos Config] Listening config: dataId=item-service-local.yaml, group=DEFAULT_GROUP
01:06:18:699  INFO 55365 --- [main] c.a.c.n.refresh.NacosContextRefresher    : [Nacos Config] Listening config: dataId=item-service, group=DEFAULT_GROUP
01:06:18:715 ERROR 55365 --- [com.alibaba.nacos.client.remote.worker] c.a.n.c.remote.client.grpc.GrpcClient    : Server check fail, please check server localhost ,port 9848 is available , error ={}

java.util.concurrent.ExecutionException: com.alibaba.nacos.shaded.io.grpc.StatusRuntimeException: UNAVAILABLE: Network closed for unknown reason
	at com.alibaba.nacos.shaded.com.google.common.util.concurrent.AbstractFuture.getDoneValue(AbstractFuture.java:566) ~[nacos-client-2.0.4.jar:na]
	at com.alibaba.nacos.shaded.com.google.common.util.concurrent.AbstractFuture.get(AbstractFuture.java:445) ~[nacos-client-2.0.4.jar:na]
	at com.alibaba.nacos.common.remote.client.grpc.GrpcClient.serverCheck(GrpcClient.java:148) ~[nacos-client-2.0.4.jar:na]
	at com.alibaba.nacos.common.remote.client.grpc.GrpcClient.connectToServer(GrpcClient.java:264) ~[nacos-client-2.0.4.jar:na]
	at com.alibaba.nacos.common.remote.client.RpcClient.reconnect(RpcClient.java:522) ~[nacos-client-2.0.4.jar:na]
	at com.alibaba.nacos.common.remote.client.RpcClient.lambda$start$2(RpcClient.java:370) ~[nacos-client-2.0.4.jar:na]
	at java.base/java.util.concurrent.Executors$RunnableAdapter.call(Executors.java:515) ~[na:na]
	at java.base/java.util.concurrent.FutureTask.run$$$capture(FutureTask.java:264) ~[na:na]
	at java.base/java.util.concurrent.FutureTask.run(FutureTask.java) ~[na:na]
	at java.base/java.util.concurrent.ScheduledThreadPoolExecutor$ScheduledFutureTask.run(ScheduledThreadPoolExecutor.java:304) ~[na:na]
	at java.base/java.util.concurrent.ThreadPoolExecutor.runWorker(ThreadPoolExecutor.java:1128) ~[na:na]
	at java.base/java.util.concurrent.ThreadPoolExecutor$Worker.run(ThreadPoolExecutor.java:628) ~[na:na]
	at java.base/java.lang.Thread.run(Thread.java:829) ~[na:na]
Caused by: com.alibaba.nacos.shaded.io.grpc.StatusRuntimeException: UNAVAILABLE: Network closed for unknown reason
	at com.alibaba.nacos.shaded.io.grpc.Status.asRuntimeException(Status.java:533) ~[nacos-client-2.0.4.jar:na]
	at com.alibaba.nacos.shaded.io.grpc.stub.ClientCalls$UnaryStreamToFuture.onClose(ClientCalls.java:490) ~[nacos-client-2.0.4.jar:na]
	at com.alibaba.nacos.shaded.io.grpc.PartialForwardingClientCallListener.onClose(PartialForwardingClientCallListener.java:39) ~[nacos-client-2.0.4.jar:na]
	at com.alibaba.nacos.shaded.io.grpc.ForwardingClientCallListener.onClose(ForwardingClientCallListener.java:23) ~[nacos-client-2.0.4.jar:na]
	at com.alibaba.nacos.shaded.io.grpc.ForwardingClientCallListener$SimpleForwardingClientCallListener.onClose(ForwardingClientCallListener.java:40) ~[nacos-client-2.0.4.jar:na]
	at com.alibaba.nacos.shaded.io.grpc.internal.CensusStatsModule$StatsClientInterceptor$1$1.onClose(CensusStatsModule.java:700) ~[nacos-client-2.0.4.jar:na]
	at com.alibaba.nacos.shaded.io.grpc.PartialForwardingClientCallListener.onClose(PartialForwardingClientCallListener.java:39) ~[nacos-client-2.0.4.jar:na]
	at com.alibaba.nacos.shaded.io.grpc.ForwardingClientCallListener.onClose(ForwardingClientCallListener.java:23) ~[nacos-client-2.0.4.jar:na]
	at com.alibaba.nacos.shaded.io.grpc.ForwardingClientCallListener$SimpleForwardingClientCallListener.onClose(ForwardingClientCallListener.java:40) ~[nacos-client-2.0.4.jar:na]
	at com.alibaba.nacos.shaded.io.grpc.internal.CensusTracingModule$TracingClientInterceptor$1$1.onClose(CensusTracingModule.java:399) ~[nacos-client-2.0.4.jar:na]
	at com.alibaba.nacos.shaded.io.grpc.internal.ClientCallImpl.closeObserver(ClientCallImpl.java:510) ~[nacos-client-2.0.4.jar:na]
	at com.alibaba.nacos.shaded.io.grpc.internal.ClientCallImpl.access$300(ClientCallImpl.java:66) ~[nacos-client-2.0.4.jar:na]
	at com.alibaba.nacos.shaded.io.grpc.internal.ClientCallImpl$ClientStreamListenerImpl.close(ClientCallImpl.java:630) ~[nacos-client-2.0.4.jar:na]
	at com.alibaba.nacos.shaded.io.grpc.internal.ClientCallImpl$ClientStreamListenerImpl.access$700(ClientCallImpl.java:518) ~[nacos-client-2.0.4.jar:na]
	at com.alibaba.nacos.shaded.io.grpc.internal.ClientCallImpl$ClientStreamListenerImpl$1StreamClosed.runInternal(ClientCallImpl.java:692) ~[nacos-client-2.0.4.jar:na]
	at com.alibaba.nacos.shaded.io.grpc.internal.ClientCallImpl$ClientStreamListenerImpl$1StreamClosed.runInContext(ClientCallImpl.java:681) ~[nacos-client-2.0.4.jar:na]
	at com.alibaba.nacos.shaded.io.grpc.internal.ContextRunnable.run(ContextRunnable.java:37) ~[nacos-client-2.0.4.jar:na]
	at com.alibaba.nacos.shaded.io.grpc.internal.SerializingExecutor.run(SerializingExecutor.java:123) ~[nacos-client-2.0.4.jar:na]
	... 3 common frames omitted

01:06:18:716  INFO 55365 --- [com.alibaba.nacos.client.remote.worker] com.alibaba.nacos.common.remote.client   : [6da065a0-1373-47cb-aa70-6c7253297bd8] Fail to connect server, after trying 3 times, last try server is {serverIp = 'localhost', server main port = 8848}, error = unknown
01:06:18:807 ERROR 55365 --- [com.alibaba.nacos.client.Worker] com.alibaba.nacos.common.remote.client   : Send request fail, request = ConfigBatchListenRequest{headers={charset=UTF-8, Client-AppName=unknown, Client-RequestToken=77d240b55c6980a87fe7149852235c00, Client-RequestTS=1785085578686, exConfigInfo=true, Timestamp=1785085578699}, requestId='null'}, retryTimes = 0, errorMessage = Client not connected, current status:STARTING
01:06:18:910 ERROR 55365 --- [com.alibaba.nacos.client.Worker] com.alibaba.nacos.common.remote.client   : Send request fail, request = ConfigBatchListenRequest{headers={charset=UTF-8, Client-AppName=unknown, Client-RequestToken=77d240b55c6980a87fe7149852235c00, Client-RequestTS=1785085578686, exConfigInfo=true, Timestamp=1785085578699}, requestId='null'}, retryTimes = 1, errorMessage = Client not connected, current status:STARTING
01:06:18:978 ERROR 55365 --- [com.alibaba.nacos.client.remote.worker] c.a.n.c.remote.client.grpc.GrpcClient    : Server check fail, please check server localhost ,port 9848 is available , error ={}

java.util.concurrent.ExecutionException: com.alibaba.nacos.shaded.io.grpc.StatusRuntimeException: UNAVAILABLE: Network closed for unknown reason
	at com.alibaba.nacos.shaded.com.google.common.util.concurrent.AbstractFuture.getDoneValue(AbstractFuture.java:566) ~[nacos-client-2.0.4.jar:na]
	at com.alibaba.nacos.shaded.com.google.common.util.concurrent.AbstractFuture.get(AbstractFuture.java:445) ~[nacos-client-2.0.4.jar:na]
	at com.alibaba.nacos.common.remote.client.grpc.GrpcClient.serverCheck(GrpcClient.java:148) ~[nacos-client-2.0.4.jar:na]
	at com.alibaba.nacos.common.remote.client.grpc.GrpcClient.connectToServer(GrpcClient.java:264) ~[nacos-client-2.0.4.jar:na]
	at com.alibaba.nacos.common.remote.client.RpcClient.reconnect(RpcClient.java:522) ~[nacos-client-2.0.4.jar:na]
	at com.alibaba.nacos.common.remote.client.RpcClient.lambda$start$2(RpcClient.java:370) ~[nacos-client-2.0.4.jar:na]
	at java.base/java.util.concurrent.Executors$RunnableAdapter.call(Executors.java:515) ~[na:na]
	at java.base/java.util.concurrent.FutureTask.run$$$capture(FutureTask.java:264) ~[na:na]
	at java.base/java.util.concurrent.FutureTask.run(FutureTask.java) ~[na:na]
	at java.base/java.util.concurrent.ScheduledThreadPoolExecutor$ScheduledFutureTask.run(ScheduledThreadPoolExecutor.java:304) ~[na:na]
	at java.base/java.util.concurrent.ThreadPoolExecutor.runWorker(ThreadPoolExecutor.java:1128) ~[na:na]
	at java.base/java.util.concurrent.ThreadPoolExecutor$Worker.run(ThreadPoolExecutor.java:628) ~[na:na]
	at java.base/java.lang.Thread.run(Thread.java:829) ~[na:na]
Caused by: com.alibaba.nacos.shaded.io.grpc.StatusRuntimeException: UNAVAILABLE: Network closed for unknown reason
	at com.alibaba.nacos.shaded.io.grpc.Status.asRuntimeException(Status.java:533) ~[nacos-client-2.0.4.jar:na]
	at com.alibaba.nacos.shaded.io.grpc.stub.ClientCalls$UnaryStreamToFuture.onClose(ClientCalls.java:490) ~[nacos-client-2.0.4.jar:na]
	at com.alibaba.nacos.shaded.io.grpc.PartialForwardingClientCallListener.onClose(PartialForwardingClientCallListener.java:39) ~[nacos-client-2.0.4.jar:na]
	at com.alibaba.nacos.shaded.io.grpc.ForwardingClientCallListener.onClose(ForwardingClientCallListener.java:23) ~[nacos-client-2.0.4.jar:na]
	at com.alibaba.nacos.shaded.io.grpc.ForwardingClientCallListener$SimpleForwardingClientCallListener.onClose(ForwardingClientCallListener.java:40) ~[nacos-client-2.0.4.jar:na]
	at com.alibaba.nacos.shaded.io.grpc.internal.CensusStatsModule$StatsClientInterceptor$1$1.onClose(CensusStatsModule.java:700) ~[nacos-client-2.0.4.jar:na]
	at com.alibaba.nacos.shaded.io.grpc.PartialForwardingClientCallListener.onClose(PartialForwardingClientCallListener.java:39) ~[nacos-client-2.0.4.jar:na]
	at com.alibaba.nacos.shaded.io.grpc.ForwardingClientCallListener.onClose(ForwardingClientCallListener.java:23) ~[nacos-client-2.0.4.jar:na]
	at com.alibaba.nacos.shaded.io.grpc.ForwardingClientCallListener$SimpleForwardingClientCallListener.onClose(ForwardingClientCallListener.java:40) ~[nacos-client-2.0.4.jar:na]
	at com.alibaba.nacos.shaded.io.grpc.internal.CensusTracingModule$TracingClientInterceptor$1$1.onClose(CensusTracingModule.java:399) ~[nacos-client-2.0.4.jar:na]
	at com.alibaba.nacos.shaded.io.grpc.internal.ClientCallImpl.closeObserver(ClientCallImpl.java:510) ~[nacos-client-2.0.4.jar:na]
	at com.alibaba.nacos.shaded.io.grpc.internal.ClientCallImpl.access$300(ClientCallImpl.java:66) ~[nacos-client-2.0.4.jar:na]
	at com.alibaba.nacos.shaded.io.grpc.internal.ClientCallImpl$ClientStreamListenerImpl.close(ClientCallImpl.java:630) ~[nacos-client-2.0.4.jar:na]
	at com.alibaba.nacos.shaded.io.grpc.internal.ClientCallImpl$ClientStreamListenerImpl.access$700(ClientCallImpl.java:518) ~[nacos-client-2.0.4.jar:na]
	at com.alibaba.nacos.shaded.io.grpc.internal.ClientCallImpl$ClientStreamListenerImpl$1StreamClosed.runInternal(ClientCallImpl.java:692) ~[nacos-client-2.0.4.jar:na]
	at com.alibaba.nacos.shaded.io.grpc.internal.ClientCallImpl$ClientStreamListenerImpl$1StreamClosed.runInContext(ClientCallImpl.java:681) ~[nacos-client-2.0.4.jar:na]
	at com.alibaba.nacos.shaded.io.grpc.internal.ContextRunnable.run(ContextRunnable.java:37) ~[nacos-client-2.0.4.jar:na]
	at com.alibaba.nacos.shaded.io.grpc.internal.SerializingExecutor.run(SerializingExecutor.java:123) ~[nacos-client-2.0.4.jar:na]
	... 3 common frames omitted

01:06:18:979  INFO 55365 --- [com.alibaba.nacos.client.remote.worker] com.alibaba.nacos.common.remote.client   : [b2e137e6-fbd1-4ba5-8681-3799b1bf29ff_config-0] Fail to connect server, after trying 14 times, last try server is {serverIp = 'localhost', server main port = 8848}, error = unknown
01:06:18:982 ERROR 55365 --- [com.alibaba.nacos.client.naming.updater.0] com.alibaba.nacos.common.remote.client   : Send request fail, request = ServiceQueryRequest{headers={app=unknown}, requestId='null'}, retryTimes = 0, errorMessage = Client not connected, current status:STARTING
01:06:19:015 ERROR 55365 --- [com.alibaba.nacos.client.Worker] com.alibaba.nacos.common.remote.client   : Send request fail, request = ConfigBatchListenRequest{headers={charset=UTF-8, Client-AppName=unknown, Client-RequestToken=77d240b55c6980a87fe7149852235c00, Client-RequestTS=1785085578686, exConfigInfo=true, Timestamp=1785085578699}, requestId='null'}, retryTimes = 2, errorMessage = Client not connected, current status:STARTING
01:06:19:091 ERROR 55365 --- [com.alibaba.nacos.client.naming.updater.0] com.alibaba.nacos.common.remote.client   : Send request fail, request = ServiceQueryRequest{headers={app=unknown}, requestId='null'}, retryTimes = 1, errorMessage = Client not connected, current status:STARTING
01:06:19:197 ERROR 55365 --- [com.alibaba.nacos.client.naming.updater.0] com.alibaba.nacos.common.remote.client   : Send request fail, request = ServiceQueryRequest{headers={app=unknown}, requestId='null'}, retryTimes = 2, errorMessage = Client not connected, current status:STARTING
01:06:19:236 ERROR 55365 --- [com.alibaba.nacos.client.remote.worker] c.a.n.c.remote.client.grpc.GrpcClient    : Server check fail, please check server localhost ,port 9848 is available , error ={}

java.util.concurrent.ExecutionException: com.alibaba.nacos.shaded.io.grpc.StatusRuntimeException: UNAVAILABLE: Network closed for unknown reason
	at com.alibaba.nacos.shaded.com.google.common.util.concurrent.AbstractFuture.getDoneValue(AbstractFuture.java:566) ~[nacos-client-2.0.4.jar:na]
	at com.alibaba.nacos.shaded.com.google.common.util.concurrent.AbstractFuture.get(AbstractFuture.java:445) ~[nacos-client-2.0.4.jar:na]
	at com.alibaba.nacos.common.remote.client.grpc.GrpcClient.serverCheck(GrpcClient.java:148) ~[nacos-client-2.0.4.jar:na]
	at com.alibaba.nacos.common.remote.client.grpc.GrpcClient.connectToServer(GrpcClient.java:264) ~[nacos-client-2.0.4.jar:na]
	at com.alibaba.nacos.common.remote.client.RpcClient.reconnect(RpcClient.java:522) ~[nacos-client-2.0.4.jar:na]
	at com.alibaba.nacos.common.remote.client.RpcClient.lambda$start$2(RpcClient.java:370) ~[nacos-client-2.0.4.jar:na]
	at java.base/java.util.concurrent.Executors$RunnableAdapter.call(Executors.java:515) ~[na:na]
	at java.base/java.util.concurrent.FutureTask.run$$$capture(FutureTask.java:264) ~[na:na]
	at java.base/java.util.concurrent.FutureTask.run(FutureTask.java) ~[na:na]
	at java.base/java.util.concurrent.ScheduledThreadPoolExecutor$ScheduledFutureTask.run(ScheduledThreadPoolExecutor.java:304) ~[na:na]
	at java.base/java.util.concurrent.ThreadPoolExecutor.runWorker(ThreadPoolExecutor.java:1128) ~[na:na]
	at java.base/java.util.concurrent.ThreadPoolExecutor$Worker.run(ThreadPoolExecutor.java:628) ~[na:na]
	at java.base/java.lang.Thread.run(Thread.java:829) ~[na:na]
Caused by: com.alibaba.nacos.shaded.io.grpc.StatusRuntimeException: UNAVAILABLE: Network closed for unknown reason
	at com.alibaba.nacos.shaded.io.grpc.Status.asRuntimeException(Status.java:533) ~[nacos-client-2.0.4.jar:na]
	at com.alibaba.nacos.shaded.io.grpc.stub.ClientCalls$UnaryStreamToFuture.onClose(ClientCalls.java:490) ~[nacos-client-2.0.4.jar:na]
	at com.alibaba.nacos.shaded.io.grpc.PartialForwardingClientCallListener.onClose(PartialForwardingClientCallListener.java:39) ~[nacos-client-2.0.4.jar:na]
	at com.alibaba.nacos.shaded.io.grpc.ForwardingClientCallListener.onClose(ForwardingClientCallListener.java:23) ~[nacos-client-2.0.4.jar:na]
	at com.alibaba.nacos.shaded.io.grpc.ForwardingClientCallListener$SimpleForwardingClientCallListener.onClose(ForwardingClientCallListener.java:40) ~[nacos-client-2.0.4.jar:na]
	at com.alibaba.nacos.shaded.io.grpc.internal.CensusStatsModule$StatsClientInterceptor$1$1.onClose(CensusStatsModule.java:700) ~[nacos-client-2.0.4.jar:na]
	at com.alibaba.nacos.shaded.io.grpc.PartialForwardingClientCallListener.onClose(PartialForwardingClientCallListener.java:39) ~[nacos-client-2.0.4.jar:na]
	at com.alibaba.nacos.shaded.io.grpc.ForwardingClientCallListener.onClose(ForwardingClientCallListener.java:23) ~[nacos-client-2.0.4.jar:na]
	at com.alibaba.nacos.shaded.io.grpc.ForwardingClientCallListener$SimpleForwardingClientCallListener.onClose(ForwardingClientCallListener.java:40) ~[nacos-client-2.0.4.jar:na]
	at com.alibaba.nacos.shaded.io.grpc.internal.CensusTracingModule$TracingClientInterceptor$1$1.onClose(CensusTracingModule.java:399) ~[nacos-client-2.0.4.jar:na]
	at com.alibaba.nacos.shaded.io.grpc.internal.ClientCallImpl.closeObserver(ClientCallImpl.java:510) ~[nacos-client-2.0.4.jar:na]
	at com.alibaba.nacos.shaded.io.grpc.internal.ClientCallImpl.access$300(ClientCallImpl.java:66) ~[nacos-client-2.0.4.jar:na]
	at com.alibaba.nacos.shaded.io.grpc.internal.ClientCallImpl$ClientStreamListenerImpl.close(ClientCallImpl.java:630) ~[nacos-client-2.0.4.jar:na]
	at com.alibaba.nacos.shaded.io.grpc.internal.ClientCallImpl$ClientStreamListenerImpl.access$700(ClientCallImpl.java:518) ~[nacos-client-2.0.4.jar:na]
	at com.alibaba.nacos.shaded.io.grpc.internal.ClientCallImpl$ClientStreamListenerImpl$1StreamClosed.runInternal(ClientCallImpl.java:692) ~[nacos-client-2.0.4.jar:na]
	at com.alibaba.nacos.shaded.io.grpc.internal.ClientCallImpl$ClientStreamListenerImpl$1StreamClosed.runInContext(ClientCallImpl.java:681) ~[nacos-client-2.0.4.jar:na]
	at com.alibaba.nacos.shaded.io.grpc.internal.ContextRunnable.run(ContextRunnable.java:37) ~[nacos-client-2.0.4.jar:na]
	at com.alibaba.nacos.shaded.io.grpc.internal.SerializingExecutor.run(SerializingExecutor.java:123) ~[nacos-client-2.0.4.jar:na]
	... 3 common frames omitted

01:06:19:353 ERROR 55365 --- [com.alibaba.nacos.client.Worker] com.alibaba.nacos.common.remote.client   : Send request fail, request = ConfigBatchListenRequest{headers={charset=UTF-8, Client-AppName=unknown, Client-RequestToken=c7198e8bba309ebf246819cb69bccea8, Client-RequestTS=1785085579147, exConfigInfo=true, Timestamp=1785085579148}, requestId='null'}, retryTimes = 0, errorMessage = Client not connected, current status:STARTING
01:06:19:365  INFO 55365 --- [com.alibaba.nacos.client.remote.worker] com.alibaba.nacos.common.remote.client   : [6da065a0-1373-47cb-aa70-6c7253297bd8] Fail to connect server, after trying 4 times, last try server is {serverIp = 'localhost', server main port = 8848}, error = unknown
01:06:19:458 ERROR 55365 --- [com.alibaba.nacos.client.Worker] com.alibaba.nacos.common.remote.client   : Send request fail, request = ConfigBatchListenRequest{headers={charset=UTF-8, Client-AppName=unknown, Client-RequestToken=c7198e8bba309ebf246819cb69bccea8, Client-RequestTS=1785085579147, exConfigInfo=true, Timestamp=1785085579148}, requestId='null'}, retryTimes = 1, errorMessage = Client not connected, current status:STARTING
01:06:19:564 ERROR 55365 --- [com.alibaba.nacos.client.Worker] com.alibaba.nacos.common.remote.client   : Send request fail, request = ConfigBatchListenRequest{headers={charset=UTF-8, Client-AppName=unknown, Client-RequestToken=c7198e8bba309ebf246819cb69bccea8, Client-RequestTS=1785085579147, exConfigInfo=true, Timestamp=1785085579148}, requestId='null'}, retryTimes = 2, errorMessage = Client not connected, current status:STARTING
01:06:19:721  WARN 55365 --- [Thread-5] c.a.nacos.common.notify.NotifyCenter     : [NotifyCenter] Start destroying Publisher
01:06:19:721  WARN 55365 --- [Thread-5] c.a.nacos.common.notify.NotifyCenter     : [NotifyCenter] Destruction of the end
01:06:19:724  WARN 55365 --- [Thread-1] c.a.n.common.http.HttpClientBeanHolder   : [HttpClientBeanHolder] Start destroying common HttpClient
01:06:19:726  WARN 55365 --- [Thread-1] c.a.n.common.http.HttpClientBeanHolder   : [HttpClientBeanHolder] Destruction of the end
01:06:19:846 ERROR 55365 --- [SpringApplicationShutdownHook] com.alibaba.nacos.common.remote.client   : Send request fail, request = SubscribeServiceRequest{headers={app=unknown}, requestId='null'}, retryTimes = 0, errorMessage = Client not connected, current status:STARTING
01:06:19:891 ERROR 55365 --- [com.alibaba.nacos.client.remote.worker] c.a.n.c.remote.client.grpc.GrpcClient    : Server check fail, please check server localhost ,port 9848 is available , error ={}

java.util.concurrent.ExecutionException: com.alibaba.nacos.shaded.io.grpc.StatusRuntimeException: UNAVAILABLE: Network closed for unknown reason
	at com.alibaba.nacos.shaded.com.google.common.util.concurrent.AbstractFuture.getDoneValue(AbstractFuture.java:566) ~[nacos-client-2.0.4.jar:na]
	at com.alibaba.nacos.shaded.com.google.common.util.concurrent.AbstractFuture.get(AbstractFuture.java:445) ~[nacos-client-2.0.4.jar:na]
	at com.alibaba.nacos.common.remote.client.grpc.GrpcClient.serverCheck(GrpcClient.java:148) ~[nacos-client-2.0.4.jar:na]
	at com.alibaba.nacos.common.remote.client.grpc.GrpcClient.connectToServer(GrpcClient.java:264) ~[nacos-client-2.0.4.jar:na]
	at com.alibaba.nacos.common.remote.client.RpcClient.reconnect(RpcClient.java:522) ~[nacos-client-2.0.4.jar:na]
	at com.alibaba.nacos.common.remote.client.RpcClient.lambda$start$2(RpcClient.java:370) ~[nacos-client-2.0.4.jar:na]
	at java.base/java.util.concurrent.Executors$RunnableAdapter.call(Executors.java:515) ~[na:na]
	at java.base/java.util.concurrent.FutureTask.run$$$capture(FutureTask.java:264) ~[na:na]
	at java.base/java.util.concurrent.FutureTask.run(FutureTask.java) ~[na:na]
	at java.base/java.util.concurrent.ScheduledThreadPoolExecutor$ScheduledFutureTask.run(ScheduledThreadPoolExecutor.java:304) ~[na:na]
	at java.base/java.util.concurrent.ThreadPoolExecutor.runWorker(ThreadPoolExecutor.java:1128) ~[na:na]
	at java.base/java.util.concurrent.ThreadPoolExecutor$Worker.run(ThreadPoolExecutor.java:628) ~[na:na]
	at java.base/java.lang.Thread.run(Thread.java:829) ~[na:na]
Caused by: com.alibaba.nacos.shaded.io.grpc.StatusRuntimeException: UNAVAILABLE: Network closed for unknown reason
	at com.alibaba.nacos.shaded.io.grpc.Status.asRuntimeException(Status.java:533) ~[nacos-client-2.0.4.jar:na]
	at com.alibaba.nacos.shaded.io.grpc.stub.ClientCalls$UnaryStreamToFuture.onClose(ClientCalls.java:490) ~[nacos-client-2.0.4.jar:na]
	at com.alibaba.nacos.shaded.io.grpc.PartialForwardingClientCallListener.onClose(PartialForwardingClientCallListener.java:39) ~[nacos-client-2.0.4.jar:na]
	at com.alibaba.nacos.shaded.io.grpc.ForwardingClientCallListener.onClose(ForwardingClientCallListener.java:23) ~[nacos-client-2.0.4.jar:na]
	at com.alibaba.nacos.shaded.io.grpc.ForwardingClientCallListener$SimpleForwardingClientCallListener.onClose(ForwardingClientCallListener.java:40) ~[nacos-client-2.0.4.jar:na]
	at com.alibaba.nacos.shaded.io.grpc.internal.CensusStatsModule$StatsClientInterceptor$1$1.onClose(CensusStatsModule.java:700) ~[nacos-client-2.0.4.jar:na]
	at com.alibaba.nacos.shaded.io.grpc.PartialForwardingClientCallListener.onClose(PartialForwardingClientCallListener.java:39) ~[nacos-client-2.0.4.jar:na]
	at com.alibaba.nacos.shaded.io.grpc.ForwardingClientCallListener.onClose(ForwardingClientCallListener.java:23) ~[nacos-client-2.0.4.jar:na]
	at com.alibaba.nacos.shaded.io.grpc.ForwardingClientCallListener$SimpleForwardingClientCallListener.onClose(ForwardingClientCallListener.java:40) ~[nacos-client-2.0.4.jar:na]
	at com.alibaba.nacos.shaded.io.grpc.internal.CensusTracingModule$TracingClientInterceptor$1$1.onClose(CensusTracingModule.java:399) ~[nacos-client-2.0.4.jar:na]
	at com.alibaba.nacos.shaded.io.grpc.internal.ClientCallImpl.closeObserver(ClientCallImpl.java:510) ~[nacos-client-2.0.4.jar:na]
	at com.alibaba.nacos.shaded.io.grpc.internal.ClientCallImpl.access$300(ClientCallImpl.java:66) ~[nacos-client-2.0.4.jar:na]
	at com.alibaba.nacos.shaded.io.grpc.internal.ClientCallImpl$ClientStreamListenerImpl.close(ClientCallImpl.java:630) ~[nacos-client-2.0.4.jar:na]
	at com.alibaba.nacos.shaded.io.grpc.internal.ClientCallImpl$ClientStreamListenerImpl.access$700(ClientCallImpl.java:518) ~[nacos-client-2.0.4.jar:na]
	at com.alibaba.nacos.shaded.io.grpc.internal.ClientCallImpl$ClientStreamListenerImpl$1StreamClosed.runInternal(ClientCallImpl.java:692) ~[nacos-client-2.0.4.jar:na]
	at com.alibaba.nacos.shaded.io.grpc.internal.ClientCallImpl$ClientStreamListenerImpl$1StreamClosed.runInContext(ClientCallImpl.java:681) ~[nacos-client-2.0.4.jar:na]
	at com.alibaba.nacos.shaded.io.grpc.internal.ContextRunnable.run(ContextRunnable.java:37) ~[nacos-client-2.0.4.jar:na]
	at com.alibaba.nacos.shaded.io.grpc.internal.SerializingExecutor.run(SerializingExecutor.java:123) ~[nacos-client-2.0.4.jar:na]
	... 3 common frames omitted

01:06:19:895  INFO 55365 --- [com.alibaba.nacos.client.remote.worker] com.alibaba.nacos.common.remote.client   : [6da065a0-1373-47cb-aa70-6c7253297bd8] Fail to connect server, after trying 5 times, last try server is {serverIp = 'localhost', server main port = 8848}, error = unknown
01:06:19:951 ERROR 55365 --- [SpringApplicationShutdownHook] com.alibaba.nacos.common.remote.client   : Send request fail, request = SubscribeServiceRequest{headers={app=unknown}, requestId='null'}, retryTimes = 1, errorMessage = Client not connected, current status:STARTING
01:06:20:053 ERROR 55365 --- [SpringApplicationShutdownHook] com.alibaba.nacos.common.remote.client   : Send request fail, request = SubscribeServiceRequest{headers={app=unknown}, requestId='null'}, retryTimes = 2, errorMessage = Client not connected, current status:STARTING
01:06:20:053 ERROR 55365 --- [SpringApplicationShutdownHook] c.a.cloud.nacos.discovery.NacosWatch     : namingService unsubscribe failed, properties:NacosDiscoveryProperties{serverAddr='localhost:8848', username='', password='', endpoint='', namespace='', watchDelay=30000, logName='', service='item-service', weight=1.0, clusterName='DEFAULT', group='DEFAULT_GROUP', namingLoadCacheAtStart='false', metadata={preserved.register.source=SPRING_CLOUD}, registerEnabled=true, ip='172.30.193.44', networkInterface='', port=-1, secure=false, accessKey='', secretKey='', heartBeatInterval=null, heartBeatTimeout=null, ipDeleteTimeout=null, instanceEnabled=true, ephemeral=true, failureToleranceEnabled=false}, ipDeleteTimeout=null, failFast=true}

com.alibaba.nacos.api.exception.NacosException: Request nacos server failed: 
	at com.alibaba.nacos.client.naming.remote.gprc.NamingGrpcClientProxy.requestToServer(NamingGrpcClientProxy.java:290) ~[nacos-client-2.0.4.jar:na]
	at com.alibaba.nacos.client.naming.remote.gprc.NamingGrpcClientProxy.doUnsubscribe(NamingGrpcClientProxy.java:260) ~[nacos-client-2.0.4.jar:na]
	at com.alibaba.nacos.client.naming.remote.gprc.NamingGrpcClientProxy.unsubscribe(NamingGrpcClientProxy.java:241) ~[nacos-client-2.0.4.jar:na]
	at com.alibaba.nacos.client.naming.remote.NamingClientProxyDelegate.unsubscribe(NamingClientProxyDelegate.java:157) ~[nacos-client-2.0.4.jar:na]
	at com.alibaba.nacos.client.naming.NacosNamingService.unsubscribe(NacosNamingService.java:417) ~[nacos-client-2.0.4.jar:na]
	at com.alibaba.cloud.nacos.discovery.NacosWatch.stop(NacosWatch.java:174) ~[spring-cloud-starter-alibaba-nacos-discovery-2021.0.4.0.jar:2021.0.4.0]
	at com.alibaba.cloud.nacos.discovery.NacosWatch.stop(NacosWatch.java:107) ~[spring-cloud-starter-alibaba-nacos-discovery-2021.0.4.0.jar:2021.0.4.0]
	at org.springframework.context.support.DefaultLifecycleProcessor.doStop(DefaultLifecycleProcessor.java:234) ~[spring-context-5.3.27.jar:5.3.27]
	at org.springframework.context.support.DefaultLifecycleProcessor.access$300(DefaultLifecycleProcessor.java:54) ~[spring-context-5.3.27.jar:5.3.27]
	at org.springframework.context.support.DefaultLifecycleProcessor$LifecycleGroup.stop(DefaultLifecycleProcessor.java:373) ~[spring-context-5.3.27.jar:5.3.27]
	at org.springframework.context.support.DefaultLifecycleProcessor.stopBeans(DefaultLifecycleProcessor.java:206) ~[spring-context-5.3.27.jar:5.3.27]
	at org.springframework.context.support.DefaultLifecycleProcessor.onClose(DefaultLifecycleProcessor.java:129) ~[spring-context-5.3.27.jar:5.3.27]
	at org.springframework.context.support.AbstractApplicationContext.doClose(AbstractApplicationContext.java:1069) ~[spring-context-5.3.27.jar:5.3.27]
	at org.springframework.context.support.AbstractApplicationContext.close(AbstractApplicationContext.java:1023) ~[spring-context-5.3.27.jar:5.3.27]
	at org.springframework.boot.SpringApplicationShutdownHook.closeAndWait(SpringApplicationShutdownHook.java:145) ~[spring-boot-2.7.12.jar:2.7.12]
	at java.base/java.lang.Iterable.forEach(Iterable.java:75) ~[na:na]
	at org.springframework.boot.SpringApplicationShutdownHook.run(SpringApplicationShutdownHook.java:114) ~[spring-boot-2.7.12.jar:2.7.12]
	at java.base/java.lang.Thread.run(Thread.java:829) ~[na:na]
Caused by: com.alibaba.nacos.api.exception.NacosException: Client not connected, current status:STARTING
	at com.alibaba.nacos.common.remote.client.RpcClient.request(RpcClient.java:650) ~[nacos-client-2.0.4.jar:na]
	at com.alibaba.nacos.common.remote.client.RpcClient.request(RpcClient.java:630) ~[nacos-client-2.0.4.jar:na]
	at com.alibaba.nacos.client.naming.remote.gprc.NamingGrpcClientProxy.requestToServer(NamingGrpcClientProxy.java:280) ~[nacos-client-2.0.4.jar:na]
	... 17 common frames omitted

01:06:20:561 ERROR 55365 --- [com.alibaba.nacos.client.remote.worker] c.a.n.c.remote.client.grpc.GrpcClient    : Server check fail, please check server localhost ,port 9848 is available , error ={}

java.util.concurrent.ExecutionException: com.alibaba.nacos.shaded.io.grpc.StatusRuntimeException: UNAVAILABLE: Network closed for unknown reason
	at com.alibaba.nacos.shaded.com.google.common.util.concurrent.AbstractFuture.getDoneValue(AbstractFuture.java:566) ~[nacos-client-2.0.4.jar:na]
	at com.alibaba.nacos.shaded.com.google.common.util.concurrent.AbstractFuture.get(AbstractFuture.java:445) ~[nacos-client-2.0.4.jar:na]
	at com.alibaba.nacos.common.remote.client.grpc.GrpcClient.serverCheck(GrpcClient.java:148) ~[nacos-client-2.0.4.jar:na]
	at com.alibaba.nacos.common.remote.client.grpc.GrpcClient.connectToServer(GrpcClient.java:264) ~[nacos-client-2.0.4.jar:na]
	at com.alibaba.nacos.common.remote.client.RpcClient.reconnect(RpcClient.java:522) ~[nacos-client-2.0.4.jar:na]
	at com.alibaba.nacos.common.remote.client.RpcClient.lambda$start$2(RpcClient.java:370) ~[nacos-client-2.0.4.jar:na]
	at java.base/java.util.concurrent.Executors$RunnableAdapter.call(Executors.java:515) ~[na:na]
	at java.base/java.util.concurrent.FutureTask.run$$$capture(FutureTask.java:264) ~[na:na]
	at java.base/java.util.concurrent.FutureTask.run(FutureTask.java) ~[na:na]
	at java.base/java.util.concurrent.ScheduledThreadPoolExecutor$ScheduledFutureTask.run(ScheduledThreadPoolExecutor.java:304) ~[na:na]
	at java.base/java.util.concurrent.ThreadPoolExecutor.runWorker(ThreadPoolExecutor.java:1128) ~[na:na]
	at java.base/java.util.concurrent.ThreadPoolExecutor$Worker.run(ThreadPoolExecutor.java:628) ~[na:na]
	at java.base/java.lang.Thread.run(Thread.java:829) ~[na:na]
Caused by: com.alibaba.nacos.shaded.io.grpc.StatusRuntimeException: UNAVAILABLE: Network closed for unknown reason
	at com.alibaba.nacos.shaded.io.grpc.Status.asRuntimeException(Status.java:533) ~[nacos-client-2.0.4.jar:na]
	at com.alibaba.nacos.shaded.io.grpc.stub.ClientCalls$UnaryStreamToFuture.onClose(ClientCalls.java:490) ~[nacos-client-2.0.4.jar:na]
	at com.alibaba.nacos.shaded.io.grpc.PartialForwardingClientCallListener.onClose(PartialForwardingClientCallListener.java:39) ~[nacos-client-2.0.4.jar:na]
	at com.alibaba.nacos.shaded.io.grpc.ForwardingClientCallListener.onClose(ForwardingClientCallListener.java:23) ~[nacos-client-2.0.4.jar:na]
	at com.alibaba.nacos.shaded.io.grpc.ForwardingClientCallListener$SimpleForwardingClientCallListener.onClose(ForwardingClientCallListener.java:40) ~[nacos-client-2.0.4.jar:na]
	at com.alibaba.nacos.shaded.io.grpc.internal.CensusStatsModule$StatsClientInterceptor$1$1.onClose(CensusStatsModule.java:700) ~[nacos-client-2.0.4.jar:na]
	at com.alibaba.nacos.shaded.io.grpc.PartialForwardingClientCallListener.onClose(PartialForwardingClientCallListener.java:39) ~[nacos-client-2.0.4.jar:na]
	at com.alibaba.nacos.shaded.io.grpc.ForwardingClientCallListener.onClose(ForwardingClientCallListener.java:23) ~[nacos-client-2.0.4.jar:na]
	at com.alibaba.nacos.shaded.io.grpc.ForwardingClientCallListener$SimpleForwardingClientCallListener.onClose(ForwardingClientCallListener.java:40) ~[nacos-client-2.0.4.jar:na]
	at com.alibaba.nacos.shaded.io.grpc.internal.CensusTracingModule$TracingClientInterceptor$1$1.onClose(CensusTracingModule.java:399) ~[nacos-client-2.0.4.jar:na]
	at com.alibaba.nacos.shaded.io.grpc.internal.ClientCallImpl.closeObserver(ClientCallImpl.java:510) ~[nacos-client-2.0.4.jar:na]
	at com.alibaba.nacos.shaded.io.grpc.internal.ClientCallImpl.access$300(ClientCallImpl.java:66) ~[nacos-client-2.0.4.jar:na]
	at com.alibaba.nacos.shaded.io.grpc.internal.ClientCallImpl$ClientStreamListenerImpl.close(ClientCallImpl.java:630) ~[nacos-client-2.0.4.jar:na]
	at com.alibaba.nacos.shaded.io.grpc.internal.ClientCallImpl$ClientStreamListenerImpl.access$700(ClientCallImpl.java:518) ~[nacos-client-2.0.4.jar:na]
	at com.alibaba.nacos.shaded.io.grpc.internal.ClientCallImpl$ClientStreamListenerImpl$1StreamClosed.runInternal(ClientCallImpl.java:692) ~[nacos-client-2.0.4.jar:na]
	at com.alibaba.nacos.shaded.io.grpc.internal.ClientCallImpl$ClientStreamListenerImpl$1StreamClosed.runInContext(ClientCallImpl.java:681) ~[nacos-client-2.0.4.jar:na]
	at com.alibaba.nacos.shaded.io.grpc.internal.ContextRunnable.run(ContextRunnable.java:37) ~[nacos-client-2.0.4.jar:na]
	at com.alibaba.nacos.shaded.io.grpc.internal.SerializingExecutor.run(SerializingExecutor.java:123) ~[nacos-client-2.0.4.jar:na]
	... 3 common frames omitted

01:06:20:562  INFO 55365 --- [com.alibaba.nacos.client.remote.worker] com.alibaba.nacos.common.remote.client   : [b2e137e6-fbd1-4ba5-8681-3799b1bf29ff_config-0] Fail to connect server, after trying 15 times, last try server is {serverIp = 'localhost', server main port = 8848}, error = unknown
01:06:20:565 ERROR 55365 --- [com.alibaba.nacos.client.remote.worker] c.a.n.c.remote.client.grpc.GrpcClient    : Server check fail, please check server localhost ,port 9848 is available , error ={}

java.util.concurrent.ExecutionException: com.alibaba.nacos.shaded.io.grpc.StatusRuntimeException: UNAVAILABLE: Network closed for unknown reason
	at com.alibaba.nacos.shaded.com.google.common.util.concurrent.AbstractFuture.getDoneValue(AbstractFuture.java:566) ~[nacos-client-2.0.4.jar:na]
	at com.alibaba.nacos.shaded.com.google.common.util.concurrent.AbstractFuture.get(AbstractFuture.java:445) ~[nacos-client-2.0.4.jar:na]
	at com.alibaba.nacos.common.remote.client.grpc.GrpcClient.serverCheck(GrpcClient.java:148) ~[nacos-client-2.0.4.jar:na]
	at com.alibaba.nacos.common.remote.client.grpc.GrpcClient.connectToServer(GrpcClient.java:264) ~[nacos-client-2.0.4.jar:na]
	at com.alibaba.nacos.common.remote.client.RpcClient.reconnect(RpcClient.java:522) ~[nacos-client-2.0.4.jar:na]
	at com.alibaba.nacos.common.remote.client.RpcClient.lambda$start$2(RpcClient.java:370) ~[nacos-client-2.0.4.jar:na]
	at java.base/java.util.concurrent.Executors$RunnableAdapter.call(Executors.java:515) ~[na:na]
	at java.base/java.util.concurrent.FutureTask.run$$$capture(FutureTask.java:264) ~[na:na]
	at java.base/java.util.concurrent.FutureTask.run(FutureTask.java) ~[na:na]
	at java.base/java.util.concurrent.ScheduledThreadPoolExecutor$ScheduledFutureTask.run(ScheduledThreadPoolExecutor.java:304) ~[na:na]
	at java.base/java.util.concurrent.ThreadPoolExecutor.runWorker(ThreadPoolExecutor.java:1128) ~[na:na]
	at java.base/java.util.concurrent.ThreadPoolExecutor$Worker.run(ThreadPoolExecutor.java:628) ~[na:na]
	at java.base/java.lang.Thread.run(Thread.java:829) ~[na:na]
Caused by: com.alibaba.nacos.shaded.io.grpc.StatusRuntimeException: UNAVAILABLE: Network closed for unknown reason
	at com.alibaba.nacos.shaded.io.grpc.Status.asRuntimeException(Status.java:533) ~[nacos-client-2.0.4.jar:na]
	at com.alibaba.nacos.shaded.io.grpc.stub.ClientCalls$UnaryStreamToFuture.onClose(ClientCalls.java:490) ~[nacos-client-2.0.4.jar:na]
	at com.alibaba.nacos.shaded.io.grpc.PartialForwardingClientCallListener.onClose(PartialForwardingClientCallListener.java:39) ~[nacos-client-2.0.4.jar:na]
	at com.alibaba.nacos.shaded.io.grpc.ForwardingClientCallListener.onClose(ForwardingClientCallListener.java:23) ~[nacos-client-2.0.4.jar:na]
	at com.alibaba.nacos.shaded.io.grpc.ForwardingClientCallListener$SimpleForwardingClientCallListener.onClose(ForwardingClientCallListener.java:40) ~[nacos-client-2.0.4.jar:na]
	at com.alibaba.nacos.shaded.io.grpc.internal.CensusStatsModule$StatsClientInterceptor$1$1.onClose(CensusStatsModule.java:700) ~[nacos-client-2.0.4.jar:na]
	at com.alibaba.nacos.shaded.io.grpc.PartialForwardingClientCallListener.onClose(PartialForwardingClientCallListener.java:39) ~[nacos-client-2.0.4.jar:na]
	at com.alibaba.nacos.shaded.io.grpc.ForwardingClientCallListener.onClose(ForwardingClientCallListener.java:23) ~[nacos-client-2.0.4.jar:na]
	at com.alibaba.nacos.shaded.io.grpc.ForwardingClientCallListener$SimpleForwardingClientCallListener.onClose(ForwardingClientCallListener.java:40) ~[nacos-client-2.0.4.jar:na]
	at com.alibaba.nacos.shaded.io.grpc.internal.CensusTracingModule$TracingClientInterceptor$1$1.onClose(CensusTracingModule.java:399) ~[nacos-client-2.0.4.jar:na]
	at com.alibaba.nacos.shaded.io.grpc.internal.ClientCallImpl.closeObserver(ClientCallImpl.java:510) ~[nacos-client-2.0.4.jar:na]
	at com.alibaba.nacos.shaded.io.grpc.internal.ClientCallImpl.access$300(ClientCallImpl.java:66) ~[nacos-client-2.0.4.jar:na]
	at com.alibaba.nacos.shaded.io.grpc.internal.ClientCallImpl$ClientStreamListenerImpl.close(ClientCallImpl.java:630) ~[nacos-client-2.0.4.jar:na]
	at com.alibaba.nacos.shaded.io.grpc.internal.ClientCallImpl$ClientStreamListenerImpl.access$700(ClientCallImpl.java:518) ~[nacos-client-2.0.4.jar:na]
	at com.alibaba.nacos.shaded.io.grpc.internal.ClientCallImpl$ClientStreamListenerImpl$1StreamClosed.runInternal(ClientCallImpl.java:692) ~[nacos-client-2.0.4.jar:na]
	at com.alibaba.nacos.shaded.io.grpc.internal.ClientCallImpl$ClientStreamListenerImpl$1StreamClosed.runInContext(ClientCallImpl.java:681) ~[nacos-client-2.0.4.jar:na]
	at com.alibaba.nacos.shaded.io.grpc.internal.ContextRunnable.run(ContextRunnable.java:37) ~[nacos-client-2.0.4.jar:na]
	at com.alibaba.nacos.shaded.io.grpc.internal.SerializingExecutor.run(SerializingExecutor.java:123) ~[nacos-client-2.0.4.jar:na]
	... 3 common frames omitted

01:06:20:566  INFO 55365 --- [com.alibaba.nacos.client.remote.worker] com.alibaba.nacos.common.remote.client   : [6da065a0-1373-47cb-aa70-6c7253297bd8] Fail to connect server, after trying 6 times, last try server is {serverIp = 'localhost', server main port = 8848}, error = unknown
01:06:20:677  INFO 55365 --- [SpringApplicationShutdownHook] com.alibaba.nacos.common.remote.client   : Shutdown rpc client, set status to shutdown
01:06:20:677  INFO 55365 --- [SpringApplicationShutdownHook] com.alibaba.nacos.common.remote.client   : Shutdown client event executor java.util.concurrent.ScheduledThreadPoolExecutor@5b8cbaa5[Running, pool size = 2, active threads = 2, queued tasks = 0, completed tasks = 0]
01:06:20:677  INFO 55365 --- [SpringApplicationShutdownHook] c.a.n.c.remote.client.grpc.GrpcClient    : Shutdown grpc executor java.util.concurrent.ThreadPoolExecutor@90e244a[Running, pool size = 20, active threads = 0, queued tasks = 0, completed tasks = 20]
01:06:20:682  INFO 55365 --- [com.alibaba.nacos.client.remote.worker] com.alibaba.nacos.common.remote.client   : [6da065a0-1373-47cb-aa70-6c7253297bd8] Client is shutdown, stop reconnect to server
09:57:22:588  INFO 88141 --- [main] com.hmall.item.IndexTest                 : The following 1 profile is active: "local"
09:57:23:395  INFO 88141 --- [main] o.s.cloud.context.scope.GenericScope     : BeanFactory id=073440be-6b34-3aa6-944e-08d7326818ff
09:57:25:902  INFO 88141 --- [main] o.s.cloud.commons.util.InetUtils         : Cannot determine local hostname
09:57:25:953  INFO 88141 --- [main] pertySourcedRequestMappingHandlerMapping : Mapped URL path [/v2/api-docs] onto method [springfox.documentation.swagger2.web.Swagger2ControllerWebMvc#getDocumentation(String, HttpServletRequest)]
09:57:26:811  INFO 88141 --- [main] com.alibaba.nacos.common.remote.client   : [RpcClientFactory] create a new rpc client of 2abe94e4-cefe-48d9-9ebb-f439b37e29fc
09:57:26:812  INFO 88141 --- [main] com.alibaba.nacos.common.remote.client   : [2abe94e4-cefe-48d9-9ebb-f439b37e29fc] RpcClient init label, labels = {module=naming, source=sdk}
09:57:26:813  INFO 88141 --- [main] com.alibaba.nacos.common.remote.client   : [2abe94e4-cefe-48d9-9ebb-f439b37e29fc] RpcClient init, ServerListFactory = com.alibaba.nacos.client.naming.core.ServerListManager
09:57:26:813  INFO 88141 --- [main] com.alibaba.nacos.common.remote.client   : [2abe94e4-cefe-48d9-9ebb-f439b37e29fc] Registry connection listener to current client:com.alibaba.nacos.client.naming.remote.gprc.redo.NamingGrpcRedoService
09:57:26:814  INFO 88141 --- [main] com.alibaba.nacos.common.remote.client   : [2abe94e4-cefe-48d9-9ebb-f439b37e29fc] Register server push request handler:com.alibaba.nacos.client.naming.remote.gprc.NamingPushRequestHandler
09:57:26:814  INFO 88141 --- [main] com.alibaba.nacos.common.remote.client   : [2abe94e4-cefe-48d9-9ebb-f439b37e29fc] Try to connect to server on start up, server: {serverIp = 'localhost', server main port = 8848}
09:57:27:135  INFO 88141 --- [main] com.alibaba.nacos.common.remote.client   : [2abe94e4-cefe-48d9-9ebb-f439b37e29fc] Success to connect to server [localhost:8848] on start up, connectionId = 1785117446962_192.168.65.1_51490
09:57:27:139  INFO 88141 --- [main] com.alibaba.nacos.common.remote.client   : [2abe94e4-cefe-48d9-9ebb-f439b37e29fc] Register server push request handler:com.alibaba.nacos.common.remote.client.RpcClient$ConnectResetRequestHandler
09:57:27:139  INFO 88141 --- [main] com.alibaba.nacos.common.remote.client   : [2abe94e4-cefe-48d9-9ebb-f439b37e29fc] Register server push request handler:com.alibaba.nacos.common.remote.client.RpcClient$$Lambda$733/0x0000000800556440
09:57:27:144  INFO 88141 --- [com.alibaba.nacos.client.remote.worker] com.alibaba.nacos.common.remote.client   : [2abe94e4-cefe-48d9-9ebb-f439b37e29fc] Notify connected event to listeners.
09:57:27:264  INFO 88141 --- [main] d.s.w.p.DocumentationPluginsBootstrapper : Documentation plugins bootstrapped
09:57:27:272  INFO 88141 --- [main] d.s.w.p.DocumentationPluginsBootstrapper : Found 1 custom documentation plugin(s)
09:57:27:302  INFO 88141 --- [main] s.d.s.w.s.ApiListingReferenceScanner     : Scanning for api listing references
09:57:27:424  INFO 88141 --- [main] com.hmall.item.IndexTest                 : Started IndexTest in 8.817 seconds (JVM running for 9.78)
09:57:27:428  INFO 88141 --- [main] c.a.c.n.refresh.NacosContextRefresher    : [Nacos Config] Listening config: dataId=item-service.yaml, group=DEFAULT_GROUP
09:57:27:428  INFO 88141 --- [main] c.a.c.n.refresh.NacosContextRefresher    : [Nacos Config] Listening config: dataId=item-service-local.yaml, group=DEFAULT_GROUP
09:57:27:428  INFO 88141 --- [main] c.a.c.n.refresh.NacosContextRefresher    : [Nacos Config] Listening config: dataId=item-service, group=DEFAULT_GROUP
09:57:27:775  INFO 88141 --- [nacos-grpc-client-executor-6] com.alibaba.nacos.common.remote.client   : [2abe94e4-cefe-48d9-9ebb-f439b37e29fc] Receive server push request, request = NotifySubscriberRequest, requestId = 9
09:57:27:776  INFO 88141 --- [nacos-grpc-client-executor-6] com.alibaba.nacos.common.remote.client   : [2abe94e4-cefe-48d9-9ebb-f439b37e29fc] Ack server push request, request = NotifySubscriberRequest, requestId = 9
09:57:27:802  WARN 88141 --- [Thread-5] c.a.nacos.common.notify.NotifyCenter     : [NotifyCenter] Start destroying Publisher
09:57:27:802  WARN 88141 --- [Thread-5] c.a.nacos.common.notify.NotifyCenter     : [NotifyCenter] Destruction of the end
09:57:27:802  WARN 88141 --- [Thread-1] c.a.n.common.http.HttpClientBeanHolder   : [HttpClientBeanHolder] Start destroying common HttpClient
09:57:27:804  WARN 88141 --- [Thread-1] c.a.n.common.http.HttpClientBeanHolder   : [HttpClientBeanHolder] Destruction of the end
09:57:28:146  INFO 88141 --- [SpringApplicationShutdownHook] com.alibaba.nacos.common.remote.client   : Shutdown rpc client, set status to shutdown
09:57:28:146  INFO 88141 --- [SpringApplicationShutdownHook] com.alibaba.nacos.common.remote.client   : Shutdown client event executor java.util.concurrent.ScheduledThreadPoolExecutor@f695b0[Running, pool size = 2, active threads = 2, queued tasks = 0, completed tasks = 0]
09:57:28:146  INFO 88141 --- [SpringApplicationShutdownHook] com.alibaba.nacos.common.remote.client   : Close current connection 1785117446962_192.168.65.1_51490
09:57:28:153  INFO 88141 --- [SpringApplicationShutdownHook] c.a.n.c.remote.client.grpc.GrpcClient    : Shutdown grpc executor java.util.concurrent.ThreadPoolExecutor@240bf8ea[Running, pool size = 9, active threads = 0, queued tasks = 0, completed tasks = 9]
10:07:48:489  INFO 89188 --- [main] com.hmall.item.IndexTest                 : The following 1 profile is active: "local"
10:07:49:127  INFO 89188 --- [main] o.s.cloud.context.scope.GenericScope     : BeanFactory id=073440be-6b34-3aa6-944e-08d7326818ff
10:07:50:312  INFO 89188 --- [main] pertySourcedRequestMappingHandlerMapping : Mapped URL path [/v2/api-docs] onto method [springfox.documentation.swagger2.web.Swagger2ControllerWebMvc#getDocumentation(String, HttpServletRequest)]
10:07:51:034  INFO 89188 --- [main] com.alibaba.nacos.common.remote.client   : [RpcClientFactory] create a new rpc client of e37c80f0-9db9-4b16-ba94-5d96c387a31b
10:07:51:035  INFO 89188 --- [main] com.alibaba.nacos.common.remote.client   : [e37c80f0-9db9-4b16-ba94-5d96c387a31b] RpcClient init label, labels = {module=naming, source=sdk}
10:07:51:036  INFO 89188 --- [main] com.alibaba.nacos.common.remote.client   : [e37c80f0-9db9-4b16-ba94-5d96c387a31b] RpcClient init, ServerListFactory = com.alibaba.nacos.client.naming.core.ServerListManager
10:07:51:036  INFO 89188 --- [main] com.alibaba.nacos.common.remote.client   : [e37c80f0-9db9-4b16-ba94-5d96c387a31b] Registry connection listener to current client:com.alibaba.nacos.client.naming.remote.gprc.redo.NamingGrpcRedoService
10:07:51:036  INFO 89188 --- [main] com.alibaba.nacos.common.remote.client   : [e37c80f0-9db9-4b16-ba94-5d96c387a31b] Register server push request handler:com.alibaba.nacos.client.naming.remote.gprc.NamingPushRequestHandler
10:07:51:037  INFO 89188 --- [main] com.alibaba.nacos.common.remote.client   : [e37c80f0-9db9-4b16-ba94-5d96c387a31b] Try to connect to server on start up, server: {serverIp = 'localhost', server main port = 8848}
10:07:51:217  INFO 89188 --- [main] com.alibaba.nacos.common.remote.client   : [e37c80f0-9db9-4b16-ba94-5d96c387a31b] Success to connect to server [localhost:8848] on start up, connectionId = 1785118071109_192.168.65.1_23033
10:07:51:218  INFO 89188 --- [main] com.alibaba.nacos.common.remote.client   : [e37c80f0-9db9-4b16-ba94-5d96c387a31b] Register server push request handler:com.alibaba.nacos.common.remote.client.RpcClient$ConnectResetRequestHandler
10:07:51:218  INFO 89188 --- [main] com.alibaba.nacos.common.remote.client   : [e37c80f0-9db9-4b16-ba94-5d96c387a31b] Register server push request handler:com.alibaba.nacos.common.remote.client.RpcClient$$Lambda$740/0x00000008004cbc40
10:07:51:218  INFO 89188 --- [com.alibaba.nacos.client.remote.worker] com.alibaba.nacos.common.remote.client   : [e37c80f0-9db9-4b16-ba94-5d96c387a31b] Notify connected event to listeners.
10:07:51:277  INFO 89188 --- [main] d.s.w.p.DocumentationPluginsBootstrapper : Documentation plugins bootstrapped
10:07:51:282  INFO 89188 --- [main] d.s.w.p.DocumentationPluginsBootstrapper : Found 1 custom documentation plugin(s)
10:07:51:321  INFO 89188 --- [main] s.d.s.w.s.ApiListingReferenceScanner     : Scanning for api listing references
10:07:51:530  INFO 89188 --- [main] com.hmall.item.IndexTest                 : Started IndexTest in 5.009 seconds (JVM running for 5.822)
10:07:51:538  INFO 89188 --- [main] c.a.c.n.refresh.NacosContextRefresher    : [Nacos Config] Listening config: dataId=item-service.yaml, group=DEFAULT_GROUP
10:07:51:539  INFO 89188 --- [main] c.a.c.n.refresh.NacosContextRefresher    : [Nacos Config] Listening config: dataId=item-service-local.yaml, group=DEFAULT_GROUP
10:07:51:539  INFO 89188 --- [main] c.a.c.n.refresh.NacosContextRefresher    : [Nacos Config] Listening config: dataId=item-service, group=DEFAULT_GROUP
10:07:51:823  INFO 89188 --- [nacos-grpc-client-executor-8] com.alibaba.nacos.common.remote.client   : [e37c80f0-9db9-4b16-ba94-5d96c387a31b] Receive server push request, request = NotifySubscriberRequest, requestId = 10
10:07:51:824  INFO 89188 --- [nacos-grpc-client-executor-8] com.alibaba.nacos.common.remote.client   : [e37c80f0-9db9-4b16-ba94-5d96c387a31b] Ack server push request, request = NotifySubscriberRequest, requestId = 10
10:07:52:988  WARN 89188 --- [Thread-1] c.a.n.common.http.HttpClientBeanHolder   : [HttpClientBeanHolder] Start destroying common HttpClient
10:07:52:988  WARN 89188 --- [Thread-5] c.a.nacos.common.notify.NotifyCenter     : [NotifyCenter] Start destroying Publisher
10:07:52:989  WARN 89188 --- [Thread-5] c.a.nacos.common.notify.NotifyCenter     : [NotifyCenter] Destruction of the end
10:07:52:989  WARN 89188 --- [Thread-1] c.a.n.common.http.HttpClientBeanHolder   : [HttpClientBeanHolder] Destruction of the end
10:07:53:628  INFO 89188 --- [SpringApplicationShutdownHook] com.alibaba.nacos.common.remote.client   : Shutdown rpc client, set status to shutdown
10:07:53:628  INFO 89188 --- [SpringApplicationShutdownHook] com.alibaba.nacos.common.remote.client   : Shutdown client event executor java.util.concurrent.ScheduledThreadPoolExecutor@3180d972[Running, pool size = 2, active threads = 2, queued tasks = 0, completed tasks = 0]
10:07:53:628  INFO 89188 --- [SpringApplicationShutdownHook] com.alibaba.nacos.common.remote.client   : Close current connection 1785118071109_192.168.65.1_23033
10:07:53:636  INFO 89188 --- [SpringApplicationShutdownHook] c.a.n.c.remote.client.grpc.GrpcClient    : Shutdown grpc executor java.util.concurrent.ThreadPoolExecutor@6f469ab8[Running, pool size = 14, active threads = 0, queued tasks = 0, completed tasks = 14]
10:12:41:782  INFO 89803 --- [main] com.hmall.item.IndexTest                 : The following 1 profile is active: "local"
10:12:42:480  INFO 89803 --- [main] o.s.cloud.context.scope.GenericScope     : BeanFactory id=073440be-6b34-3aa6-944e-08d7326818ff
10:12:44:797  INFO 89803 --- [main] o.s.cloud.commons.util.InetUtils         : Cannot determine local hostname
10:12:44:843  INFO 89803 --- [main] pertySourcedRequestMappingHandlerMapping : Mapped URL path [/v2/api-docs] onto method [springfox.documentation.swagger2.web.Swagger2ControllerWebMvc#getDocumentation(String, HttpServletRequest)]
10:12:46:355  INFO 89803 --- [main] com.alibaba.nacos.common.remote.client   : [RpcClientFactory] create a new rpc client of 3708b3d5-5953-426c-965b-47b4d9b5b554
10:12:46:356  INFO 89803 --- [main] com.alibaba.nacos.common.remote.client   : [3708b3d5-5953-426c-965b-47b4d9b5b554] RpcClient init label, labels = {module=naming, source=sdk}
10:12:46:365  INFO 89803 --- [main] com.alibaba.nacos.common.remote.client   : [3708b3d5-5953-426c-965b-47b4d9b5b554] RpcClient init, ServerListFactory = com.alibaba.nacos.client.naming.core.ServerListManager
10:12:46:365  INFO 89803 --- [main] com.alibaba.nacos.common.remote.client   : [3708b3d5-5953-426c-965b-47b4d9b5b554] Registry connection listener to current client:com.alibaba.nacos.client.naming.remote.gprc.redo.NamingGrpcRedoService
10:12:46:366  INFO 89803 --- [main] com.alibaba.nacos.common.remote.client   : [3708b3d5-5953-426c-965b-47b4d9b5b554] Register server push request handler:com.alibaba.nacos.client.naming.remote.gprc.NamingPushRequestHandler
10:12:46:368  INFO 89803 --- [main] com.alibaba.nacos.common.remote.client   : [3708b3d5-5953-426c-965b-47b4d9b5b554] Try to connect to server on start up, server: {serverIp = 'localhost', server main port = 8848}
10:12:46:543  INFO 89803 --- [main] com.alibaba.nacos.common.remote.client   : [3708b3d5-5953-426c-965b-47b4d9b5b554] Success to connect to server [localhost:8848] on start up, connectionId = 1785118366418_192.168.65.1_58392
10:12:46:543  INFO 89803 --- [main] com.alibaba.nacos.common.remote.client   : [3708b3d5-5953-426c-965b-47b4d9b5b554] Register server push request handler:com.alibaba.nacos.common.remote.client.RpcClient$ConnectResetRequestHandler
10:12:46:543  INFO 89803 --- [main] com.alibaba.nacos.common.remote.client   : [3708b3d5-5953-426c-965b-47b4d9b5b554] Register server push request handler:com.alibaba.nacos.common.remote.client.RpcClient$$Lambda$740/0x00000008004cbc40
10:12:46:543  INFO 89803 --- [com.alibaba.nacos.client.remote.worker] com.alibaba.nacos.common.remote.client   : [3708b3d5-5953-426c-965b-47b4d9b5b554] Notify connected event to listeners.
10:12:46:627  INFO 89803 --- [main] d.s.w.p.DocumentationPluginsBootstrapper : Documentation plugins bootstrapped
10:12:46:632  INFO 89803 --- [main] d.s.w.p.DocumentationPluginsBootstrapper : Found 1 custom documentation plugin(s)
10:12:46:667  INFO 89803 --- [main] s.d.s.w.s.ApiListingReferenceScanner     : Scanning for api listing references
10:12:46:766  INFO 89803 --- [main] com.hmall.item.IndexTest                 : Started IndexTest in 9.344 seconds (JVM running for 10.132)
10:12:46:771  INFO 89803 --- [main] c.a.c.n.refresh.NacosContextRefresher    : [Nacos Config] Listening config: dataId=item-service.yaml, group=DEFAULT_GROUP
10:12:46:771  INFO 89803 --- [main] c.a.c.n.refresh.NacosContextRefresher    : [Nacos Config] Listening config: dataId=item-service-local.yaml, group=DEFAULT_GROUP
10:12:46:771  INFO 89803 --- [main] c.a.c.n.refresh.NacosContextRefresher    : [Nacos Config] Listening config: dataId=item-service, group=DEFAULT_GROUP
10:12:47:120  INFO 89803 --- [nacos-grpc-client-executor-5] com.alibaba.nacos.common.remote.client   : [3708b3d5-5953-426c-965b-47b4d9b5b554] Receive server push request, request = NotifySubscriberRequest, requestId = 11
10:12:47:121  INFO 89803 --- [nacos-grpc-client-executor-5] com.alibaba.nacos.common.remote.client   : [3708b3d5-5953-426c-965b-47b4d9b5b554] Ack server push request, request = NotifySubscriberRequest, requestId = 11
10:12:47:495  WARN 89803 --- [Thread-1] c.a.n.common.http.HttpClientBeanHolder   : [HttpClientBeanHolder] Start destroying common HttpClient
10:12:47:495  WARN 89803 --- [Thread-5] c.a.nacos.common.notify.NotifyCenter     : [NotifyCenter] Start destroying Publisher
10:12:47:496  WARN 89803 --- [Thread-1] c.a.n.common.http.HttpClientBeanHolder   : [HttpClientBeanHolder] Destruction of the end
10:12:47:496  WARN 89803 --- [Thread-5] c.a.nacos.common.notify.NotifyCenter     : [NotifyCenter] Destruction of the end
10:12:47:826  INFO 89803 --- [SpringApplicationShutdownHook] com.alibaba.nacos.common.remote.client   : Shutdown rpc client, set status to shutdown
10:12:47:826  INFO 89803 --- [SpringApplicationShutdownHook] com.alibaba.nacos.common.remote.client   : Shutdown client event executor java.util.concurrent.ScheduledThreadPoolExecutor@35b2a626[Running, pool size = 2, active threads = 2, queued tasks = 0, completed tasks = 0]
10:12:47:826  INFO 89803 --- [SpringApplicationShutdownHook] com.alibaba.nacos.common.remote.client   : Close current connection 1785118366418_192.168.65.1_58392
10:12:47:827  INFO 89803 --- [SpringApplicationShutdownHook] c.a.n.c.remote.client.grpc.GrpcClient    : Shutdown grpc executor java.util.concurrent.ThreadPoolExecutor@152558e0[Running, pool size = 8, active threads = 0, queued tasks = 0, completed tasks = 8]
10:14:35:283  INFO 89999 --- [main] com.hmall.item.IndexTest                 : The following 1 profile is active: "local"
10:14:35:820  INFO 89999 --- [main] o.s.cloud.context.scope.GenericScope     : BeanFactory id=073440be-6b34-3aa6-944e-08d7326818ff
10:14:37:860  INFO 89999 --- [main] o.s.cloud.commons.util.InetUtils         : Cannot determine local hostname
10:14:37:918  INFO 89999 --- [main] pertySourcedRequestMappingHandlerMapping : Mapped URL path [/v2/api-docs] onto method [springfox.documentation.swagger2.web.Swagger2ControllerWebMvc#getDocumentation(String, HttpServletRequest)]
10:14:39:323  INFO 89999 --- [main] o.s.cloud.commons.util.InetUtils         : Cannot determine local hostname
10:14:39:508  INFO 89999 --- [main] com.alibaba.nacos.common.remote.client   : [RpcClientFactory] create a new rpc client of 12ac3ef6-ab2b-4c9d-ae23-d26ed63dcaab
10:14:39:509  INFO 89999 --- [main] com.alibaba.nacos.common.remote.client   : [12ac3ef6-ab2b-4c9d-ae23-d26ed63dcaab] RpcClient init label, labels = {module=naming, source=sdk}
10:14:39:510  INFO 89999 --- [main] com.alibaba.nacos.common.remote.client   : [12ac3ef6-ab2b-4c9d-ae23-d26ed63dcaab] RpcClient init, ServerListFactory = com.alibaba.nacos.client.naming.core.ServerListManager
10:14:39:510  INFO 89999 --- [main] com.alibaba.nacos.common.remote.client   : [12ac3ef6-ab2b-4c9d-ae23-d26ed63dcaab] Registry connection listener to current client:com.alibaba.nacos.client.naming.remote.gprc.redo.NamingGrpcRedoService
10:14:39:511  INFO 89999 --- [main] com.alibaba.nacos.common.remote.client   : [12ac3ef6-ab2b-4c9d-ae23-d26ed63dcaab] Register server push request handler:com.alibaba.nacos.client.naming.remote.gprc.NamingPushRequestHandler
10:14:39:511  INFO 89999 --- [main] com.alibaba.nacos.common.remote.client   : [12ac3ef6-ab2b-4c9d-ae23-d26ed63dcaab] Try to connect to server on start up, server: {serverIp = 'localhost', server main port = 8848}
10:14:39:670  INFO 89999 --- [main] com.alibaba.nacos.common.remote.client   : [12ac3ef6-ab2b-4c9d-ae23-d26ed63dcaab] Success to connect to server [localhost:8848] on start up, connectionId = 1785118479558_192.168.65.1_51331
10:14:39:671  INFO 89999 --- [main] com.alibaba.nacos.common.remote.client   : [12ac3ef6-ab2b-4c9d-ae23-d26ed63dcaab] Register server push request handler:com.alibaba.nacos.common.remote.client.RpcClient$ConnectResetRequestHandler
10:14:39:671  INFO 89999 --- [main] com.alibaba.nacos.common.remote.client   : [12ac3ef6-ab2b-4c9d-ae23-d26ed63dcaab] Register server push request handler:com.alibaba.nacos.common.remote.client.RpcClient$$Lambda$740/0x00000008004cbc40
10:14:39:671  INFO 89999 --- [com.alibaba.nacos.client.remote.worker] com.alibaba.nacos.common.remote.client   : [12ac3ef6-ab2b-4c9d-ae23-d26ed63dcaab] Notify connected event to listeners.
10:14:39:719  INFO 89999 --- [main] d.s.w.p.DocumentationPluginsBootstrapper : Documentation plugins bootstrapped
10:14:39:721  INFO 89999 --- [main] d.s.w.p.DocumentationPluginsBootstrapper : Found 1 custom documentation plugin(s)
10:14:39:747  INFO 89999 --- [main] s.d.s.w.s.ApiListingReferenceScanner     : Scanning for api listing references
10:14:39:836  INFO 89999 --- [main] com.hmall.item.IndexTest                 : Started IndexTest in 7.988 seconds (JVM running for 8.764)
10:14:39:840  INFO 89999 --- [main] c.a.c.n.refresh.NacosContextRefresher    : [Nacos Config] Listening config: dataId=item-service.yaml, group=DEFAULT_GROUP
10:14:39:840  INFO 89999 --- [main] c.a.c.n.refresh.NacosContextRefresher    : [Nacos Config] Listening config: dataId=item-service-local.yaml, group=DEFAULT_GROUP
10:14:39:840  INFO 89999 --- [main] c.a.c.n.refresh.NacosContextRefresher    : [Nacos Config] Listening config: dataId=item-service, group=DEFAULT_GROUP
10:14:40:277  INFO 89999 --- [nacos-grpc-client-executor-8] com.alibaba.nacos.common.remote.client   : [12ac3ef6-ab2b-4c9d-ae23-d26ed63dcaab] Receive server push request, request = NotifySubscriberRequest, requestId = 12
10:14:40:278  INFO 89999 --- [nacos-grpc-client-executor-8] com.alibaba.nacos.common.remote.client   : [12ac3ef6-ab2b-4c9d-ae23-d26ed63dcaab] Ack server push request, request = NotifySubscriberRequest, requestId = 12
10:14:40:598  WARN 89999 --- [Thread-1] c.a.n.common.http.HttpClientBeanHolder   : [HttpClientBeanHolder] Start destroying common HttpClient
10:14:40:598  WARN 89999 --- [Thread-5] c.a.nacos.common.notify.NotifyCenter     : [NotifyCenter] Start destroying Publisher
10:14:40:598  WARN 89999 --- [Thread-5] c.a.nacos.common.notify.NotifyCenter     : [NotifyCenter] Destruction of the end
10:14:40:601  WARN 89999 --- [Thread-1] c.a.n.common.http.HttpClientBeanHolder   : [HttpClientBeanHolder] Destruction of the end
10:14:40:922  INFO 89999 --- [SpringApplicationShutdownHook] com.alibaba.nacos.common.remote.client   : Shutdown rpc client, set status to shutdown
10:14:40:922  INFO 89999 --- [SpringApplicationShutdownHook] com.alibaba.nacos.common.remote.client   : Shutdown client event executor java.util.concurrent.ScheduledThreadPoolExecutor@2350bbe0[Running, pool size = 2, active threads = 2, queued tasks = 0, completed tasks = 0]
10:14:40:922  INFO 89999 --- [SpringApplicationShutdownHook] com.alibaba.nacos.common.remote.client   : Close current connection 1785118479558_192.168.65.1_51331
10:14:40:926  INFO 89999 --- [SpringApplicationShutdownHook] c.a.n.c.remote.client.grpc.GrpcClient    : Shutdown grpc executor java.util.concurrent.ThreadPoolExecutor@26f723bf[Running, pool size = 11, active threads = 0, queued tasks = 0, completed tasks = 11]
10:16:28:395  INFO 90198 --- [main] com.hmall.item.IndexTest                 : The following 1 profile is active: "local"
10:16:29:375  INFO 90198 --- [main] o.s.cloud.context.scope.GenericScope     : BeanFactory id=073440be-6b34-3aa6-944e-08d7326818ff
10:16:31:891  INFO 90198 --- [main] o.s.cloud.commons.util.InetUtils         : Cannot determine local hostname
10:16:31:993  INFO 90198 --- [main] pertySourcedRequestMappingHandlerMapping : Mapped URL path [/v2/api-docs] onto method [springfox.documentation.swagger2.web.Swagger2ControllerWebMvc#getDocumentation(String, HttpServletRequest)]
10:16:33:484  INFO 90198 --- [main] o.s.cloud.commons.util.InetUtils         : Cannot determine local hostname
10:16:33:728  INFO 90198 --- [main] com.alibaba.nacos.common.remote.client   : [RpcClientFactory] create a new rpc client of d91b798a-37a8-43f9-816b-f43252e3e748
10:16:33:729  INFO 90198 --- [main] com.alibaba.nacos.common.remote.client   : [d91b798a-37a8-43f9-816b-f43252e3e748] RpcClient init label, labels = {module=naming, source=sdk}
10:16:33:731  INFO 90198 --- [main] com.alibaba.nacos.common.remote.client   : [d91b798a-37a8-43f9-816b-f43252e3e748] RpcClient init, ServerListFactory = com.alibaba.nacos.client.naming.core.ServerListManager
10:16:33:732  INFO 90198 --- [main] com.alibaba.nacos.common.remote.client   : [d91b798a-37a8-43f9-816b-f43252e3e748] Registry connection listener to current client:com.alibaba.nacos.client.naming.remote.gprc.redo.NamingGrpcRedoService
10:16:33:732  INFO 90198 --- [main] com.alibaba.nacos.common.remote.client   : [d91b798a-37a8-43f9-816b-f43252e3e748] Register server push request handler:com.alibaba.nacos.client.naming.remote.gprc.NamingPushRequestHandler
10:16:33:733  INFO 90198 --- [main] com.alibaba.nacos.common.remote.client   : [d91b798a-37a8-43f9-816b-f43252e3e748] Try to connect to server on start up, server: {serverIp = 'localhost', server main port = 8848}
10:16:33:873  INFO 90198 --- [main] com.alibaba.nacos.common.remote.client   : [d91b798a-37a8-43f9-816b-f43252e3e748] Success to connect to server [localhost:8848] on start up, connectionId = 1785118593760_192.168.65.1_16221
10:16:33:874  INFO 90198 --- [main] com.alibaba.nacos.common.remote.client   : [d91b798a-37a8-43f9-816b-f43252e3e748] Register server push request handler:com.alibaba.nacos.common.remote.client.RpcClient$ConnectResetRequestHandler
10:16:33:874  INFO 90198 --- [main] com.alibaba.nacos.common.remote.client   : [d91b798a-37a8-43f9-816b-f43252e3e748] Register server push request handler:com.alibaba.nacos.common.remote.client.RpcClient$$Lambda$740/0x00000008004c3040
10:16:33:874  INFO 90198 --- [com.alibaba.nacos.client.remote.worker] com.alibaba.nacos.common.remote.client   : [d91b798a-37a8-43f9-816b-f43252e3e748] Notify connected event to listeners.
10:16:33:939  INFO 90198 --- [main] d.s.w.p.DocumentationPluginsBootstrapper : Documentation plugins bootstrapped
10:16:33:942  INFO 90198 --- [main] d.s.w.p.DocumentationPluginsBootstrapper : Found 1 custom documentation plugin(s)
10:16:33:975  INFO 90198 --- [main] s.d.s.w.s.ApiListingReferenceScanner     : Scanning for api listing references
10:16:34:083  INFO 90198 --- [main] com.hmall.item.IndexTest                 : Started IndexTest in 9.175 seconds (JVM running for 10.935)
10:16:34:087  INFO 90198 --- [main] c.a.c.n.refresh.NacosContextRefresher    : [Nacos Config] Listening config: dataId=item-service.yaml, group=DEFAULT_GROUP
10:16:34:087  INFO 90198 --- [main] c.a.c.n.refresh.NacosContextRefresher    : [Nacos Config] Listening config: dataId=item-service-local.yaml, group=DEFAULT_GROUP
10:16:34:088  INFO 90198 --- [main] c.a.c.n.refresh.NacosContextRefresher    : [Nacos Config] Listening config: dataId=item-service, group=DEFAULT_GROUP
10:16:34:436  INFO 90198 --- [nacos-grpc-client-executor-6] com.alibaba.nacos.common.remote.client   : [d91b798a-37a8-43f9-816b-f43252e3e748] Receive server push request, request = NotifySubscriberRequest, requestId = 13
10:16:34:437  INFO 90198 --- [nacos-grpc-client-executor-6] com.alibaba.nacos.common.remote.client   : [d91b798a-37a8-43f9-816b-f43252e3e748] Ack server push request, request = NotifySubscriberRequest, requestId = 13
10:25:13:363  WARN 90198 --- [Thread-1] c.a.n.common.http.HttpClientBeanHolder   : [HttpClientBeanHolder] Start destroying common HttpClient
10:25:13:363  WARN 90198 --- [Thread-5] c.a.nacos.common.notify.NotifyCenter     : [NotifyCenter] Start destroying Publisher
10:25:13:365  WARN 90198 --- [Thread-5] c.a.nacos.common.notify.NotifyCenter     : [NotifyCenter] Destruction of the end
10:25:13:366  WARN 90198 --- [Thread-1] c.a.n.common.http.HttpClientBeanHolder   : [HttpClientBeanHolder] Destruction of the end
10:25:13:718  INFO 90198 --- [SpringApplicationShutdownHook] com.alibaba.nacos.common.remote.client   : Shutdown rpc client, set status to shutdown
10:25:13:718  INFO 90198 --- [SpringApplicationShutdownHook] com.alibaba.nacos.common.remote.client   : Shutdown client event executor java.util.concurrent.ScheduledThreadPoolExecutor@682feda7[Running, pool size = 2, active threads = 2, queued tasks = 0, completed tasks = 0]
10:25:13:718  INFO 90198 --- [SpringApplicationShutdownHook] com.alibaba.nacos.common.remote.client   : Close current connection 1785118593760_192.168.65.1_16221
10:25:13:721  INFO 90198 --- [nacos-grpc-client-executor-11] c.a.n.c.remote.client.grpc.GrpcClient    : [1785118593760_192.168.65.1_16221]Ignore complete event,isRunning:false,isAbandon=false
10:25:13:724  INFO 90198 --- [SpringApplicationShutdownHook] c.a.n.c.remote.client.grpc.GrpcClient    : Shutdown grpc executor java.util.concurrent.ThreadPoolExecutor@5ac5abf0[Running, pool size = 5, active threads = 0, queued tasks = 0, completed tasks = 12]
11:14:48:333  INFO 96474 --- [main] com.hmall.item.IndexTest                 : The following 1 profile is active: "local"
11:14:48:999  INFO 96474 --- [main] o.s.cloud.context.scope.GenericScope     : BeanFactory id=073440be-6b34-3aa6-944e-08d7326818ff
11:14:50:881  INFO 96474 --- [main] pertySourcedRequestMappingHandlerMapping : Mapped URL path [/v2/api-docs] onto method [springfox.documentation.swagger2.web.Swagger2ControllerWebMvc#getDocumentation(String, HttpServletRequest)]
11:14:51:488  INFO 96474 --- [main] com.alibaba.nacos.common.remote.client   : [RpcClientFactory] create a new rpc client of c9bd8209-3e22-4d62-bf5e-d9195c34da2b
11:14:51:488  INFO 96474 --- [main] com.alibaba.nacos.common.remote.client   : [c9bd8209-3e22-4d62-bf5e-d9195c34da2b] RpcClient init label, labels = {module=naming, source=sdk}
11:14:51:490  INFO 96474 --- [main] com.alibaba.nacos.common.remote.client   : [c9bd8209-3e22-4d62-bf5e-d9195c34da2b] RpcClient init, ServerListFactory = com.alibaba.nacos.client.naming.core.ServerListManager
11:14:51:490  INFO 96474 --- [main] com.alibaba.nacos.common.remote.client   : [c9bd8209-3e22-4d62-bf5e-d9195c34da2b] Registry connection listener to current client:com.alibaba.nacos.client.naming.remote.gprc.redo.NamingGrpcRedoService
11:14:51:490  INFO 96474 --- [main] com.alibaba.nacos.common.remote.client   : [c9bd8209-3e22-4d62-bf5e-d9195c34da2b] Register server push request handler:com.alibaba.nacos.client.naming.remote.gprc.NamingPushRequestHandler
11:14:51:490  INFO 96474 --- [main] com.alibaba.nacos.common.remote.client   : [c9bd8209-3e22-4d62-bf5e-d9195c34da2b] Try to connect to server on start up, server: {serverIp = 'localhost', server main port = 8848}
11:14:51:628  INFO 96474 --- [main] com.alibaba.nacos.common.remote.client   : [c9bd8209-3e22-4d62-bf5e-d9195c34da2b] Success to connect to server [localhost:8848] on start up, connectionId = 1785122091515_192.168.65.1_38755
11:14:51:628  INFO 96474 --- [main] com.alibaba.nacos.common.remote.client   : [c9bd8209-3e22-4d62-bf5e-d9195c34da2b] Register server push request handler:com.alibaba.nacos.common.remote.client.RpcClient$ConnectResetRequestHandler
11:14:51:628  INFO 96474 --- [main] com.alibaba.nacos.common.remote.client   : [c9bd8209-3e22-4d62-bf5e-d9195c34da2b] Register server push request handler:com.alibaba.nacos.common.remote.client.RpcClient$$Lambda$740/0x00000008004cbc40
11:14:51:628  INFO 96474 --- [com.alibaba.nacos.client.remote.worker] com.alibaba.nacos.common.remote.client   : [c9bd8209-3e22-4d62-bf5e-d9195c34da2b] Notify connected event to listeners.
11:14:51:667  INFO 96474 --- [main] d.s.w.p.DocumentationPluginsBootstrapper : Documentation plugins bootstrapped
11:14:51:670  INFO 96474 --- [main] d.s.w.p.DocumentationPluginsBootstrapper : Found 1 custom documentation plugin(s)
11:14:51:692  INFO 96474 --- [main] s.d.s.w.s.ApiListingReferenceScanner     : Scanning for api listing references
11:14:51:805  INFO 96474 --- [main] com.hmall.item.IndexTest                 : Started IndexTest in 5.078 seconds (JVM running for 5.822)
11:14:51:809  INFO 96474 --- [main] c.a.c.n.refresh.NacosContextRefresher    : [Nacos Config] Listening config: dataId=item-service.yaml, group=DEFAULT_GROUP
11:14:51:809  INFO 96474 --- [main] c.a.c.n.refresh.NacosContextRefresher    : [Nacos Config] Listening config: dataId=item-service-local.yaml, group=DEFAULT_GROUP
11:14:51:809  INFO 96474 --- [main] c.a.c.n.refresh.NacosContextRefresher    : [Nacos Config] Listening config: dataId=item-service, group=DEFAULT_GROUP
11:14:52:129  INFO 96474 --- [main] com.zaxxer.hikari.HikariDataSource       : HikariPool-1 - Starting...
11:14:52:251  INFO 96474 --- [nacos-grpc-client-executor-7] com.alibaba.nacos.common.remote.client   : [c9bd8209-3e22-4d62-bf5e-d9195c34da2b] Receive server push request, request = NotifySubscriberRequest, requestId = 14
11:14:52:252  INFO 96474 --- [nacos-grpc-client-executor-7] com.alibaba.nacos.common.remote.client   : [c9bd8209-3e22-4d62-bf5e-d9195c34da2b] Ack server push request, request = NotifySubscriberRequest, requestId = 14
11:14:52:350  INFO 96474 --- [main] com.zaxxer.hikari.HikariDataSource       : HikariPool-1 - Start completed.
11:14:52:356 DEBUG 96474 --- [main] c.h.item.mapper.ItemMapper.selectById    : ==>  Preparing: SELECT id,name,price,stock,image,category,brand,spec,sold,comment_count,isAD,status,create_time,update_time,creater,updater FROM item WHERE id=?
11:14:52:373 DEBUG 96474 --- [main] c.h.item.mapper.ItemMapper.selectById    : ==> Parameters: 625465(Integer)
11:14:52:437 DEBUG 96474 --- [main] c.h.item.mapper.ItemMapper.selectById    : <==      Total: 1
11:14:53:200  WARN 96474 --- [Thread-1] c.a.n.common.http.HttpClientBeanHolder   : [HttpClientBeanHolder] Start destroying common HttpClient
11:14:53:201  WARN 96474 --- [Thread-5] c.a.nacos.common.notify.NotifyCenter     : [NotifyCenter] Start destroying Publisher
11:14:53:202  WARN 96474 --- [Thread-5] c.a.nacos.common.notify.NotifyCenter     : [NotifyCenter] Destruction of the end
11:14:53:204  WARN 96474 --- [Thread-1] c.a.n.common.http.HttpClientBeanHolder   : [HttpClientBeanHolder] Destruction of the end
11:14:53:842  INFO 96474 --- [SpringApplicationShutdownHook] com.alibaba.nacos.common.remote.client   : Shutdown rpc client, set status to shutdown
11:14:53:842  INFO 96474 --- [SpringApplicationShutdownHook] com.alibaba.nacos.common.remote.client   : Shutdown client event executor java.util.concurrent.ScheduledThreadPoolExecutor@7cc0cafe[Running, pool size = 2, active threads = 2, queued tasks = 0, completed tasks = 0]
11:14:53:842  INFO 96474 --- [SpringApplicationShutdownHook] com.alibaba.nacos.common.remote.client   : Close current connection 1785122091515_192.168.65.1_38755
11:14:53:846  INFO 96474 --- [SpringApplicationShutdownHook] c.a.n.c.remote.client.grpc.GrpcClient    : Shutdown grpc executor java.util.concurrent.ThreadPoolExecutor@15b1ce8[Running, pool size = 11, active threads = 0, queued tasks = 0, completed tasks = 11]
11:14:53:850  INFO 96474 --- [SpringApplicationShutdownHook] com.zaxxer.hikari.HikariDataSource       : HikariPool-1 - Shutdown initiated...
11:14:53:881  INFO 96474 --- [SpringApplicationShutdownHook] com.zaxxer.hikari.HikariDataSource       : HikariPool-1 - Shutdown completed.
11:18:44:729  INFO 96910 --- [main] com.hmall.item.IndexTest                 : The following 1 profile is active: "local"
11:18:45:287  INFO 96910 --- [main] o.s.cloud.context.scope.GenericScope     : BeanFactory id=073440be-6b34-3aa6-944e-08d7326818ff
11:18:47:274  INFO 96910 --- [main] o.s.cloud.commons.util.InetUtils         : Cannot determine local hostname
11:18:47:316  INFO 96910 --- [main] pertySourcedRequestMappingHandlerMapping : Mapped URL path [/v2/api-docs] onto method [springfox.documentation.swagger2.web.Swagger2ControllerWebMvc#getDocumentation(String, HttpServletRequest)]
11:18:48:650  INFO 96910 --- [main] o.s.cloud.commons.util.InetUtils         : Cannot determine local hostname
11:18:48:827  INFO 96910 --- [main] com.alibaba.nacos.common.remote.client   : [RpcClientFactory] create a new rpc client of abb72e44-9f10-4b95-8516-bfa68b82c5be
11:18:48:827  INFO 96910 --- [main] com.alibaba.nacos.common.remote.client   : [abb72e44-9f10-4b95-8516-bfa68b82c5be] RpcClient init label, labels = {module=naming, source=sdk}
11:18:48:828  INFO 96910 --- [main] com.alibaba.nacos.common.remote.client   : [abb72e44-9f10-4b95-8516-bfa68b82c5be] RpcClient init, ServerListFactory = com.alibaba.nacos.client.naming.core.ServerListManager
11:18:48:828  INFO 96910 --- [main] com.alibaba.nacos.common.remote.client   : [abb72e44-9f10-4b95-8516-bfa68b82c5be] Registry connection listener to current client:com.alibaba.nacos.client.naming.remote.gprc.redo.NamingGrpcRedoService
11:18:48:828  INFO 96910 --- [main] com.alibaba.nacos.common.remote.client   : [abb72e44-9f10-4b95-8516-bfa68b82c5be] Register server push request handler:com.alibaba.nacos.client.naming.remote.gprc.NamingPushRequestHandler
11:18:48:829  INFO 96910 --- [main] com.alibaba.nacos.common.remote.client   : [abb72e44-9f10-4b95-8516-bfa68b82c5be] Try to connect to server on start up, server: {serverIp = 'localhost', server main port = 8848}
11:18:48:993  INFO 96910 --- [main] com.alibaba.nacos.common.remote.client   : [abb72e44-9f10-4b95-8516-bfa68b82c5be] Success to connect to server [localhost:8848] on start up, connectionId = 1785122328876_192.168.65.1_45275
11:18:48:993  INFO 96910 --- [main] com.alibaba.nacos.common.remote.client   : [abb72e44-9f10-4b95-8516-bfa68b82c5be] Register server push request handler:com.alibaba.nacos.common.remote.client.RpcClient$ConnectResetRequestHandler
11:18:48:993  INFO 96910 --- [main] com.alibaba.nacos.common.remote.client   : [abb72e44-9f10-4b95-8516-bfa68b82c5be] Register server push request handler:com.alibaba.nacos.common.remote.client.RpcClient$$Lambda$740/0x00000008004cbc40
11:18:48:993  INFO 96910 --- [com.alibaba.nacos.client.remote.worker] com.alibaba.nacos.common.remote.client   : [abb72e44-9f10-4b95-8516-bfa68b82c5be] Notify connected event to listeners.
11:18:49:034  INFO 96910 --- [main] d.s.w.p.DocumentationPluginsBootstrapper : Documentation plugins bootstrapped
11:18:49:037  INFO 96910 --- [main] d.s.w.p.DocumentationPluginsBootstrapper : Found 1 custom documentation plugin(s)
11:18:49:060  INFO 96910 --- [main] s.d.s.w.s.ApiListingReferenceScanner     : Scanning for api listing references
11:18:49:138  INFO 96910 --- [main] com.hmall.item.IndexTest                 : Started IndexTest in 7.901 seconds (JVM running for 8.656)
11:18:49:142  INFO 96910 --- [main] c.a.c.n.refresh.NacosContextRefresher    : [Nacos Config] Listening config: dataId=item-service.yaml, group=DEFAULT_GROUP
11:18:49:142  INFO 96910 --- [main] c.a.c.n.refresh.NacosContextRefresher    : [Nacos Config] Listening config: dataId=item-service-local.yaml, group=DEFAULT_GROUP
11:18:49:142  INFO 96910 --- [main] c.a.c.n.refresh.NacosContextRefresher    : [Nacos Config] Listening config: dataId=item-service, group=DEFAULT_GROUP
11:18:49:421  INFO 96910 --- [main] com.zaxxer.hikari.HikariDataSource       : HikariPool-1 - Starting...
11:18:49:619  INFO 96910 --- [nacos-grpc-client-executor-7] com.alibaba.nacos.common.remote.client   : [abb72e44-9f10-4b95-8516-bfa68b82c5be] Receive server push request, request = NotifySubscriberRequest, requestId = 15
11:18:49:620  INFO 96910 --- [nacos-grpc-client-executor-7] com.alibaba.nacos.common.remote.client   : [abb72e44-9f10-4b95-8516-bfa68b82c5be] Ack server push request, request = NotifySubscriberRequest, requestId = 15
11:18:49:625  INFO 96910 --- [main] com.zaxxer.hikari.HikariDataSource       : HikariPool-1 - Start completed.
11:18:49:632 DEBUG 96910 --- [main] c.h.item.mapper.ItemMapper.selectById    : ==>  Preparing: SELECT id,name,price,stock,image,category,brand,spec,sold,comment_count,isAD,status,create_time,update_time,creater,updater FROM item WHERE id=?
11:18:49:649 DEBUG 96910 --- [main] c.h.item.mapper.ItemMapper.selectById    : ==> Parameters: 625465(Integer)
11:18:49:669 DEBUG 96910 --- [main] c.h.item.mapper.ItemMapper.selectById    : <==      Total: 1
11:18:50:051  WARN 96910 --- [Thread-5] c.a.nacos.common.notify.NotifyCenter     : [NotifyCenter] Start destroying Publisher
11:18:50:051  WARN 96910 --- [Thread-5] c.a.nacos.common.notify.NotifyCenter     : [NotifyCenter] Destruction of the end
11:18:50:051  WARN 96910 --- [Thread-1] c.a.n.common.http.HttpClientBeanHolder   : [HttpClientBeanHolder] Start destroying common HttpClient
11:18:50:052  WARN 96910 --- [Thread-1] c.a.n.common.http.HttpClientBeanHolder   : [HttpClientBeanHolder] Destruction of the end
11:18:50:689  INFO 96910 --- [SpringApplicationShutdownHook] com.alibaba.nacos.common.remote.client   : Shutdown rpc client, set status to shutdown
11:18:50:689  INFO 96910 --- [SpringApplicationShutdownHook] com.alibaba.nacos.common.remote.client   : Shutdown client event executor java.util.concurrent.ScheduledThreadPoolExecutor@133e2b0d[Running, pool size = 2, active threads = 2, queued tasks = 0, completed tasks = 0]
11:18:50:689  INFO 96910 --- [SpringApplicationShutdownHook] com.alibaba.nacos.common.remote.client   : Close current connection 1785122328876_192.168.65.1_45275
11:18:50:693  INFO 96910 --- [SpringApplicationShutdownHook] c.a.n.c.remote.client.grpc.GrpcClient    : Shutdown grpc executor java.util.concurrent.ThreadPoolExecutor@61cc3ec7[Running, pool size = 13, active threads = 1, queued tasks = 0, completed tasks = 12]
11:18:50:693  INFO 96910 --- [nacos-grpc-client-executor-12] c.a.n.c.remote.client.grpc.GrpcClient    : [1785122328876_192.168.65.1_45275]Ignore complete event,isRunning:false,isAbandon=false
11:18:50:697  INFO 96910 --- [SpringApplicationShutdownHook] com.zaxxer.hikari.HikariDataSource       : HikariPool-1 - Shutdown initiated...
11:18:50:715  INFO 96910 --- [SpringApplicationShutdownHook] com.zaxxer.hikari.HikariDataSource       : HikariPool-1 - Shutdown completed.
11:19:44:306  INFO 97023 --- [main] com.hmall.item.IndexTest                 : The following 1 profile is active: "local"
11:19:44:842  INFO 97023 --- [main] o.s.cloud.context.scope.GenericScope     : BeanFactory id=073440be-6b34-3aa6-944e-08d7326818ff
11:19:45:970  INFO 97023 --- [main] pertySourcedRequestMappingHandlerMapping : Mapped URL path [/v2/api-docs] onto method [springfox.documentation.swagger2.web.Swagger2ControllerWebMvc#getDocumentation(String, HttpServletRequest)]
11:19:46:535  INFO 97023 --- [main] com.alibaba.nacos.common.remote.client   : [RpcClientFactory] create a new rpc client of ba412865-ce46-4b24-8a1d-6779e63e5dc0
11:19:46:535  INFO 97023 --- [main] com.alibaba.nacos.common.remote.client   : [ba412865-ce46-4b24-8a1d-6779e63e5dc0] RpcClient init label, labels = {module=naming, source=sdk}
11:19:46:536  INFO 97023 --- [main] com.alibaba.nacos.common.remote.client   : [ba412865-ce46-4b24-8a1d-6779e63e5dc0] RpcClient init, ServerListFactory = com.alibaba.nacos.client.naming.core.ServerListManager
11:19:46:536  INFO 97023 --- [main] com.alibaba.nacos.common.remote.client   : [ba412865-ce46-4b24-8a1d-6779e63e5dc0] Registry connection listener to current client:com.alibaba.nacos.client.naming.remote.gprc.redo.NamingGrpcRedoService
11:19:46:536  INFO 97023 --- [main] com.alibaba.nacos.common.remote.client   : [ba412865-ce46-4b24-8a1d-6779e63e5dc0] Register server push request handler:com.alibaba.nacos.client.naming.remote.gprc.NamingPushRequestHandler
11:19:46:537  INFO 97023 --- [main] com.alibaba.nacos.common.remote.client   : [ba412865-ce46-4b24-8a1d-6779e63e5dc0] Try to connect to server on start up, server: {serverIp = 'localhost', server main port = 8848}
11:19:46:661  INFO 97023 --- [main] com.alibaba.nacos.common.remote.client   : [ba412865-ce46-4b24-8a1d-6779e63e5dc0] Success to connect to server [localhost:8848] on start up, connectionId = 1785122386547_192.168.65.1_52828
11:19:46:661  INFO 97023 --- [main] com.alibaba.nacos.common.remote.client   : [ba412865-ce46-4b24-8a1d-6779e63e5dc0] Register server push request handler:com.alibaba.nacos.common.remote.client.RpcClient$ConnectResetRequestHandler
11:19:46:661  INFO 97023 --- [main] com.alibaba.nacos.common.remote.client   : [ba412865-ce46-4b24-8a1d-6779e63e5dc0] Register server push request handler:com.alibaba.nacos.common.remote.client.RpcClient$$Lambda$740/0x00000008004cbc40
11:19:46:661  INFO 97023 --- [com.alibaba.nacos.client.remote.worker] com.alibaba.nacos.common.remote.client   : [ba412865-ce46-4b24-8a1d-6779e63e5dc0] Notify connected event to listeners.
11:19:46:694  INFO 97023 --- [main] d.s.w.p.DocumentationPluginsBootstrapper : Documentation plugins bootstrapped
11:19:46:696  INFO 97023 --- [main] d.s.w.p.DocumentationPluginsBootstrapper : Found 1 custom documentation plugin(s)
11:19:46:718  INFO 97023 --- [main] s.d.s.w.s.ApiListingReferenceScanner     : Scanning for api listing references
11:19:46:822  INFO 97023 --- [main] com.hmall.item.IndexTest                 : Started IndexTest in 4.14 seconds (JVM running for 5.087)
11:19:46:827  INFO 97023 --- [main] c.a.c.n.refresh.NacosContextRefresher    : [Nacos Config] Listening config: dataId=item-service.yaml, group=DEFAULT_GROUP
11:19:46:828  INFO 97023 --- [main] c.a.c.n.refresh.NacosContextRefresher    : [Nacos Config] Listening config: dataId=item-service-local.yaml, group=DEFAULT_GROUP
11:19:46:828  INFO 97023 --- [main] c.a.c.n.refresh.NacosContextRefresher    : [Nacos Config] Listening config: dataId=item-service, group=DEFAULT_GROUP
11:19:47:278  INFO 97023 --- [nacos-grpc-client-executor-7] com.alibaba.nacos.common.remote.client   : [ba412865-ce46-4b24-8a1d-6779e63e5dc0] Receive server push request, request = NotifySubscriberRequest, requestId = 16
11:19:47:279  INFO 97023 --- [nacos-grpc-client-executor-7] com.alibaba.nacos.common.remote.client   : [ba412865-ce46-4b24-8a1d-6779e63e5dc0] Ack server push request, request = NotifySubscriberRequest, requestId = 16
11:19:47:500  WARN 97023 --- [Thread-5] c.a.nacos.common.notify.NotifyCenter     : [NotifyCenter] Start destroying Publisher
11:19:47:500  WARN 97023 --- [Thread-5] c.a.nacos.common.notify.NotifyCenter     : [NotifyCenter] Destruction of the end
11:19:47:501  WARN 97023 --- [Thread-1] c.a.n.common.http.HttpClientBeanHolder   : [HttpClientBeanHolder] Start destroying common HttpClient
11:19:47:501  WARN 97023 --- [Thread-1] c.a.n.common.http.HttpClientBeanHolder   : [HttpClientBeanHolder] Destruction of the end
11:19:47:826  INFO 97023 --- [SpringApplicationShutdownHook] com.alibaba.nacos.common.remote.client   : Shutdown rpc client, set status to shutdown
11:19:47:826  INFO 97023 --- [SpringApplicationShutdownHook] com.alibaba.nacos.common.remote.client   : Shutdown client event executor java.util.concurrent.ScheduledThreadPoolExecutor@42e220d3[Running, pool size = 2, active threads = 2, queued tasks = 0, completed tasks = 0]
11:19:47:826  INFO 97023 --- [SpringApplicationShutdownHook] com.alibaba.nacos.common.remote.client   : Close current connection 1785122386547_192.168.65.1_52828
11:19:47:830  INFO 97023 --- [SpringApplicationShutdownHook] c.a.n.c.remote.client.grpc.GrpcClient    : Shutdown grpc executor java.util.concurrent.ThreadPoolExecutor@5cb95c66[Running, pool size = 10, active threads = 0, queued tasks = 0, completed tasks = 10]
11:23:53:003  INFO 97501 --- [main] com.hmall.item.IndexTest                 : The following 1 profile is active: "local"
11:23:53:782  INFO 97501 --- [main] o.s.cloud.context.scope.GenericScope     : BeanFactory id=073440be-6b34-3aa6-944e-08d7326818ff
11:23:54:957  INFO 97501 --- [main] pertySourcedRequestMappingHandlerMapping : Mapped URL path [/v2/api-docs] onto method [springfox.documentation.swagger2.web.Swagger2ControllerWebMvc#getDocumentation(String, HttpServletRequest)]
11:23:55:461  INFO 97501 --- [main] com.alibaba.nacos.common.remote.client   : [RpcClientFactory] create a new rpc client of f380d81b-2d45-41fc-b935-8383951a48de
11:23:55:462  INFO 97501 --- [main] com.alibaba.nacos.common.remote.client   : [f380d81b-2d45-41fc-b935-8383951a48de] RpcClient init label, labels = {module=naming, source=sdk}
11:23:55:463  INFO 97501 --- [main] com.alibaba.nacos.common.remote.client   : [f380d81b-2d45-41fc-b935-8383951a48de] RpcClient init, ServerListFactory = com.alibaba.nacos.client.naming.core.ServerListManager
11:23:55:463  INFO 97501 --- [main] com.alibaba.nacos.common.remote.client   : [f380d81b-2d45-41fc-b935-8383951a48de] Registry connection listener to current client:com.alibaba.nacos.client.naming.remote.gprc.redo.NamingGrpcRedoService
11:23:55:464  INFO 97501 --- [main] com.alibaba.nacos.common.remote.client   : [f380d81b-2d45-41fc-b935-8383951a48de] Register server push request handler:com.alibaba.nacos.client.naming.remote.gprc.NamingPushRequestHandler
11:23:55:464  INFO 97501 --- [main] com.alibaba.nacos.common.remote.client   : [f380d81b-2d45-41fc-b935-8383951a48de] Try to connect to server on start up, server: {serverIp = 'localhost', server main port = 8848}
11:23:55:621  INFO 97501 --- [main] com.alibaba.nacos.common.remote.client   : [f380d81b-2d45-41fc-b935-8383951a48de] Success to connect to server [localhost:8848] on start up, connectionId = 1785122635506_192.168.65.1_30473
11:23:55:621  INFO 97501 --- [main] com.alibaba.nacos.common.remote.client   : [f380d81b-2d45-41fc-b935-8383951a48de] Register server push request handler:com.alibaba.nacos.common.remote.client.RpcClient$ConnectResetRequestHandler
11:23:55:621  INFO 97501 --- [main] com.alibaba.nacos.common.remote.client   : [f380d81b-2d45-41fc-b935-8383951a48de] Register server push request handler:com.alibaba.nacos.common.remote.client.RpcClient$$Lambda$740/0x00000008004cbc40
11:23:55:621  INFO 97501 --- [com.alibaba.nacos.client.remote.worker] com.alibaba.nacos.common.remote.client   : [f380d81b-2d45-41fc-b935-8383951a48de] Notify connected event to listeners.
11:23:55:661  INFO 97501 --- [main] d.s.w.p.DocumentationPluginsBootstrapper : Documentation plugins bootstrapped
11:23:55:663  INFO 97501 --- [main] d.s.w.p.DocumentationPluginsBootstrapper : Found 1 custom documentation plugin(s)
11:23:55:686  INFO 97501 --- [main] s.d.s.w.s.ApiListingReferenceScanner     : Scanning for api listing references
11:23:55:774  INFO 97501 --- [main] com.hmall.item.IndexTest                 : Started IndexTest in 4.388 seconds (JVM running for 5.115)
11:23:55:777  INFO 97501 --- [main] c.a.c.n.refresh.NacosContextRefresher    : [Nacos Config] Listening config: dataId=item-service.yaml, group=DEFAULT_GROUP
11:23:55:777  INFO 97501 --- [main] c.a.c.n.refresh.NacosContextRefresher    : [Nacos Config] Listening config: dataId=item-service-local.yaml, group=DEFAULT_GROUP
11:23:55:778  INFO 97501 --- [main] c.a.c.n.refresh.NacosContextRefresher    : [Nacos Config] Listening config: dataId=item-service, group=DEFAULT_GROUP
11:23:56:185  INFO 97501 --- [nacos-grpc-client-executor-8] com.alibaba.nacos.common.remote.client   : [f380d81b-2d45-41fc-b935-8383951a48de] Receive server push request, request = NotifySubscriberRequest, requestId = 17
11:23:56:187  INFO 97501 --- [nacos-grpc-client-executor-8] com.alibaba.nacos.common.remote.client   : [f380d81b-2d45-41fc-b935-8383951a48de] Ack server push request, request = NotifySubscriberRequest, requestId = 17
11:23:56:421  WARN 97501 --- [Thread-5] c.a.nacos.common.notify.NotifyCenter     : [NotifyCenter] Start destroying Publisher
11:23:56:421  WARN 97501 --- [Thread-1] c.a.n.common.http.HttpClientBeanHolder   : [HttpClientBeanHolder] Start destroying common HttpClient
11:23:56:422  WARN 97501 --- [Thread-5] c.a.nacos.common.notify.NotifyCenter     : [NotifyCenter] Destruction of the end
11:23:56:422  WARN 97501 --- [Thread-1] c.a.n.common.http.HttpClientBeanHolder   : [HttpClientBeanHolder] Destruction of the end
11:23:56:743  INFO 97501 --- [SpringApplicationShutdownHook] com.alibaba.nacos.common.remote.client   : Shutdown rpc client, set status to shutdown
11:23:56:743  INFO 97501 --- [SpringApplicationShutdownHook] com.alibaba.nacos.common.remote.client   : Shutdown client event executor java.util.concurrent.ScheduledThreadPoolExecutor@548c6efd[Running, pool size = 2, active threads = 2, queued tasks = 0, completed tasks = 0]
11:23:56:743  INFO 97501 --- [SpringApplicationShutdownHook] com.alibaba.nacos.common.remote.client   : Close current connection 1785122635506_192.168.65.1_30473
11:23:56:745  INFO 97501 --- [SpringApplicationShutdownHook] c.a.n.c.remote.client.grpc.GrpcClient    : Shutdown grpc executor java.util.concurrent.ThreadPoolExecutor@637b37da[Running, pool size = 12, active threads = 0, queued tasks = 0, completed tasks = 12]
11:24:13:467  INFO 97551 --- [main] com.hmall.item.IndexTest                 : The following 1 profile is active: "local"
11:24:14:360  INFO 97551 --- [main] o.s.cloud.context.scope.GenericScope     : BeanFactory id=073440be-6b34-3aa6-944e-08d7326818ff
11:24:16:072  INFO 97551 --- [main] pertySourcedRequestMappingHandlerMapping : Mapped URL path [/v2/api-docs] onto method [springfox.documentation.swagger2.web.Swagger2ControllerWebMvc#getDocumentation(String, HttpServletRequest)]
11:24:16:655  INFO 97551 --- [main] com.alibaba.nacos.common.remote.client   : [RpcClientFactory] create a new rpc client of ad110a36-8337-4cb9-ab09-38b1d234078a
11:24:16:655  INFO 97551 --- [main] com.alibaba.nacos.common.remote.client   : [ad110a36-8337-4cb9-ab09-38b1d234078a] RpcClient init label, labels = {module=naming, source=sdk}
11:24:16:657  INFO 97551 --- [main] com.alibaba.nacos.common.remote.client   : [ad110a36-8337-4cb9-ab09-38b1d234078a] RpcClient init, ServerListFactory = com.alibaba.nacos.client.naming.core.ServerListManager
11:24:16:657  INFO 97551 --- [main] com.alibaba.nacos.common.remote.client   : [ad110a36-8337-4cb9-ab09-38b1d234078a] Registry connection listener to current client:com.alibaba.nacos.client.naming.remote.gprc.redo.NamingGrpcRedoService
11:24:16:657  INFO 97551 --- [main] com.alibaba.nacos.common.remote.client   : [ad110a36-8337-4cb9-ab09-38b1d234078a] Register server push request handler:com.alibaba.nacos.client.naming.remote.gprc.NamingPushRequestHandler
11:24:16:657  INFO 97551 --- [main] com.alibaba.nacos.common.remote.client   : [ad110a36-8337-4cb9-ab09-38b1d234078a] Try to connect to server on start up, server: {serverIp = 'localhost', server main port = 8848}
11:24:16:884  INFO 97551 --- [main] com.alibaba.nacos.common.remote.client   : [ad110a36-8337-4cb9-ab09-38b1d234078a] Success to connect to server [localhost:8848] on start up, connectionId = 1785122656762_192.168.65.1_52335
11:24:16:885  INFO 97551 --- [main] com.alibaba.nacos.common.remote.client   : [ad110a36-8337-4cb9-ab09-38b1d234078a] Register server push request handler:com.alibaba.nacos.common.remote.client.RpcClient$ConnectResetRequestHandler
11:24:16:885  INFO 97551 --- [main] com.alibaba.nacos.common.remote.client   : [ad110a36-8337-4cb9-ab09-38b1d234078a] Register server push request handler:com.alibaba.nacos.common.remote.client.RpcClient$$Lambda$740/0x00000008004cbc40
11:24:16:885  INFO 97551 --- [com.alibaba.nacos.client.remote.worker] com.alibaba.nacos.common.remote.client   : [ad110a36-8337-4cb9-ab09-38b1d234078a] Notify connected event to listeners.
11:24:16:937  INFO 97551 --- [main] d.s.w.p.DocumentationPluginsBootstrapper : Documentation plugins bootstrapped
11:24:16:940  INFO 97551 --- [main] d.s.w.p.DocumentationPluginsBootstrapper : Found 1 custom documentation plugin(s)
11:24:16:967  INFO 97551 --- [main] s.d.s.w.s.ApiListingReferenceScanner     : Scanning for api listing references
11:24:17:086  INFO 97551 --- [main] com.hmall.item.IndexTest                 : Started IndexTest in 5.264 seconds (JVM running for 6.123)
11:24:17:093  INFO 97551 --- [main] c.a.c.n.refresh.NacosContextRefresher    : [Nacos Config] Listening config: dataId=item-service.yaml, group=DEFAULT_GROUP
11:24:17:093  INFO 97551 --- [main] c.a.c.n.refresh.NacosContextRefresher    : [Nacos Config] Listening config: dataId=item-service-local.yaml, group=DEFAULT_GROUP
11:24:17:094  INFO 97551 --- [main] c.a.c.n.refresh.NacosContextRefresher    : [Nacos Config] Listening config: dataId=item-service, group=DEFAULT_GROUP
11:24:17:479  INFO 97551 --- [nacos-grpc-client-executor-6] com.alibaba.nacos.common.remote.client   : [ad110a36-8337-4cb9-ab09-38b1d234078a] Receive server push request, request = NotifySubscriberRequest, requestId = 18
11:24:17:480  INFO 97551 --- [nacos-grpc-client-executor-6] com.alibaba.nacos.common.remote.client   : [ad110a36-8337-4cb9-ab09-38b1d234078a] Ack server push request, request = NotifySubscriberRequest, requestId = 18
11:24:17:936  WARN 97551 --- [Thread-5] c.a.nacos.common.notify.NotifyCenter     : [NotifyCenter] Start destroying Publisher
11:24:17:936  WARN 97551 --- [Thread-5] c.a.nacos.common.notify.NotifyCenter     : [NotifyCenter] Destruction of the end
11:24:17:936  WARN 97551 --- [Thread-1] c.a.n.common.http.HttpClientBeanHolder   : [HttpClientBeanHolder] Start destroying common HttpClient
11:24:17:937  WARN 97551 --- [Thread-1] c.a.n.common.http.HttpClientBeanHolder   : [HttpClientBeanHolder] Destruction of the end
11:24:18:578  INFO 97551 --- [SpringApplicationShutdownHook] com.alibaba.nacos.common.remote.client   : Shutdown rpc client, set status to shutdown
11:24:18:578  INFO 97551 --- [SpringApplicationShutdownHook] com.alibaba.nacos.common.remote.client   : Shutdown client event executor java.util.concurrent.ScheduledThreadPoolExecutor@547a3094[Running, pool size = 2, active threads = 2, queued tasks = 0, completed tasks = 0]
11:24:18:578  INFO 97551 --- [SpringApplicationShutdownHook] com.alibaba.nacos.common.remote.client   : Close current connection 1785122656762_192.168.65.1_52335
11:24:18:582  INFO 97551 --- [SpringApplicationShutdownHook] c.a.n.c.remote.client.grpc.GrpcClient    : Shutdown grpc executor java.util.concurrent.ThreadPoolExecutor@63674024[Running, pool size = 11, active threads = 0, queued tasks = 0, completed tasks = 11]
11:25:12:959  INFO 97665 --- [main] com.hmall.item.IndexTest                 : The following 1 profile is active: "local"
11:25:13:296  INFO 97665 --- [com.alibaba.nacos.client.remote.worker] com.alibaba.nacos.common.remote.client   : [30ff0eab-6666-45fc-8cb9-7133594d9007_config-0] Fail to connect server, after trying 5 times, last try server is {serverIp = 'localhost', server main port = 8848}, error = unknown
11:25:13:675  INFO 97665 --- [main] o.s.cloud.context.scope.GenericScope     : BeanFactory id=073440be-6b34-3aa6-944e-08d7326818ff
11:25:13:939  INFO 97665 --- [com.alibaba.nacos.client.remote.worker] com.alibaba.nacos.common.remote.client   : [30ff0eab-6666-45fc-8cb9-7133594d9007_config-0] Fail to connect server, after trying 6 times, last try server is {serverIp = 'localhost', server main port = 8848}, error = unknown
11:25:14:669  INFO 97665 --- [com.alibaba.nacos.client.remote.worker] com.alibaba.nacos.common.remote.client   : [30ff0eab-6666-45fc-8cb9-7133594d9007_config-0] Fail to connect server, after trying 7 times, last try server is {serverIp = 'localhost', server main port = 8848}, error = unknown
11:25:15:013  INFO 97665 --- [main] pertySourcedRequestMappingHandlerMapping : Mapped URL path [/v2/api-docs] onto method [springfox.documentation.swagger2.web.Swagger2ControllerWebMvc#getDocumentation(String, HttpServletRequest)]
11:25:15:531  INFO 97665 --- [com.alibaba.nacos.client.remote.worker] com.alibaba.nacos.common.remote.client   : [30ff0eab-6666-45fc-8cb9-7133594d9007_config-0] Fail to connect server, after trying 8 times, last try server is {serverIp = 'localhost', server main port = 8848}, error = unknown
11:25:15:665  INFO 97665 --- [main] com.alibaba.nacos.common.remote.client   : [RpcClientFactory] create a new rpc client of 8492a8d7-fe28-4db7-bfcf-62365d8c3660
11:25:15:666  INFO 97665 --- [main] com.alibaba.nacos.common.remote.client   : [8492a8d7-fe28-4db7-bfcf-62365d8c3660] RpcClient init label, labels = {module=naming, source=sdk}
11:25:15:668  INFO 97665 --- [main] com.alibaba.nacos.common.remote.client   : [8492a8d7-fe28-4db7-bfcf-62365d8c3660] RpcClient init, ServerListFactory = com.alibaba.nacos.client.naming.core.ServerListManager
11:25:15:668  INFO 97665 --- [main] com.alibaba.nacos.common.remote.client   : [8492a8d7-fe28-4db7-bfcf-62365d8c3660] Registry connection listener to current client:com.alibaba.nacos.client.naming.remote.gprc.redo.NamingGrpcRedoService
11:25:15:668  INFO 97665 --- [main] com.alibaba.nacos.common.remote.client   : [8492a8d7-fe28-4db7-bfcf-62365d8c3660] Register server push request handler:com.alibaba.nacos.client.naming.remote.gprc.NamingPushRequestHandler
11:25:15:669  INFO 97665 --- [main] com.alibaba.nacos.common.remote.client   : [8492a8d7-fe28-4db7-bfcf-62365d8c3660] Try to connect to server on start up, server: {serverIp = 'localhost', server main port = 8848}
11:25:15:697  INFO 97665 --- [main] com.alibaba.nacos.common.remote.client   : [8492a8d7-fe28-4db7-bfcf-62365d8c3660] Try to connect to server on start up, server: {serverIp = 'localhost', server main port = 8848}
11:25:15:719  INFO 97665 --- [main] com.alibaba.nacos.common.remote.client   : [8492a8d7-fe28-4db7-bfcf-62365d8c3660] Try to connect to server on start up, server: {serverIp = 'localhost', server main port = 8848}
11:25:15:743  INFO 97665 --- [main] com.alibaba.nacos.common.remote.client   : [8492a8d7-fe28-4db7-bfcf-62365d8c3660] Register server push request handler:com.alibaba.nacos.common.remote.client.RpcClient$ConnectResetRequestHandler
11:25:15:743  INFO 97665 --- [main] com.alibaba.nacos.common.remote.client   : [8492a8d7-fe28-4db7-bfcf-62365d8c3660] Register server push request handler:com.alibaba.nacos.common.remote.client.RpcClient$$Lambda$740/0x00000008004cb040
11:25:15:743  INFO 97665 --- [com.alibaba.nacos.client.remote.worker] com.alibaba.nacos.common.remote.client   : [8492a8d7-fe28-4db7-bfcf-62365d8c3660] Try to reconnect to a new server, server is  not appointed, will choose a random server.
11:25:15:848 ERROR 97665 --- [main] com.alibaba.nacos.common.remote.client   : Send request fail, request = SubscribeServiceRequest{headers={app=unknown}, requestId='null'}, retryTimes = 0, errorMessage = Client not connected, current status:STARTING
11:25:15:895  INFO 97665 --- [com.alibaba.nacos.client.remote.worker] com.alibaba.nacos.common.remote.client   : [8492a8d7-fe28-4db7-bfcf-62365d8c3660] Fail to connect server, after trying 1 times, last try server is {serverIp = 'localhost', server main port = 8848}, error = unknown
11:25:15:952 ERROR 97665 --- [main] com.alibaba.nacos.common.remote.client   : Send request fail, request = SubscribeServiceRequest{headers={app=unknown}, requestId='null'}, retryTimes = 1, errorMessage = Client not connected, current status:STARTING
11:25:16:058 ERROR 97665 --- [main] com.alibaba.nacos.common.remote.client   : Send request fail, request = SubscribeServiceRequest{headers={app=unknown}, requestId='null'}, retryTimes = 2, errorMessage = Client not connected, current status:STARTING
11:25:16:062 ERROR 97665 --- [main] c.a.cloud.nacos.discovery.NacosWatch     : namingService subscribe failed, properties:NacosDiscoveryProperties{serverAddr='localhost:8848', username='', password='', endpoint='', namespace='', watchDelay=30000, logName='', service='item-service', weight=1.0, clusterName='DEFAULT', group='DEFAULT_GROUP', namingLoadCacheAtStart='false', metadata={preserved.register.source=SPRING_CLOUD}, registerEnabled=true, ip='172.30.193.44', networkInterface='', port=-1, secure=false, accessKey='', secretKey='', heartBeatInterval=null, heartBeatTimeout=null, ipDeleteTimeout=null, instanceEnabled=true, ephemeral=true, failureToleranceEnabled=false}, ipDeleteTimeout=null, failFast=true}

com.alibaba.nacos.api.exception.NacosException: Request nacos server failed: 
	at com.alibaba.nacos.client.naming.remote.gprc.NamingGrpcClientProxy.requestToServer(NamingGrpcClientProxy.java:290) ~[nacos-client-2.0.4.jar:na]
	at com.alibaba.nacos.client.naming.remote.gprc.NamingGrpcClientProxy.doSubscribe(NamingGrpcClientProxy.java:230) ~[nacos-client-2.0.4.jar:na]
	at com.alibaba.nacos.client.naming.remote.gprc.NamingGrpcClientProxy.subscribe(NamingGrpcClientProxy.java:215) ~[nacos-client-2.0.4.jar:na]
	at com.alibaba.nacos.client.naming.remote.NamingClientProxyDelegate.subscribe(NamingClientProxyDelegate.java:147) ~[nacos-client-2.0.4.jar:na]
	at com.alibaba.nacos.client.naming.NacosNamingService.subscribe(NacosNamingService.java:393) ~[nacos-client-2.0.4.jar:na]
	at com.alibaba.cloud.nacos.discovery.NacosWatch.start(NacosWatch.java:132) ~[spring-cloud-starter-alibaba-nacos-discovery-2021.0.4.0.jar:2021.0.4.0]
	at org.springframework.context.support.DefaultLifecycleProcessor.doStart(DefaultLifecycleProcessor.java:178) ~[spring-context-5.3.27.jar:5.3.27]
	at org.springframework.context.support.DefaultLifecycleProcessor.access$200(DefaultLifecycleProcessor.java:54) ~[spring-context-5.3.27.jar:5.3.27]
	at org.springframework.context.support.DefaultLifecycleProcessor$LifecycleGroup.start(DefaultLifecycleProcessor.java:356) ~[spring-context-5.3.27.jar:5.3.27]
	at java.base/java.lang.Iterable.forEach(Iterable.java:75) ~[na:na]
	at org.springframework.context.support.DefaultLifecycleProcessor.startBeans(DefaultLifecycleProcessor.java:155) ~[spring-context-5.3.27.jar:5.3.27]
	at org.springframework.context.support.DefaultLifecycleProcessor.onRefresh(DefaultLifecycleProcessor.java:123) ~[spring-context-5.3.27.jar:5.3.27]
	at org.springframework.context.support.AbstractApplicationContext.finishRefresh(AbstractApplicationContext.java:937) ~[spring-context-5.3.27.jar:5.3.27]
	at org.springframework.context.support.AbstractApplicationContext.refresh(AbstractApplicationContext.java:586) ~[spring-context-5.3.27.jar:5.3.27]
	at org.springframework.boot.SpringApplication.refresh(SpringApplication.java:731) ~[spring-boot-2.7.12.jar:2.7.12]
	at org.springframework.boot.SpringApplication.refreshContext(SpringApplication.java:408) ~[spring-boot-2.7.12.jar:2.7.12]
	at org.springframework.boot.SpringApplication.run(SpringApplication.java:307) ~[spring-boot-2.7.12.jar:2.7.12]
	at org.springframework.boot.test.context.SpringBootContextLoader.loadContext(SpringBootContextLoader.java:136) ~[spring-boot-test-2.7.12.jar:2.7.12]
	at org.springframework.test.context.cache.DefaultCacheAwareContextLoaderDelegate.loadContextInternal(DefaultCacheAwareContextLoaderDelegate.java:141) ~[spring-test-5.3.27.jar:5.3.27]
	at org.springframework.test.context.cache.DefaultCacheAwareContextLoaderDelegate.loadContext(DefaultCacheAwareContextLoaderDelegate.java:90) ~[spring-test-5.3.27.jar:5.3.27]
	at org.springframework.test.context.support.DefaultTestContext.getApplicationContext(DefaultTestContext.java:124) ~[spring-test-5.3.27.jar:5.3.27]
	at org.springframework.test.context.web.ServletTestExecutionListener.setUpRequestContextIfNecessary(ServletTestExecutionListener.java:190) ~[spring-test-5.3.27.jar:5.3.27]
	at org.springframework.test.context.web.ServletTestExecutionListener.prepareTestInstance(ServletTestExecutionListener.java:132) ~[spring-test-5.3.27.jar:5.3.27]
	at org.springframework.test.context.TestContextManager.prepareTestInstance(TestContextManager.java:248) ~[spring-test-5.3.27.jar:5.3.27]
	at org.springframework.test.context.junit.jupiter.SpringExtension.postProcessTestInstance(SpringExtension.java:138) ~[spring-test-5.3.27.jar:5.3.27]
	at org.junit.jupiter.engine.descriptor.ClassBasedTestDescriptor.lambda$invokeTestInstancePostProcessors$8(ClassBasedTestDescriptor.java:363) ~[junit-jupiter-engine-5.8.2.jar:5.8.2]
	at org.junit.jupiter.engine.descriptor.ClassBasedTestDescriptor.executeAndMaskThrowable(ClassBasedTestDescriptor.java:368) ~[junit-jupiter-engine-5.8.2.jar:5.8.2]
	at org.junit.jupiter.engine.descriptor.ClassBasedTestDescriptor.lambda$invokeTestInstancePostProcessors$9(ClassBasedTestDescriptor.java:363) ~[junit-jupiter-engine-5.8.2.jar:5.8.2]
	at java.base/java.util.stream.ReferencePipeline$3$1.accept(ReferencePipeline.java:195) ~[na:na]
	at java.base/java.util.stream.ReferencePipeline$2$1.accept(ReferencePipeline.java:177) ~[na:na]
	at java.base/java.util.ArrayList$ArrayListSpliterator.forEachRemaining(ArrayList.java:1655) ~[na:na]
	at java.base/java.util.stream.AbstractPipeline.copyInto(AbstractPipeline.java:484) ~[na:na]
	at java.base/java.util.stream.AbstractPipeline.wrapAndCopyInto(AbstractPipeline.java:474) ~[na:na]
	at java.base/java.util.stream.StreamSpliterators$WrappingSpliterator.forEachRemaining(StreamSpliterators.java:312) ~[na:na]
	at java.base/java.util.stream.Streams$ConcatSpliterator.forEachRemaining(Streams.java:735) ~[na:na]
	at java.base/java.util.stream.Streams$ConcatSpliterator.forEachRemaining(Streams.java:734) ~[na:na]
	at java.base/java.util.stream.ReferencePipeline$Head.forEach(ReferencePipeline.java:658) ~[na:na]
	at org.junit.jupiter.engine.descriptor.ClassBasedTestDescriptor.invokeTestInstancePostProcessors(ClassBasedTestDescriptor.java:362) ~[junit-jupiter-engine-5.8.2.jar:5.8.2]
	at org.junit.jupiter.engine.descriptor.ClassBasedTestDescriptor.lambda$instantiateAndPostProcessTestInstance$6(ClassBasedTestDescriptor.java:283) ~[junit-jupiter-engine-5.8.2.jar:5.8.2]
	at org.junit.platform.engine.support.hierarchical.ThrowableCollector.execute(ThrowableCollector.java:73) ~[junit-platform-engine-1.8.2.jar:1.8.2]
	at org.junit.jupiter.engine.descriptor.ClassBasedTestDescriptor.instantiateAndPostProcessTestInstance(ClassBasedTestDescriptor.java:282) ~[junit-jupiter-engine-5.8.2.jar:5.8.2]
	at org.junit.jupiter.engine.descriptor.ClassBasedTestDescriptor.lambda$testInstancesProvider$4(ClassBasedTestDescriptor.java:272) ~[junit-jupiter-engine-5.8.2.jar:5.8.2]
	at java.base/java.util.Optional.orElseGet(Optional.java:369) ~[na:na]
	at org.junit.jupiter.engine.descriptor.ClassBasedTestDescriptor.lambda$testInstancesProvider$5(ClassBasedTestDescriptor.java:271) ~[junit-jupiter-engine-5.8.2.jar:5.8.2]
	at org.junit.jupiter.engine.execution.TestInstancesProvider.getTestInstances(TestInstancesProvider.java:31) ~[junit-jupiter-engine-5.8.2.jar:5.8.2]
	at org.junit.jupiter.engine.descriptor.TestMethodTestDescriptor.lambda$prepare$0(TestMethodTestDescriptor.java:102) ~[junit-jupiter-engine-5.8.2.jar:5.8.2]
	at org.junit.platform.engine.support.hierarchical.ThrowableCollector.execute(ThrowableCollector.java:73) ~[junit-platform-engine-1.8.2.jar:1.8.2]
	at org.junit.jupiter.engine.descriptor.TestMethodTestDescriptor.prepare(TestMethodTestDescriptor.java:101) ~[junit-jupiter-engine-5.8.2.jar:5.8.2]
	at org.junit.jupiter.engine.descriptor.TestMethodTestDescriptor.prepare(TestMethodTestDescriptor.java:66) ~[junit-jupiter-engine-5.8.2.jar:5.8.2]
	at org.junit.platform.engine.support.hierarchical.NodeTestTask.lambda$prepare$2(NodeTestTask.java:123) ~[junit-platform-engine-1.8.2.jar:1.8.2]
	at org.junit.platform.engine.support.hierarchical.ThrowableCollector.execute(ThrowableCollector.java:73) ~[junit-platform-engine-1.8.2.jar:1.8.2]
	at org.junit.platform.engine.support.hierarchical.NodeTestTask.prepare(NodeTestTask.java:123) ~[junit-platform-engine-1.8.2.jar:1.8.2]
	at org.junit.platform.engine.support.hierarchical.NodeTestTask.execute(NodeTestTask.java:90) ~[junit-platform-engine-1.8.2.jar:1.8.2]
	at java.base/java.util.ArrayList.forEach(ArrayList.java:1541) ~[na:na]
	at org.junit.platform.engine.support.hierarchical.SameThreadHierarchicalTestExecutorService.invokeAll(SameThreadHierarchicalTestExecutorService.java:41) ~[junit-platform-engine-1.8.2.jar:1.8.2]
	at org.junit.platform.engine.support.hierarchical.NodeTestTask.lambda$executeRecursively$6(NodeTestTask.java:155) ~[junit-platform-engine-1.8.2.jar:1.8.2]
	at org.junit.platform.engine.support.hierarchical.ThrowableCollector.execute(ThrowableCollector.java:73) ~[junit-platform-engine-1.8.2.jar:1.8.2]
	at org.junit.platform.engine.support.hierarchical.NodeTestTask.lambda$executeRecursively$8(NodeTestTask.java:141) ~[junit-platform-engine-1.8.2.jar:1.8.2]
	at org.junit.platform.engine.support.hierarchical.Node.around(Node.java:137) ~[junit-platform-engine-1.8.2.jar:1.8.2]
	at org.junit.platform.engine.support.hierarchical.NodeTestTask.lambda$executeRecursively$9(NodeTestTask.java:139) ~[junit-platform-engine-1.8.2.jar:1.8.2]
	at org.junit.platform.engine.support.hierarchical.ThrowableCollector.execute(ThrowableCollector.java:73) ~[junit-platform-engine-1.8.2.jar:1.8.2]
	at org.junit.platform.engine.support.hierarchical.NodeTestTask.executeRecursively(NodeTestTask.java:138) ~[junit-platform-engine-1.8.2.jar:1.8.2]
	at org.junit.platform.engine.support.hierarchical.NodeTestTask.execute(NodeTestTask.java:95) ~[junit-platform-engine-1.8.2.jar:1.8.2]
	at java.base/java.util.ArrayList.forEach(ArrayList.java:1541) ~[na:na]
	at org.junit.platform.engine.support.hierarchical.SameThreadHierarchicalTestExecutorService.invokeAll(SameThreadHierarchicalTestExecutorService.java:41) ~[junit-platform-engine-1.8.2.jar:1.8.2]
	at org.junit.platform.engine.support.hierarchical.NodeTestTask.lambda$executeRecursively$6(NodeTestTask.java:155) ~[junit-platform-engine-1.8.2.jar:1.8.2]
	at org.junit.platform.engine.support.hierarchical.ThrowableCollector.execute(ThrowableCollector.java:73) ~[junit-platform-engine-1.8.2.jar:1.8.2]
	at org.junit.platform.engine.support.hierarchical.NodeTestTask.lambda$executeRecursively$8(NodeTestTask.java:141) ~[junit-platform-engine-1.8.2.jar:1.8.2]
	at org.junit.platform.engine.support.hierarchical.Node.around(Node.java:137) ~[junit-platform-engine-1.8.2.jar:1.8.2]
	at org.junit.platform.engine.support.hierarchical.NodeTestTask.lambda$executeRecursively$9(NodeTestTask.java:139) ~[junit-platform-engine-1.8.2.jar:1.8.2]
	at org.junit.platform.engine.support.hierarchical.ThrowableCollector.execute(ThrowableCollector.java:73) ~[junit-platform-engine-1.8.2.jar:1.8.2]
	at org.junit.platform.engine.support.hierarchical.NodeTestTask.executeRecursively(NodeTestTask.java:138) ~[junit-platform-engine-1.8.2.jar:1.8.2]
	at org.junit.platform.engine.support.hierarchical.NodeTestTask.execute(NodeTestTask.java:95) ~[junit-platform-engine-1.8.2.jar:1.8.2]
	at org.junit.platform.engine.support.hierarchical.SameThreadHierarchicalTestExecutorService.submit(SameThreadHierarchicalTestExecutorService.java:35) ~[junit-platform-engine-1.8.2.jar:1.8.2]
	at org.junit.platform.engine.support.hierarchical.HierarchicalTestExecutor.execute(HierarchicalTestExecutor.java:57) ~[junit-platform-engine-1.8.2.jar:1.8.2]
	at org.junit.platform.engine.support.hierarchical.HierarchicalTestEngine.execute(HierarchicalTestEngine.java:54) ~[junit-platform-engine-1.8.2.jar:1.8.2]
	at org.junit.platform.launcher.core.EngineExecutionOrchestrator.execute(EngineExecutionOrchestrator.java:107) ~[junit-platform-launcher-1.8.2.jar:1.8.2]
	at org.junit.platform.launcher.core.EngineExecutionOrchestrator.execute(EngineExecutionOrchestrator.java:88) ~[junit-platform-launcher-1.8.2.jar:1.8.2]
	at org.junit.platform.launcher.core.EngineExecutionOrchestrator.lambda$execute$0(EngineExecutionOrchestrator.java:54) ~[junit-platform-launcher-1.8.2.jar:1.8.2]
	at org.junit.platform.launcher.core.EngineExecutionOrchestrator.withInterceptedStreams(EngineExecutionOrchestrator.java:67) ~[junit-platform-launcher-1.8.2.jar:1.8.2]
	at org.junit.platform.launcher.core.EngineExecutionOrchestrator.execute(EngineExecutionOrchestrator.java:52) ~[junit-platform-launcher-1.8.2.jar:1.8.2]
	at org.junit.platform.launcher.core.DefaultLauncher.execute(DefaultLauncher.java:114) ~[junit-platform-launcher-1.8.2.jar:1.8.2]
	at org.junit.platform.launcher.core.DefaultLauncher.execute(DefaultLauncher.java:86) ~[junit-platform-launcher-1.8.2.jar:1.8.2]
	at org.junit.platform.launcher.core.DefaultLauncherSession$DelegatingLauncher.execute(DefaultLauncherSession.java:86) ~[junit-platform-launcher-1.8.2.jar:1.8.2]
	at org.junit.platform.launcher.core.SessionPerRequestLauncher.execute(SessionPerRequestLauncher.java:53) ~[junit-platform-launcher-1.8.2.jar:1.8.2]
	at com.intellij.junit5.JUnit5TestRunnerHelper.execute(JUnit5TestRunnerHelper.java:134) ~[junit5-rt.jar:na]
	at com.intellij.junit5.JUnit5IdeaTestRunner.startRunnerWithArgs(JUnit5IdeaTestRunner.java:70) ~[junit5-rt.jar:na]
	at com.intellij.rt.junit.IdeaTestRunner$Repeater$1.execute(IdeaTestRunner.java:38) ~[junit-rt.jar:na]
	at com.intellij.rt.execution.junit.TestsRepeater.repeat(TestsRepeater.java:11) ~[idea_rt.jar:na]
	at com.intellij.rt.junit.IdeaTestRunner$Repeater.startRunnerWithArgs(IdeaTestRunner.java:35) ~[junit-rt.jar:na]
	at com.intellij.rt.junit.JUnitStarter.prepareStreamsAndStart(JUnitStarter.java:225) ~[junit-rt.jar:na]
	at com.intellij.rt.junit.JUnitStarter.main(JUnitStarter.java:61) ~[junit-rt.jar:na]
Caused by: com.alibaba.nacos.api.exception.NacosException: Client not connected, current status:STARTING
	at com.alibaba.nacos.common.remote.client.RpcClient.request(RpcClient.java:650) ~[nacos-client-2.0.4.jar:na]
	at com.alibaba.nacos.common.remote.client.RpcClient.request(RpcClient.java:630) ~[nacos-client-2.0.4.jar:na]
	at com.alibaba.nacos.client.naming.remote.gprc.NamingGrpcClientProxy.requestToServer(NamingGrpcClientProxy.java:280) ~[nacos-client-2.0.4.jar:na]
	... 91 common frames omitted

11:25:16:065  INFO 97665 --- [main] d.s.w.p.DocumentationPluginsBootstrapper : Documentation plugins bootstrapped
11:25:16:067  INFO 97665 --- [main] d.s.w.p.DocumentationPluginsBootstrapper : Found 1 custom documentation plugin(s)
11:25:16:090  INFO 97665 --- [main] s.d.s.w.s.ApiListingReferenceScanner     : Scanning for api listing references
11:25:16:125  INFO 97665 --- [com.alibaba.nacos.client.remote.worker] com.alibaba.nacos.common.remote.client   : [8492a8d7-fe28-4db7-bfcf-62365d8c3660] Fail to connect server, after trying 2 times, last try server is {serverIp = 'localhost', server main port = 8848}, error = unknown
11:25:16:255  INFO 97665 --- [main] com.hmall.item.IndexTest                 : Started IndexTest in 7.556 seconds (JVM running for 8.549)
11:25:16:270  INFO 97665 --- [main] c.a.c.n.refresh.NacosContextRefresher    : [Nacos Config] Listening config: dataId=item-service.yaml, group=DEFAULT_GROUP
11:25:16:271  INFO 97665 --- [main] c.a.c.n.refresh.NacosContextRefresher    : [Nacos Config] Listening config: dataId=item-service-local.yaml, group=DEFAULT_GROUP
11:25:16:272  INFO 97665 --- [main] c.a.c.n.refresh.NacosContextRefresher    : [Nacos Config] Listening config: dataId=item-service, group=DEFAULT_GROUP
11:25:16:384 ERROR 97665 --- [com.alibaba.nacos.client.Worker] com.alibaba.nacos.common.remote.client   : Send request fail, request = ConfigBatchListenRequest{headers={charset=UTF-8, Client-AppName=unknown, Client-RequestToken=d4d303ef6e72310154e385ad5e2def7d, Client-RequestTS=1785122716277, exConfigInfo=true, Timestamp=1785122716279}, requestId='null'}, retryTimes = 0, errorMessage = Client not connected, current status:STARTING
11:25:16:458  INFO 97665 --- [com.alibaba.nacos.client.remote.worker] com.alibaba.nacos.common.remote.client   : [8492a8d7-fe28-4db7-bfcf-62365d8c3660] Fail to connect server, after trying 3 times, last try server is {serverIp = 'localhost', server main port = 8848}, error = unknown
11:25:16:458  INFO 97665 --- [com.alibaba.nacos.client.remote.worker] com.alibaba.nacos.common.remote.client   : [30ff0eab-6666-45fc-8cb9-7133594d9007_config-0] Fail to connect server, after trying 9 times, last try server is {serverIp = 'localhost', server main port = 8848}, error = unknown
11:25:16:490 ERROR 97665 --- [com.alibaba.nacos.client.Worker] com.alibaba.nacos.common.remote.client   : Send request fail, request = ConfigBatchListenRequest{headers={charset=UTF-8, Client-AppName=unknown, Client-RequestToken=d4d303ef6e72310154e385ad5e2def7d, Client-RequestTS=1785122716277, exConfigInfo=true, Timestamp=1785122716279}, requestId='null'}, retryTimes = 1, errorMessage = Client not connected, current status:STARTING
11:25:16:592 ERROR 97665 --- [com.alibaba.nacos.client.Worker] com.alibaba.nacos.common.remote.client   : Send request fail, request = ConfigBatchListenRequest{headers={charset=UTF-8, Client-AppName=unknown, Client-RequestToken=d4d303ef6e72310154e385ad5e2def7d, Client-RequestTS=1785122716277, exConfigInfo=true, Timestamp=1785122716279}, requestId='null'}, retryTimes = 2, errorMessage = Client not connected, current status:STARTING
11:25:16:663  INFO 97665 --- [main] com.zaxxer.hikari.HikariDataSource       : HikariPool-1 - Starting...
11:25:16:755 ERROR 97665 --- [com.alibaba.nacos.client.Worker] com.alibaba.nacos.common.remote.client   : Send request fail, request = ConfigBatchListenRequest{headers={charset=UTF-8, Client-AppName=unknown, Client-RequestToken=e8b8dfea53e13d31dd668c898705800d, Client-RequestTS=1785122716653, exConfigInfo=true, Timestamp=1785122716653}, requestId='null'}, retryTimes = 0, errorMessage = Client not connected, current status:STARTING
11:25:16:848 ERROR 97665 --- [com.alibaba.nacos.client.naming.updater.0] com.alibaba.nacos.common.remote.client   : Send request fail, request = ServiceQueryRequest{headers={app=unknown}, requestId='null'}, retryTimes = 0, errorMessage = Client not connected, current status:STARTING
11:25:16:857 ERROR 97665 --- [com.alibaba.nacos.client.Worker] com.alibaba.nacos.common.remote.client   : Send request fail, request = ConfigBatchListenRequest{headers={charset=UTF-8, Client-AppName=unknown, Client-RequestToken=e8b8dfea53e13d31dd668c898705800d, Client-RequestTS=1785122716653, exConfigInfo=true, Timestamp=1785122716653}, requestId='null'}, retryTimes = 1, errorMessage = Client not connected, current status:STARTING
11:25:16:896  INFO 97665 --- [main] com.zaxxer.hikari.HikariDataSource       : HikariPool-1 - Start completed.
11:25:16:896  INFO 97665 --- [com.alibaba.nacos.client.remote.worker] com.alibaba.nacos.common.remote.client   : [8492a8d7-fe28-4db7-bfcf-62365d8c3660] Fail to connect server, after trying 4 times, last try server is {serverIp = 'localhost', server main port = 8848}, error = unknown
11:25:16:902 DEBUG 97665 --- [main] c.h.item.mapper.ItemMapper.selectById    : ==>  Preparing: SELECT id,name,price,stock,image,category,brand,spec,sold,comment_count,isAD,status,create_time,update_time,creater,updater FROM item WHERE id=?
11:25:16:920 DEBUG 97665 --- [main] c.h.item.mapper.ItemMapper.selectById    : ==> Parameters: 625465(Integer)
11:25:16:944 DEBUG 97665 --- [main] c.h.item.mapper.ItemMapper.selectById    : <==      Total: 1
11:25:16:949 ERROR 97665 --- [com.alibaba.nacos.client.naming.updater.0] com.alibaba.nacos.common.remote.client   : Send request fail, request = ServiceQueryRequest{headers={app=unknown}, requestId='null'}, retryTimes = 1, errorMessage = Client not connected, current status:STARTING
11:25:16:958 ERROR 97665 --- [com.alibaba.nacos.client.Worker] com.alibaba.nacos.common.remote.client   : Send request fail, request = ConfigBatchListenRequest{headers={charset=UTF-8, Client-AppName=unknown, Client-RequestToken=e8b8dfea53e13d31dd668c898705800d, Client-RequestTS=1785122716653, exConfigInfo=true, Timestamp=1785122716653}, requestId='null'}, retryTimes = 2, errorMessage = Client not connected, current status:STARTING
11:25:17:050 ERROR 97665 --- [com.alibaba.nacos.client.naming.updater.0] com.alibaba.nacos.common.remote.client   : Send request fail, request = ServiceQueryRequest{headers={app=unknown}, requestId='null'}, retryTimes = 2, errorMessage = Client not connected, current status:STARTING
11:25:17:528  INFO 97665 --- [com.alibaba.nacos.client.remote.worker] com.alibaba.nacos.common.remote.client   : [8492a8d7-fe28-4db7-bfcf-62365d8c3660] Success to connect a server [localhost:8848], connectionId = 1785122717406_192.168.65.1_59177
11:25:17:529  INFO 97665 --- [com.alibaba.nacos.client.remote.worker] com.alibaba.nacos.common.remote.client   : [8492a8d7-fe28-4db7-bfcf-62365d8c3660] Notify connected event to listeners.
11:25:17:589  INFO 97665 --- [com.alibaba.nacos.client.remote.worker] com.alibaba.nacos.common.remote.client   : [30ff0eab-6666-45fc-8cb9-7133594d9007_config-0] Success to connect a server [localhost:8848], connectionId = 1785122717467_192.168.65.1_41025
11:25:17:590  INFO 97665 --- [com.alibaba.nacos.client.remote.worker] com.alibaba.nacos.common.remote.client   : [30ff0eab-6666-45fc-8cb9-7133594d9007_config-0] Notify connected event to listeners.
11:25:17:590  WARN 97665 --- [Thread-5] c.a.nacos.common.notify.NotifyCenter     : [NotifyCenter] Start destroying Publisher
11:25:17:590  WARN 97665 --- [Thread-5] c.a.nacos.common.notify.NotifyCenter     : [NotifyCenter] Destruction of the end
11:25:17:591  WARN 97665 --- [Thread-1] c.a.n.common.http.HttpClientBeanHolder   : [HttpClientBeanHolder] Start destroying common HttpClient
11:25:17:592  WARN 97665 --- [Thread-1] c.a.n.common.http.HttpClientBeanHolder   : [HttpClientBeanHolder] Destruction of the end
11:25:19:009  INFO 97665 --- [SpringApplicationShutdownHook] com.alibaba.nacos.common.remote.client   : Shutdown rpc client, set status to shutdown
11:25:19:009  INFO 97665 --- [SpringApplicationShutdownHook] com.alibaba.nacos.common.remote.client   : Shutdown client event executor java.util.concurrent.ScheduledThreadPoolExecutor@cb8fbdb[Running, pool size = 2, active threads = 2, queued tasks = 0, completed tasks = 0]
11:25:19:010  INFO 97665 --- [SpringApplicationShutdownHook] com.alibaba.nacos.common.remote.client   : Close current connection 1785122717406_192.168.65.1_59177
11:25:19:010  INFO 97665 --- [SpringApplicationShutdownHook] c.a.n.c.remote.client.grpc.GrpcClient    : Shutdown grpc executor java.util.concurrent.ThreadPoolExecutor@3b33f901[Running, pool size = 28, active threads = 0, queued tasks = 0, completed tasks = 28]
11:25:19:014  INFO 97665 --- [SpringApplicationShutdownHook] com.zaxxer.hikari.HikariDataSource       : HikariPool-1 - Shutdown initiated...
11:25:19:045  INFO 97665 --- [SpringApplicationShutdownHook] com.zaxxer.hikari.HikariDataSource       : HikariPool-1 - Shutdown completed.
11:25:26:012  INFO 97702 --- [main] com.hmall.item.IndexTest                 : The following 1 profile is active: "local"
11:25:26:526  INFO 97702 --- [main] o.s.cloud.context.scope.GenericScope     : BeanFactory id=073440be-6b34-3aa6-944e-08d7326818ff
11:25:27:542  INFO 97702 --- [main] pertySourcedRequestMappingHandlerMapping : Mapped URL path [/v2/api-docs] onto method [springfox.documentation.swagger2.web.Swagger2ControllerWebMvc#getDocumentation(String, HttpServletRequest)]
11:25:28:120  INFO 97702 --- [main] com.alibaba.nacos.common.remote.client   : [RpcClientFactory] create a new rpc client of bfd6ef67-865e-46f1-9bec-2ff94597d831
11:25:28:121  INFO 97702 --- [main] com.alibaba.nacos.common.remote.client   : [bfd6ef67-865e-46f1-9bec-2ff94597d831] RpcClient init label, labels = {module=naming, source=sdk}
11:25:28:125  INFO 97702 --- [main] com.alibaba.nacos.common.remote.client   : [bfd6ef67-865e-46f1-9bec-2ff94597d831] RpcClient init, ServerListFactory = com.alibaba.nacos.client.naming.core.ServerListManager
11:25:28:125  INFO 97702 --- [main] com.alibaba.nacos.common.remote.client   : [bfd6ef67-865e-46f1-9bec-2ff94597d831] Registry connection listener to current client:com.alibaba.nacos.client.naming.remote.gprc.redo.NamingGrpcRedoService
11:25:28:126  INFO 97702 --- [main] com.alibaba.nacos.common.remote.client   : [bfd6ef67-865e-46f1-9bec-2ff94597d831] Register server push request handler:com.alibaba.nacos.client.naming.remote.gprc.NamingPushRequestHandler
11:25:28:127  INFO 97702 --- [main] com.alibaba.nacos.common.remote.client   : [bfd6ef67-865e-46f1-9bec-2ff94597d831] Try to connect to server on start up, server: {serverIp = 'localhost', server main port = 8848}
11:25:28:274  INFO 97702 --- [main] com.alibaba.nacos.common.remote.client   : [bfd6ef67-865e-46f1-9bec-2ff94597d831] Success to connect to server [localhost:8848] on start up, connectionId = 1785122728147_192.168.65.1_37828
11:25:28:274  INFO 97702 --- [main] com.alibaba.nacos.common.remote.client   : [bfd6ef67-865e-46f1-9bec-2ff94597d831] Register server push request handler:com.alibaba.nacos.common.remote.client.RpcClient$ConnectResetRequestHandler
11:25:28:275  INFO 97702 --- [main] com.alibaba.nacos.common.remote.client   : [bfd6ef67-865e-46f1-9bec-2ff94597d831] Register server push request handler:com.alibaba.nacos.common.remote.client.RpcClient$$Lambda$740/0x00000008004cbc40
11:25:28:274  INFO 97702 --- [com.alibaba.nacos.client.remote.worker] com.alibaba.nacos.common.remote.client   : [bfd6ef67-865e-46f1-9bec-2ff94597d831] Notify connected event to listeners.
11:25:28:316  INFO 97702 --- [main] d.s.w.p.DocumentationPluginsBootstrapper : Documentation plugins bootstrapped
11:25:28:318  INFO 97702 --- [main] d.s.w.p.DocumentationPluginsBootstrapper : Found 1 custom documentation plugin(s)
11:25:28:347  INFO 97702 --- [main] s.d.s.w.s.ApiListingReferenceScanner     : Scanning for api listing references
11:25:28:455  INFO 97702 --- [main] com.hmall.item.IndexTest                 : Started IndexTest in 6.285 seconds (JVM running for 7.271)
11:25:28:462  INFO 97702 --- [main] c.a.c.n.refresh.NacosContextRefresher    : [Nacos Config] Listening config: dataId=item-service.yaml, group=DEFAULT_GROUP
11:25:28:462  INFO 97702 --- [main] c.a.c.n.refresh.NacosContextRefresher    : [Nacos Config] Listening config: dataId=item-service-local.yaml, group=DEFAULT_GROUP
11:25:28:462  INFO 97702 --- [main] c.a.c.n.refresh.NacosContextRefresher    : [Nacos Config] Listening config: dataId=item-service, group=DEFAULT_GROUP
11:25:28:853  INFO 97702 --- [nacos-grpc-client-executor-8] com.alibaba.nacos.common.remote.client   : [bfd6ef67-865e-46f1-9bec-2ff94597d831] Receive server push request, request = NotifySubscriberRequest, requestId = 8
11:25:28:854  INFO 97702 --- [nacos-grpc-client-executor-8] com.alibaba.nacos.common.remote.client   : [bfd6ef67-865e-46f1-9bec-2ff94597d831] Ack server push request, request = NotifySubscriberRequest, requestId = 8
11:25:29:221  WARN 97702 --- [Thread-5] c.a.nacos.common.notify.NotifyCenter     : [NotifyCenter] Start destroying Publisher
11:25:29:222  WARN 97702 --- [Thread-1] c.a.n.common.http.HttpClientBeanHolder   : [HttpClientBeanHolder] Start destroying common HttpClient
11:25:29:222  WARN 97702 --- [Thread-5] c.a.nacos.common.notify.NotifyCenter     : [NotifyCenter] Destruction of the end
11:25:29:224  WARN 97702 --- [Thread-1] c.a.n.common.http.HttpClientBeanHolder   : [HttpClientBeanHolder] Destruction of the end
11:25:29:572  INFO 97702 --- [SpringApplicationShutdownHook] com.alibaba.nacos.common.remote.client   : Shutdown rpc client, set status to shutdown
11:25:29:572  INFO 97702 --- [SpringApplicationShutdownHook] com.alibaba.nacos.common.remote.client   : Shutdown client event executor java.util.concurrent.ScheduledThreadPoolExecutor@41d7b0ad[Running, pool size = 2, active threads = 2, queued tasks = 0, completed tasks = 0]
11:25:29:572  INFO 97702 --- [SpringApplicationShutdownHook] com.alibaba.nacos.common.remote.client   : Close current connection 1785122728147_192.168.65.1_37828
11:25:29:572  INFO 97702 --- [SpringApplicationShutdownHook] c.a.n.c.remote.client.grpc.GrpcClient    : Shutdown grpc executor java.util.concurrent.ThreadPoolExecutor@6b362db4[Running, pool size = 10, active threads = 0, queued tasks = 0, completed tasks = 10]
12:03:16:624  INFO 2088 --- [main] com.hmall.item.IndexTest                 : The following 1 profile is active: "local"
12:03:17:184  INFO 2088 --- [main] o.s.cloud.context.scope.GenericScope     : BeanFactory id=073440be-6b34-3aa6-944e-08d7326818ff
12:03:18:299  INFO 2088 --- [main] pertySourcedRequestMappingHandlerMapping : Mapped URL path [/v2/api-docs] onto method [springfox.documentation.swagger2.web.Swagger2ControllerWebMvc#getDocumentation(String, HttpServletRequest)]
12:03:18:836  INFO 2088 --- [main] com.alibaba.nacos.common.remote.client   : [RpcClientFactory] create a new rpc client of cecea005-5321-4e75-b20e-af8b2ecc1a18
12:03:18:837  INFO 2088 --- [main] com.alibaba.nacos.common.remote.client   : [cecea005-5321-4e75-b20e-af8b2ecc1a18] RpcClient init label, labels = {module=naming, source=sdk}
12:03:18:838  INFO 2088 --- [main] com.alibaba.nacos.common.remote.client   : [cecea005-5321-4e75-b20e-af8b2ecc1a18] RpcClient init, ServerListFactory = com.alibaba.nacos.client.naming.core.ServerListManager
12:03:18:838  INFO 2088 --- [main] com.alibaba.nacos.common.remote.client   : [cecea005-5321-4e75-b20e-af8b2ecc1a18] Registry connection listener to current client:com.alibaba.nacos.client.naming.remote.gprc.redo.NamingGrpcRedoService
12:03:18:838  INFO 2088 --- [main] com.alibaba.nacos.common.remote.client   : [cecea005-5321-4e75-b20e-af8b2ecc1a18] Register server push request handler:com.alibaba.nacos.client.naming.remote.gprc.NamingPushRequestHandler
12:03:18:839  INFO 2088 --- [main] com.alibaba.nacos.common.remote.client   : [cecea005-5321-4e75-b20e-af8b2ecc1a18] Try to connect to server on start up, server: {serverIp = 'localhost', server main port = 8848}
12:03:18:966  INFO 2088 --- [main] com.alibaba.nacos.common.remote.client   : [cecea005-5321-4e75-b20e-af8b2ecc1a18] Success to connect to server [localhost:8848] on start up, connectionId = 1785124998853_192.168.65.1_65298
12:03:18:966  INFO 2088 --- [main] com.alibaba.nacos.common.remote.client   : [cecea005-5321-4e75-b20e-af8b2ecc1a18] Register server push request handler:com.alibaba.nacos.common.remote.client.RpcClient$ConnectResetRequestHandler
12:03:18:966  INFO 2088 --- [main] com.alibaba.nacos.common.remote.client   : [cecea005-5321-4e75-b20e-af8b2ecc1a18] Register server push request handler:com.alibaba.nacos.common.remote.client.RpcClient$$Lambda$740/0x00000008004cbc40
12:03:18:966  INFO 2088 --- [com.alibaba.nacos.client.remote.worker] com.alibaba.nacos.common.remote.client   : [cecea005-5321-4e75-b20e-af8b2ecc1a18] Notify connected event to listeners.
12:03:19:006  INFO 2088 --- [main] d.s.w.p.DocumentationPluginsBootstrapper : Documentation plugins bootstrapped
12:03:19:008  INFO 2088 --- [main] d.s.w.p.DocumentationPluginsBootstrapper : Found 1 custom documentation plugin(s)
12:03:19:062  INFO 2088 --- [main] s.d.s.w.s.ApiListingReferenceScanner     : Scanning for api listing references
12:03:19:192  INFO 2088 --- [main] com.hmall.item.IndexTest                 : Started IndexTest in 4.161 seconds (JVM running for 4.946)
12:03:19:196  INFO 2088 --- [main] c.a.c.n.refresh.NacosContextRefresher    : [Nacos Config] Listening config: dataId=item-service.yaml, group=DEFAULT_GROUP
12:03:19:197  INFO 2088 --- [main] c.a.c.n.refresh.NacosContextRefresher    : [Nacos Config] Listening config: dataId=item-service-local.yaml, group=DEFAULT_GROUP
12:03:19:198  INFO 2088 --- [main] c.a.c.n.refresh.NacosContextRefresher    : [Nacos Config] Listening config: dataId=item-service, group=DEFAULT_GROUP
12:03:19:727  INFO 2088 --- [nacos-grpc-client-executor-7] com.alibaba.nacos.common.remote.client   : [cecea005-5321-4e75-b20e-af8b2ecc1a18] Receive server push request, request = NotifySubscriberRequest, requestId = 9
12:03:19:729  INFO 2088 --- [nacos-grpc-client-executor-7] com.alibaba.nacos.common.remote.client   : [cecea005-5321-4e75-b20e-af8b2ecc1a18] Ack server push request, request = NotifySubscriberRequest, requestId = 9
12:03:20:152  WARN 2088 --- [Thread-1] c.a.n.common.http.HttpClientBeanHolder   : [HttpClientBeanHolder] Start destroying common HttpClient
12:03:20:153  WARN 2088 --- [Thread-5] c.a.nacos.common.notify.NotifyCenter     : [NotifyCenter] Start destroying Publisher
12:03:20:153  WARN 2088 --- [Thread-5] c.a.nacos.common.notify.NotifyCenter     : [NotifyCenter] Destruction of the end
12:03:20:153  WARN 2088 --- [Thread-1] c.a.n.common.http.HttpClientBeanHolder   : [HttpClientBeanHolder] Destruction of the end
12:03:20:926  INFO 2088 --- [SpringApplicationShutdownHook] com.alibaba.nacos.common.remote.client   : Shutdown rpc client, set status to shutdown
12:03:20:926  INFO 2088 --- [SpringApplicationShutdownHook] com.alibaba.nacos.common.remote.client   : Shutdown client event executor java.util.concurrent.ScheduledThreadPoolExecutor@339815b5[Running, pool size = 2, active threads = 2, queued tasks = 0, completed tasks = 0]
12:03:20:926  INFO 2088 --- [SpringApplicationShutdownHook] com.alibaba.nacos.common.remote.client   : Close current connection 1785124998853_192.168.65.1_65298
12:03:20:931  INFO 2088 --- [SpringApplicationShutdownHook] c.a.n.c.remote.client.grpc.GrpcClient    : Shutdown grpc executor java.util.concurrent.ThreadPoolExecutor@3f2520dd[Running, pool size = 12, active threads = 0, queued tasks = 0, completed tasks = 12]
12:03:20:932  INFO 2088 --- [nacos-grpc-client-executor-12] c.a.n.c.remote.client.grpc.GrpcClient    : [1785124998853_192.168.65.1_65298]Ignore complete event,isRunning:false,isAbandon=false
12:07:56:512  INFO 2599 --- [main] com.hmall.item.IndexTest                 : The following 1 profile is active: "local"
12:07:57:205  INFO 2599 --- [main] o.s.cloud.context.scope.GenericScope     : BeanFactory id=073440be-6b34-3aa6-944e-08d7326818ff
12:07:58:299  INFO 2599 --- [main] pertySourcedRequestMappingHandlerMapping : Mapped URL path [/v2/api-docs] onto method [springfox.documentation.swagger2.web.Swagger2ControllerWebMvc#getDocumentation(String, HttpServletRequest)]
12:07:58:878  INFO 2599 --- [main] com.alibaba.nacos.common.remote.client   : [RpcClientFactory] create a new rpc client of 7fc371f7-75de-4814-8adc-be711709bc7c
12:07:58:878  INFO 2599 --- [main] com.alibaba.nacos.common.remote.client   : [7fc371f7-75de-4814-8adc-be711709bc7c] RpcClient init label, labels = {module=naming, source=sdk}
12:07:58:880  INFO 2599 --- [main] com.alibaba.nacos.common.remote.client   : [7fc371f7-75de-4814-8adc-be711709bc7c] RpcClient init, ServerListFactory = com.alibaba.nacos.client.naming.core.ServerListManager
12:07:58:880  INFO 2599 --- [main] com.alibaba.nacos.common.remote.client   : [7fc371f7-75de-4814-8adc-be711709bc7c] Registry connection listener to current client:com.alibaba.nacos.client.naming.remote.gprc.redo.NamingGrpcRedoService
12:07:58:880  INFO 2599 --- [main] com.alibaba.nacos.common.remote.client   : [7fc371f7-75de-4814-8adc-be711709bc7c] Register server push request handler:com.alibaba.nacos.client.naming.remote.gprc.NamingPushRequestHandler
12:07:58:881  INFO 2599 --- [main] com.alibaba.nacos.common.remote.client   : [7fc371f7-75de-4814-8adc-be711709bc7c] Try to connect to server on start up, server: {serverIp = 'localhost', server main port = 8848}
12:07:59:033  INFO 2599 --- [main] com.alibaba.nacos.common.remote.client   : [7fc371f7-75de-4814-8adc-be711709bc7c] Success to connect to server [localhost:8848] on start up, connectionId = 1785125278910_192.168.65.1_53203
12:07:59:034  INFO 2599 --- [main] com.alibaba.nacos.common.remote.client   : [7fc371f7-75de-4814-8adc-be711709bc7c] Register server push request handler:com.alibaba.nacos.common.remote.client.RpcClient$ConnectResetRequestHandler
12:07:59:034  INFO 2599 --- [main] com.alibaba.nacos.common.remote.client   : [7fc371f7-75de-4814-8adc-be711709bc7c] Register server push request handler:com.alibaba.nacos.common.remote.client.RpcClient$$Lambda$740/0x00000008004cbc40
12:07:59:034  INFO 2599 --- [com.alibaba.nacos.client.remote.worker] com.alibaba.nacos.common.remote.client   : [7fc371f7-75de-4814-8adc-be711709bc7c] Notify connected event to listeners.
12:07:59:104  INFO 2599 --- [main] d.s.w.p.DocumentationPluginsBootstrapper : Documentation plugins bootstrapped
12:07:59:107  INFO 2599 --- [main] d.s.w.p.DocumentationPluginsBootstrapper : Found 1 custom documentation plugin(s)
12:07:59:155  INFO 2599 --- [main] s.d.s.w.s.ApiListingReferenceScanner     : Scanning for api listing references
12:07:59:269  INFO 2599 --- [main] com.hmall.item.IndexTest                 : Started IndexTest in 4.296 seconds (JVM running for 5.079)
12:07:59:272  INFO 2599 --- [main] c.a.c.n.refresh.NacosContextRefresher    : [Nacos Config] Listening config: dataId=item-service.yaml, group=DEFAULT_GROUP
12:07:59:273  INFO 2599 --- [main] c.a.c.n.refresh.NacosContextRefresher    : [Nacos Config] Listening config: dataId=item-service-local.yaml, group=DEFAULT_GROUP
12:07:59:273  INFO 2599 --- [main] c.a.c.n.refresh.NacosContextRefresher    : [Nacos Config] Listening config: dataId=item-service, group=DEFAULT_GROUP
12:07:59:588  INFO 2599 --- [main] com.zaxxer.hikari.HikariDataSource       : HikariPool-1 - Starting...
12:07:59:609  INFO 2599 --- [nacos-grpc-client-executor-9] com.alibaba.nacos.common.remote.client   : [7fc371f7-75de-4814-8adc-be711709bc7c] Receive server push request, request = NotifySubscriberRequest, requestId = 10
12:07:59:610  INFO 2599 --- [nacos-grpc-client-executor-9] com.alibaba.nacos.common.remote.client   : [7fc371f7-75de-4814-8adc-be711709bc7c] Ack server push request, request = NotifySubscriberRequest, requestId = 10
12:07:59:851  INFO 2599 --- [main] com.zaxxer.hikari.HikariDataSource       : HikariPool-1 - Start completed.
12:07:59:862 DEBUG 2599 --- [main] c.h.item.mapper.ItemMapper.selectList    : ==>  Preparing: SELECT id,name,price,stock,image,category,brand,spec,sold,comment_count,isAD,status,create_time,update_time,creater,updater FROM item
12:07:59:880 DEBUG 2599 --- [main] c.h.item.mapper.ItemMapper.selectList    : ==> Parameters: 
12:08:01:275 DEBUG 2599 --- [main] c.h.item.mapper.ItemMapper.selectList    : <==      Total: 88476
12:08:01:299  WARN 2599 --- [Thread-5] c.a.nacos.common.notify.NotifyCenter     : [NotifyCenter] Start destroying Publisher
12:08:01:299  WARN 2599 --- [Thread-1] c.a.n.common.http.HttpClientBeanHolder   : [HttpClientBeanHolder] Start destroying common HttpClient
12:08:01:303  WARN 2599 --- [Thread-5] c.a.nacos.common.notify.NotifyCenter     : [NotifyCenter] Destruction of the end
12:08:01:305  WARN 2599 --- [Thread-1] c.a.n.common.http.HttpClientBeanHolder   : [HttpClientBeanHolder] Destruction of the end
12:08:01:943  INFO 2599 --- [SpringApplicationShutdownHook] com.alibaba.nacos.common.remote.client   : Shutdown rpc client, set status to shutdown
12:08:01:943  INFO 2599 --- [SpringApplicationShutdownHook] com.alibaba.nacos.common.remote.client   : Shutdown client event executor java.util.concurrent.ScheduledThreadPoolExecutor@4a767ad8[Running, pool size = 2, active threads = 2, queued tasks = 0, completed tasks = 0]
12:08:01:943  INFO 2599 --- [SpringApplicationShutdownHook] com.alibaba.nacos.common.remote.client   : Close current connection 1785125278910_192.168.65.1_53203
12:08:01:947  INFO 2599 --- [SpringApplicationShutdownHook] c.a.n.c.remote.client.grpc.GrpcClient    : Shutdown grpc executor java.util.concurrent.ThreadPoolExecutor@398c3a3e[Running, pool size = 13, active threads = 0, queued tasks = 0, completed tasks = 13]
12:08:01:953  INFO 2599 --- [SpringApplicationShutdownHook] com.zaxxer.hikari.HikariDataSource       : HikariPool-1 - Shutdown initiated...
12:08:01:972  INFO 2599 --- [SpringApplicationShutdownHook] com.zaxxer.hikari.HikariDataSource       : HikariPool-1 - Shutdown completed.
12:16:51:978  INFO 3522 --- [main] com.hmall.item.IndexTest                 : The following 1 profile is active: "local"
12:16:52:573  INFO 3522 --- [main] o.s.cloud.context.scope.GenericScope     : BeanFactory id=073440be-6b34-3aa6-944e-08d7326818ff
12:16:53:679  INFO 3522 --- [main] pertySourcedRequestMappingHandlerMapping : Mapped URL path [/v2/api-docs] onto method [springfox.documentation.swagger2.web.Swagger2ControllerWebMvc#getDocumentation(String, HttpServletRequest)]
12:16:54:216  INFO 3522 --- [main] com.alibaba.nacos.common.remote.client   : [RpcClientFactory] create a new rpc client of 6f742120-2dc0-4495-ba87-8707be0ac428
12:16:54:216  INFO 3522 --- [main] com.alibaba.nacos.common.remote.client   : [6f742120-2dc0-4495-ba87-8707be0ac428] RpcClient init label, labels = {module=naming, source=sdk}
12:16:54:218  INFO 3522 --- [main] com.alibaba.nacos.common.remote.client   : [6f742120-2dc0-4495-ba87-8707be0ac428] RpcClient init, ServerListFactory = com.alibaba.nacos.client.naming.core.ServerListManager
12:16:54:218  INFO 3522 --- [main] com.alibaba.nacos.common.remote.client   : [6f742120-2dc0-4495-ba87-8707be0ac428] Registry connection listener to current client:com.alibaba.nacos.client.naming.remote.gprc.redo.NamingGrpcRedoService
12:16:54:218  INFO 3522 --- [main] com.alibaba.nacos.common.remote.client   : [6f742120-2dc0-4495-ba87-8707be0ac428] Register server push request handler:com.alibaba.nacos.client.naming.remote.gprc.NamingPushRequestHandler
12:16:54:218  INFO 3522 --- [main] com.alibaba.nacos.common.remote.client   : [6f742120-2dc0-4495-ba87-8707be0ac428] Try to connect to server on start up, server: {serverIp = 'localhost', server main port = 8848}
12:16:54:345  INFO 3522 --- [main] com.alibaba.nacos.common.remote.client   : [6f742120-2dc0-4495-ba87-8707be0ac428] Success to connect to server [localhost:8848] on start up, connectionId = 1785125814230_192.168.65.1_62777
12:16:54:345  INFO 3522 --- [main] com.alibaba.nacos.common.remote.client   : [6f742120-2dc0-4495-ba87-8707be0ac428] Register server push request handler:com.alibaba.nacos.common.remote.client.RpcClient$ConnectResetRequestHandler
12:16:54:345  INFO 3522 --- [main] com.alibaba.nacos.common.remote.client   : [6f742120-2dc0-4495-ba87-8707be0ac428] Register server push request handler:com.alibaba.nacos.common.remote.client.RpcClient$$Lambda$740/0x00000008004cbc40
12:16:54:345  INFO 3522 --- [com.alibaba.nacos.client.remote.worker] com.alibaba.nacos.common.remote.client   : [6f742120-2dc0-4495-ba87-8707be0ac428] Notify connected event to listeners.
12:16:54:391  INFO 3522 --- [main] d.s.w.p.DocumentationPluginsBootstrapper : Documentation plugins bootstrapped
12:16:54:393  INFO 3522 --- [main] d.s.w.p.DocumentationPluginsBootstrapper : Found 1 custom documentation plugin(s)
12:16:54:417  INFO 3522 --- [main] s.d.s.w.s.ApiListingReferenceScanner     : Scanning for api listing references
12:16:54:508  INFO 3522 --- [main] com.hmall.item.IndexTest                 : Started IndexTest in 3.95 seconds (JVM running for 4.775)
12:16:54:513  INFO 3522 --- [main] c.a.c.n.refresh.NacosContextRefresher    : [Nacos Config] Listening config: dataId=item-service.yaml, group=DEFAULT_GROUP
12:16:54:513  INFO 3522 --- [main] c.a.c.n.refresh.NacosContextRefresher    : [Nacos Config] Listening config: dataId=item-service-local.yaml, group=DEFAULT_GROUP
12:16:54:513  INFO 3522 --- [main] c.a.c.n.refresh.NacosContextRefresher    : [Nacos Config] Listening config: dataId=item-service, group=DEFAULT_GROUP
12:16:54:810  INFO 3522 --- [main] com.hmall.item.IndexTest                 : 开始处理第1页数据
12:16:54:882  INFO 3522 --- [main] com.zaxxer.hikari.HikariDataSource       : HikariPool-1 - Starting...
12:16:54:977  INFO 3522 --- [nacos-grpc-client-executor-7] com.alibaba.nacos.common.remote.client   : [6f742120-2dc0-4495-ba87-8707be0ac428] Receive server push request, request = NotifySubscriberRequest, requestId = 11
12:16:54:979  INFO 3522 --- [nacos-grpc-client-executor-7] com.alibaba.nacos.common.remote.client   : [6f742120-2dc0-4495-ba87-8707be0ac428] Ack server push request, request = NotifySubscriberRequest, requestId = 11
12:16:55:129  INFO 3522 --- [main] com.zaxxer.hikari.HikariDataSource       : HikariPool-1 - Start completed.
12:16:55:134 DEBUG 3522 --- [main] c.h.i.m.ItemMapper.selectPage_mpCount    : ==>  Preparing: SELECT COUNT(*) FROM item
12:16:55:150 DEBUG 3522 --- [main] c.h.i.m.ItemMapper.selectPage_mpCount    : ==> Parameters: 
12:16:55:191 DEBUG 3522 --- [main] c.h.i.m.ItemMapper.selectPage_mpCount    : <==      Total: 1
12:16:55:197 DEBUG 3522 --- [main] c.h.item.mapper.ItemMapper.selectPage    : ==>  Preparing: SELECT id,name,price,stock,image,category,brand,spec,sold,comment_count,isAD,status,create_time,update_time,creater,updater FROM item LIMIT ?
12:16:55:197 DEBUG 3522 --- [main] c.h.item.mapper.ItemMapper.selectPage    : ==> Parameters: 1000(Long)
12:16:55:270 DEBUG 3522 --- [main] c.h.item.mapper.ItemMapper.selectPage    : <==      Total: 1000
12:16:56:321  INFO 3522 --- [main] com.hmall.item.IndexTest                 : 开始处理第2页数据
12:16:56:325 DEBUG 3522 --- [main] c.h.i.m.ItemMapper.selectPage_mpCount    : ==>  Preparing: SELECT COUNT(*) FROM item
12:16:56:326 DEBUG 3522 --- [main] c.h.i.m.ItemMapper.selectPage_mpCount    : ==> Parameters: 
12:16:56:337 DEBUG 3522 --- [main] c.h.i.m.ItemMapper.selectPage_mpCount    : <==      Total: 1
12:16:56:338 DEBUG 3522 --- [main] c.h.item.mapper.ItemMapper.selectPage    : ==>  Preparing: SELECT id,name,price,stock,image,category,brand,spec,sold,comment_count,isAD,status,create_time,update_time,creater,updater FROM item LIMIT ?,?
12:16:56:338 DEBUG 3522 --- [main] c.h.item.mapper.ItemMapper.selectPage    : ==> Parameters: 1000(Long), 1000(Long)
12:16:56:360 DEBUG 3522 --- [main] c.h.item.mapper.ItemMapper.selectPage    : <==      Total: 1000
12:16:56:741  INFO 3522 --- [main] com.hmall.item.IndexTest                 : 开始处理第3页数据
12:16:56:743 DEBUG 3522 --- [main] c.h.i.m.ItemMapper.selectPage_mpCount    : ==>  Preparing: SELECT COUNT(*) FROM item
12:16:56:743 DEBUG 3522 --- [main] c.h.i.m.ItemMapper.selectPage_mpCount    : ==> Parameters: 
12:16:56:752 DEBUG 3522 --- [main] c.h.i.m.ItemMapper.selectPage_mpCount    : <==      Total: 1
12:16:56:753 DEBUG 3522 --- [main] c.h.item.mapper.ItemMapper.selectPage    : ==>  Preparing: SELECT id,name,price,stock,image,category,brand,spec,sold,comment_count,isAD,status,create_time,update_time,creater,updater FROM item LIMIT ?,?
12:16:56:753 DEBUG 3522 --- [main] c.h.item.mapper.ItemMapper.selectPage    : ==> Parameters: 2000(Long), 1000(Long)
12:16:56:777 DEBUG 3522 --- [main] c.h.item.mapper.ItemMapper.selectPage    : <==      Total: 1000
12:16:57:141  INFO 3522 --- [main] com.hmall.item.IndexTest                 : 开始处理第4页数据
12:16:57:143 DEBUG 3522 --- [main] c.h.i.m.ItemMapper.selectPage_mpCount    : ==>  Preparing: SELECT COUNT(*) FROM item
12:16:57:144 DEBUG 3522 --- [main] c.h.i.m.ItemMapper.selectPage_mpCount    : ==> Parameters: 
12:16:57:154 DEBUG 3522 --- [main] c.h.i.m.ItemMapper.selectPage_mpCount    : <==      Total: 1
12:16:57:155 DEBUG 3522 --- [main] c.h.item.mapper.ItemMapper.selectPage    : ==>  Preparing: SELECT id,name,price,stock,image,category,brand,spec,sold,comment_count,isAD,status,create_time,update_time,creater,updater FROM item LIMIT ?,?
12:16:57:155 DEBUG 3522 --- [main] c.h.item.mapper.ItemMapper.selectPage    : ==> Parameters: 3000(Long), 1000(Long)
12:16:57:173 DEBUG 3522 --- [main] c.h.item.mapper.ItemMapper.selectPage    : <==      Total: 1000
12:16:57:403  INFO 3522 --- [main] com.hmall.item.IndexTest                 : 开始处理第5页数据
12:16:57:405 DEBUG 3522 --- [main] c.h.i.m.ItemMapper.selectPage_mpCount    : ==>  Preparing: SELECT COUNT(*) FROM item
12:16:57:406 DEBUG 3522 --- [main] c.h.i.m.ItemMapper.selectPage_mpCount    : ==> Parameters: 
12:16:57:415 DEBUG 3522 --- [main] c.h.i.m.ItemMapper.selectPage_mpCount    : <==      Total: 1
12:16:57:416 DEBUG 3522 --- [main] c.h.item.mapper.ItemMapper.selectPage    : ==>  Preparing: SELECT id,name,price,stock,image,category,brand,spec,sold,comment_count,isAD,status,create_time,update_time,creater,updater FROM item LIMIT ?,?
12:16:57:416 DEBUG 3522 --- [main] c.h.item.mapper.ItemMapper.selectPage    : ==> Parameters: 4000(Long), 1000(Long)
12:16:57:432 DEBUG 3522 --- [main] c.h.item.mapper.ItemMapper.selectPage    : <==      Total: 1000
12:16:57:646  INFO 3522 --- [main] com.hmall.item.IndexTest                 : 开始处理第6页数据
12:16:57:647 DEBUG 3522 --- [main] c.h.i.m.ItemMapper.selectPage_mpCount    : ==>  Preparing: SELECT COUNT(*) FROM item
12:16:57:648 DEBUG 3522 --- [main] c.h.i.m.ItemMapper.selectPage_mpCount    : ==> Parameters: 
12:16:57:659 DEBUG 3522 --- [main] c.h.i.m.ItemMapper.selectPage_mpCount    : <==      Total: 1
12:16:57:659 DEBUG 3522 --- [main] c.h.item.mapper.ItemMapper.selectPage    : ==>  Preparing: SELECT id,name,price,stock,image,category,brand,spec,sold,comment_count,isAD,status,create_time,update_time,creater,updater FROM item LIMIT ?,?
12:16:57:660 DEBUG 3522 --- [main] c.h.item.mapper.ItemMapper.selectPage    : ==> Parameters: 5000(Long), 1000(Long)
12:16:57:687 DEBUG 3522 --- [main] c.h.item.mapper.ItemMapper.selectPage    : <==      Total: 1000
12:16:57:859  INFO 3522 --- [main] com.hmall.item.IndexTest                 : 开始处理第7页数据
12:16:57:861 DEBUG 3522 --- [main] c.h.i.m.ItemMapper.selectPage_mpCount    : ==>  Preparing: SELECT COUNT(*) FROM item
12:16:57:861 DEBUG 3522 --- [main] c.h.i.m.ItemMapper.selectPage_mpCount    : ==> Parameters: 
12:16:57:871 DEBUG 3522 --- [main] c.h.i.m.ItemMapper.selectPage_mpCount    : <==      Total: 1
12:16:57:871 DEBUG 3522 --- [main] c.h.item.mapper.ItemMapper.selectPage    : ==>  Preparing: SELECT id,name,price,stock,image,category,brand,spec,sold,comment_count,isAD,status,create_time,update_time,creater,updater FROM item LIMIT ?,?
12:16:57:872 DEBUG 3522 --- [main] c.h.item.mapper.ItemMapper.selectPage    : ==> Parameters: 6000(Long), 1000(Long)
12:16:57:933 DEBUG 3522 --- [main] c.h.item.mapper.ItemMapper.selectPage    : <==      Total: 1000
12:16:58:152  INFO 3522 --- [main] com.hmall.item.IndexTest                 : 开始处理第8页数据
12:16:58:156 DEBUG 3522 --- [main] c.h.i.m.ItemMapper.selectPage_mpCount    : ==>  Preparing: SELECT COUNT(*) FROM item
12:16:58:156 DEBUG 3522 --- [main] c.h.i.m.ItemMapper.selectPage_mpCount    : ==> Parameters: 
12:16:58:176 DEBUG 3522 --- [main] c.h.i.m.ItemMapper.selectPage_mpCount    : <==      Total: 1
12:16:58:177 DEBUG 3522 --- [main] c.h.item.mapper.ItemMapper.selectPage    : ==>  Preparing: SELECT id,name,price,stock,image,category,brand,spec,sold,comment_count,isAD,status,create_time,update_time,creater,updater FROM item LIMIT ?,?
12:16:58:178 DEBUG 3522 --- [main] c.h.item.mapper.ItemMapper.selectPage    : ==> Parameters: 7000(Long), 1000(Long)
12:16:58:215 DEBUG 3522 --- [main] c.h.item.mapper.ItemMapper.selectPage    : <==      Total: 1000
12:16:58:714  INFO 3522 --- [main] com.hmall.item.IndexTest                 : 开始处理第9页数据
12:16:58:725 DEBUG 3522 --- [main] c.h.i.m.ItemMapper.selectPage_mpCount    : ==>  Preparing: SELECT COUNT(*) FROM item
12:16:58:725 DEBUG 3522 --- [main] c.h.i.m.ItemMapper.selectPage_mpCount    : ==> Parameters: 
12:16:58:741 DEBUG 3522 --- [main] c.h.i.m.ItemMapper.selectPage_mpCount    : <==      Total: 1
12:16:58:742 DEBUG 3522 --- [main] c.h.item.mapper.ItemMapper.selectPage    : ==>  Preparing: SELECT id,name,price,stock,image,category,brand,spec,sold,comment_count,isAD,status,create_time,update_time,creater,updater FROM item LIMIT ?,?
12:16:58:743 DEBUG 3522 --- [main] c.h.item.mapper.ItemMapper.selectPage    : ==> Parameters: 8000(Long), 1000(Long)
12:16:58:769 DEBUG 3522 --- [main] c.h.item.mapper.ItemMapper.selectPage    : <==      Total: 1000
12:16:59:301  INFO 3522 --- [main] com.hmall.item.IndexTest                 : 开始处理第10页数据
12:16:59:308 DEBUG 3522 --- [main] c.h.i.m.ItemMapper.selectPage_mpCount    : ==>  Preparing: SELECT COUNT(*) FROM item
12:16:59:308 DEBUG 3522 --- [main] c.h.i.m.ItemMapper.selectPage_mpCount    : ==> Parameters: 
12:16:59:328 DEBUG 3522 --- [main] c.h.i.m.ItemMapper.selectPage_mpCount    : <==      Total: 1
12:16:59:329 DEBUG 3522 --- [main] c.h.item.mapper.ItemMapper.selectPage    : ==>  Preparing: SELECT id,name,price,stock,image,category,brand,spec,sold,comment_count,isAD,status,create_time,update_time,creater,updater FROM item LIMIT ?,?
12:16:59:329 DEBUG 3522 --- [main] c.h.item.mapper.ItemMapper.selectPage    : ==> Parameters: 9000(Long), 1000(Long)
12:16:59:378 DEBUG 3522 --- [main] c.h.item.mapper.ItemMapper.selectPage    : <==      Total: 1000
12:16:59:854  INFO 3522 --- [main] com.hmall.item.IndexTest                 : 开始处理第11页数据
12:16:59:860 DEBUG 3522 --- [main] c.h.i.m.ItemMapper.selectPage_mpCount    : ==>  Preparing: SELECT COUNT(*) FROM item
12:16:59:861 DEBUG 3522 --- [main] c.h.i.m.ItemMapper.selectPage_mpCount    : ==> Parameters: 
12:16:59:876 DEBUG 3522 --- [main] c.h.i.m.ItemMapper.selectPage_mpCount    : <==      Total: 1
12:16:59:877 DEBUG 3522 --- [main] c.h.item.mapper.ItemMapper.selectPage    : ==>  Preparing: SELECT id,name,price,stock,image,category,brand,spec,sold,comment_count,isAD,status,create_time,update_time,creater,updater FROM item LIMIT ?,?
12:16:59:877 DEBUG 3522 --- [main] c.h.item.mapper.ItemMapper.selectPage    : ==> Parameters: 10000(Long), 1000(Long)
12:16:59:907 DEBUG 3522 --- [main] c.h.item.mapper.ItemMapper.selectPage    : <==      Total: 1000
12:17:00:273  INFO 3522 --- [main] com.hmall.item.IndexTest                 : 开始处理第12页数据
12:17:00:277 DEBUG 3522 --- [main] c.h.i.m.ItemMapper.selectPage_mpCount    : ==>  Preparing: SELECT COUNT(*) FROM item
12:17:00:278 DEBUG 3522 --- [main] c.h.i.m.ItemMapper.selectPage_mpCount    : ==> Parameters: 
12:17:00:292 DEBUG 3522 --- [main] c.h.i.m.ItemMapper.selectPage_mpCount    : <==      Total: 1
12:17:00:293 DEBUG 3522 --- [main] c.h.item.mapper.ItemMapper.selectPage    : ==>  Preparing: SELECT id,name,price,stock,image,category,brand,spec,sold,comment_count,isAD,status,create_time,update_time,creater,updater FROM item LIMIT ?,?
12:17:00:293 DEBUG 3522 --- [main] c.h.item.mapper.ItemMapper.selectPage    : ==> Parameters: 11000(Long), 1000(Long)
12:17:00:318 DEBUG 3522 --- [main] c.h.item.mapper.ItemMapper.selectPage    : <==      Total: 1000
12:17:00:693  INFO 3522 --- [main] com.hmall.item.IndexTest                 : 开始处理第13页数据
12:17:00:694 DEBUG 3522 --- [main] c.h.i.m.ItemMapper.selectPage_mpCount    : ==>  Preparing: SELECT COUNT(*) FROM item
12:17:00:694 DEBUG 3522 --- [main] c.h.i.m.ItemMapper.selectPage_mpCount    : ==> Parameters: 
12:17:00:703 DEBUG 3522 --- [main] c.h.i.m.ItemMapper.selectPage_mpCount    : <==      Total: 1
12:17:00:703 DEBUG 3522 --- [main] c.h.item.mapper.ItemMapper.selectPage    : ==>  Preparing: SELECT id,name,price,stock,image,category,brand,spec,sold,comment_count,isAD,status,create_time,update_time,creater,updater FROM item LIMIT ?,?
12:17:00:703 DEBUG 3522 --- [main] c.h.item.mapper.ItemMapper.selectPage    : ==> Parameters: 12000(Long), 1000(Long)
12:17:00:751 DEBUG 3522 --- [main] c.h.item.mapper.ItemMapper.selectPage    : <==      Total: 1000
12:17:01:004  INFO 3522 --- [main] com.hmall.item.IndexTest                 : 开始处理第14页数据
12:17:01:005 DEBUG 3522 --- [main] c.h.i.m.ItemMapper.selectPage_mpCount    : ==>  Preparing: SELECT COUNT(*) FROM item
12:17:01:005 DEBUG 3522 --- [main] c.h.i.m.ItemMapper.selectPage_mpCount    : ==> Parameters: 
12:17:01:014 DEBUG 3522 --- [main] c.h.i.m.ItemMapper.selectPage_mpCount    : <==      Total: 1
12:17:01:014 DEBUG 3522 --- [main] c.h.item.mapper.ItemMapper.selectPage    : ==>  Preparing: SELECT id,name,price,stock,image,category,brand,spec,sold,comment_count,isAD,status,create_time,update_time,creater,updater FROM item LIMIT ?,?
12:17:01:014 DEBUG 3522 --- [main] c.h.item.mapper.ItemMapper.selectPage    : ==> Parameters: 13000(Long), 1000(Long)
12:17:01:033 DEBUG 3522 --- [main] c.h.item.mapper.ItemMapper.selectPage    : <==      Total: 1000
12:17:01:256  INFO 3522 --- [main] com.hmall.item.IndexTest                 : 开始处理第15页数据
12:17:01:259 DEBUG 3522 --- [main] c.h.i.m.ItemMapper.selectPage_mpCount    : ==>  Preparing: SELECT COUNT(*) FROM item
12:17:01:259 DEBUG 3522 --- [main] c.h.i.m.ItemMapper.selectPage_mpCount    : ==> Parameters: 
12:17:01:269 DEBUG 3522 --- [main] c.h.i.m.ItemMapper.selectPage_mpCount    : <==      Total: 1
12:17:01:270 DEBUG 3522 --- [main] c.h.item.mapper.ItemMapper.selectPage    : ==>  Preparing: SELECT id,name,price,stock,image,category,brand,spec,sold,comment_count,isAD,status,create_time,update_time,creater,updater FROM item LIMIT ?,?
12:17:01:270 DEBUG 3522 --- [main] c.h.item.mapper.ItemMapper.selectPage    : ==> Parameters: 14000(Long), 1000(Long)
12:17:01:292 DEBUG 3522 --- [main] c.h.item.mapper.ItemMapper.selectPage    : <==      Total: 1000
12:17:01:440  INFO 3522 --- [main] com.hmall.item.IndexTest                 : 开始处理第16页数据
12:17:01:442 DEBUG 3522 --- [main] c.h.i.m.ItemMapper.selectPage_mpCount    : ==>  Preparing: SELECT COUNT(*) FROM item
12:17:01:442 DEBUG 3522 --- [main] c.h.i.m.ItemMapper.selectPage_mpCount    : ==> Parameters: 
12:17:01:450 DEBUG 3522 --- [main] c.h.i.m.ItemMapper.selectPage_mpCount    : <==      Total: 1
12:17:01:450 DEBUG 3522 --- [main] c.h.item.mapper.ItemMapper.selectPage    : ==>  Preparing: SELECT id,name,price,stock,image,category,brand,spec,sold,comment_count,isAD,status,create_time,update_time,creater,updater FROM item LIMIT ?,?
12:17:01:450 DEBUG 3522 --- [main] c.h.item.mapper.ItemMapper.selectPage    : ==> Parameters: 15000(Long), 1000(Long)
12:17:01:481 DEBUG 3522 --- [main] c.h.item.mapper.ItemMapper.selectPage    : <==      Total: 1000
12:17:01:632  INFO 3522 --- [main] com.hmall.item.IndexTest                 : 开始处理第17页数据
12:17:01:633 DEBUG 3522 --- [main] c.h.i.m.ItemMapper.selectPage_mpCount    : ==>  Preparing: SELECT COUNT(*) FROM item
12:17:01:633 DEBUG 3522 --- [main] c.h.i.m.ItemMapper.selectPage_mpCount    : ==> Parameters: 
12:17:01:641 DEBUG 3522 --- [main] c.h.i.m.ItemMapper.selectPage_mpCount    : <==      Total: 1
12:17:01:642 DEBUG 3522 --- [main] c.h.item.mapper.ItemMapper.selectPage    : ==>  Preparing: SELECT id,name,price,stock,image,category,brand,spec,sold,comment_count,isAD,status,create_time,update_time,creater,updater FROM item LIMIT ?,?
12:17:01:642 DEBUG 3522 --- [main] c.h.item.mapper.ItemMapper.selectPage    : ==> Parameters: 16000(Long), 1000(Long)
12:17:01:660 DEBUG 3522 --- [main] c.h.item.mapper.ItemMapper.selectPage    : <==      Total: 1000
12:17:01:813  INFO 3522 --- [main] com.hmall.item.IndexTest                 : 开始处理第18页数据
12:17:01:814 DEBUG 3522 --- [main] c.h.i.m.ItemMapper.selectPage_mpCount    : ==>  Preparing: SELECT COUNT(*) FROM item
12:17:01:814 DEBUG 3522 --- [main] c.h.i.m.ItemMapper.selectPage_mpCount    : ==> Parameters: 
12:17:01:823 DEBUG 3522 --- [main] c.h.i.m.ItemMapper.selectPage_mpCount    : <==      Total: 1
12:17:01:823 DEBUG 3522 --- [main] c.h.item.mapper.ItemMapper.selectPage    : ==>  Preparing: SELECT id,name,price,stock,image,category,brand,spec,sold,comment_count,isAD,status,create_time,update_time,creater,updater FROM item LIMIT ?,?
12:17:01:824 DEBUG 3522 --- [main] c.h.item.mapper.ItemMapper.selectPage    : ==> Parameters: 17000(Long), 1000(Long)
12:17:01:842 DEBUG 3522 --- [main] c.h.item.mapper.ItemMapper.selectPage    : <==      Total: 1000
12:17:01:993  INFO 3522 --- [main] com.hmall.item.IndexTest                 : 开始处理第19页数据
12:17:01:994 DEBUG 3522 --- [main] c.h.i.m.ItemMapper.selectPage_mpCount    : ==>  Preparing: SELECT COUNT(*) FROM item
12:17:01:995 DEBUG 3522 --- [main] c.h.i.m.ItemMapper.selectPage_mpCount    : ==> Parameters: 
12:17:02:003 DEBUG 3522 --- [main] c.h.i.m.ItemMapper.selectPage_mpCount    : <==      Total: 1
12:17:02:003 DEBUG 3522 --- [main] c.h.item.mapper.ItemMapper.selectPage    : ==>  Preparing: SELECT id,name,price,stock,image,category,brand,spec,sold,comment_count,isAD,status,create_time,update_time,creater,updater FROM item LIMIT ?,?
12:17:02:003 DEBUG 3522 --- [main] c.h.item.mapper.ItemMapper.selectPage    : ==> Parameters: 18000(Long), 1000(Long)
12:17:02:026 DEBUG 3522 --- [main] c.h.item.mapper.ItemMapper.selectPage    : <==      Total: 1000
12:17:02:173  INFO 3522 --- [main] com.hmall.item.IndexTest                 : 开始处理第20页数据
12:17:02:174 DEBUG 3522 --- [main] c.h.i.m.ItemMapper.selectPage_mpCount    : ==>  Preparing: SELECT COUNT(*) FROM item
12:17:02:174 DEBUG 3522 --- [main] c.h.i.m.ItemMapper.selectPage_mpCount    : ==> Parameters: 
12:17:02:183 DEBUG 3522 --- [main] c.h.i.m.ItemMapper.selectPage_mpCount    : <==      Total: 1
12:17:02:184 DEBUG 3522 --- [main] c.h.item.mapper.ItemMapper.selectPage    : ==>  Preparing: SELECT id,name,price,stock,image,category,brand,spec,sold,comment_count,isAD,status,create_time,update_time,creater,updater FROM item LIMIT ?,?
12:17:02:184 DEBUG 3522 --- [main] c.h.item.mapper.ItemMapper.selectPage    : ==> Parameters: 19000(Long), 1000(Long)
12:17:02:203 DEBUG 3522 --- [main] c.h.item.mapper.ItemMapper.selectPage    : <==      Total: 1000
12:17:02:321  INFO 3522 --- [main] com.hmall.item.IndexTest                 : 开始处理第21页数据
12:17:02:325 DEBUG 3522 --- [main] c.h.i.m.ItemMapper.selectPage_mpCount    : ==>  Preparing: SELECT COUNT(*) FROM item
12:17:02:325 DEBUG 3522 --- [main] c.h.i.m.ItemMapper.selectPage_mpCount    : ==> Parameters: 
12:17:02:346 DEBUG 3522 --- [main] c.h.i.m.ItemMapper.selectPage_mpCount    : <==      Total: 1
12:17:02:347 DEBUG 3522 --- [main] c.h.item.mapper.ItemMapper.selectPage    : ==>  Preparing: SELECT id,name,price,stock,image,category,brand,spec,sold,comment_count,isAD,status,create_time,update_time,creater,updater FROM item LIMIT ?,?
12:17:02:347 DEBUG 3522 --- [main] c.h.item.mapper.ItemMapper.selectPage    : ==> Parameters: 20000(Long), 1000(Long)
12:17:02:385 DEBUG 3522 --- [main] c.h.item.mapper.ItemMapper.selectPage    : <==      Total: 1000
12:17:02:601  INFO 3522 --- [main] com.hmall.item.IndexTest                 : 开始处理第22页数据
12:17:02:602 DEBUG 3522 --- [main] c.h.i.m.ItemMapper.selectPage_mpCount    : ==>  Preparing: SELECT COUNT(*) FROM item
12:17:02:602 DEBUG 3522 --- [main] c.h.i.m.ItemMapper.selectPage_mpCount    : ==> Parameters: 
12:17:02:611 DEBUG 3522 --- [main] c.h.i.m.ItemMapper.selectPage_mpCount    : <==      Total: 1
12:17:02:611 DEBUG 3522 --- [main] c.h.item.mapper.ItemMapper.selectPage    : ==>  Preparing: SELECT id,name,price,stock,image,category,brand,spec,sold,comment_count,isAD,status,create_time,update_time,creater,updater FROM item LIMIT ?,?
12:17:02:612 DEBUG 3522 --- [main] c.h.item.mapper.ItemMapper.selectPage    : ==> Parameters: 21000(Long), 1000(Long)
12:17:02:634 DEBUG 3522 --- [main] c.h.item.mapper.ItemMapper.selectPage    : <==      Total: 1000
12:17:02:989  INFO 3522 --- [main] com.hmall.item.IndexTest                 : 开始处理第23页数据
12:17:02:991 DEBUG 3522 --- [main] c.h.i.m.ItemMapper.selectPage_mpCount    : ==>  Preparing: SELECT COUNT(*) FROM item
12:17:02:991 DEBUG 3522 --- [main] c.h.i.m.ItemMapper.selectPage_mpCount    : ==> Parameters: 
12:17:03:001 DEBUG 3522 --- [main] c.h.i.m.ItemMapper.selectPage_mpCount    : <==      Total: 1
12:17:03:001 DEBUG 3522 --- [main] c.h.item.mapper.ItemMapper.selectPage    : ==>  Preparing: SELECT id,name,price,stock,image,category,brand,spec,sold,comment_count,isAD,status,create_time,update_time,creater,updater FROM item LIMIT ?,?
12:17:03:001 DEBUG 3522 --- [main] c.h.item.mapper.ItemMapper.selectPage    : ==> Parameters: 22000(Long), 1000(Long)
12:17:03:032 DEBUG 3522 --- [main] c.h.item.mapper.ItemMapper.selectPage    : <==      Total: 1000
12:17:03:340  INFO 3522 --- [main] com.hmall.item.IndexTest                 : 开始处理第24页数据
12:17:03:342 DEBUG 3522 --- [main] c.h.i.m.ItemMapper.selectPage_mpCount    : ==>  Preparing: SELECT COUNT(*) FROM item
12:17:03:342 DEBUG 3522 --- [main] c.h.i.m.ItemMapper.selectPage_mpCount    : ==> Parameters: 
12:17:03:353 DEBUG 3522 --- [main] c.h.i.m.ItemMapper.selectPage_mpCount    : <==      Total: 1
12:17:03:354 DEBUG 3522 --- [main] c.h.item.mapper.ItemMapper.selectPage    : ==>  Preparing: SELECT id,name,price,stock,image,category,brand,spec,sold,comment_count,isAD,status,create_time,update_time,creater,updater FROM item LIMIT ?,?
12:17:03:354 DEBUG 3522 --- [main] c.h.item.mapper.ItemMapper.selectPage    : ==> Parameters: 23000(Long), 1000(Long)
12:17:03:383 DEBUG 3522 --- [main] c.h.item.mapper.ItemMapper.selectPage    : <==      Total: 1000
12:17:03:586  INFO 3522 --- [main] com.hmall.item.IndexTest                 : 开始处理第25页数据
12:17:03:587 DEBUG 3522 --- [main] c.h.i.m.ItemMapper.selectPage_mpCount    : ==>  Preparing: SELECT COUNT(*) FROM item
12:17:03:587 DEBUG 3522 --- [main] c.h.i.m.ItemMapper.selectPage_mpCount    : ==> Parameters: 
12:17:03:605 DEBUG 3522 --- [main] c.h.i.m.ItemMapper.selectPage_mpCount    : <==      Total: 1
12:17:03:606 DEBUG 3522 --- [main] c.h.item.mapper.ItemMapper.selectPage    : ==>  Preparing: SELECT id,name,price,stock,image,category,brand,spec,sold,comment_count,isAD,status,create_time,update_time,creater,updater FROM item LIMIT ?,?
12:17:03:607 DEBUG 3522 --- [main] c.h.item.mapper.ItemMapper.selectPage    : ==> Parameters: 24000(Long), 1000(Long)
12:17:03:639 DEBUG 3522 --- [main] c.h.item.mapper.ItemMapper.selectPage    : <==      Total: 1000
12:17:03:784  INFO 3522 --- [main] com.hmall.item.IndexTest                 : 开始处理第26页数据
12:17:03:786 DEBUG 3522 --- [main] c.h.i.m.ItemMapper.selectPage_mpCount    : ==>  Preparing: SELECT COUNT(*) FROM item
12:17:03:786 DEBUG 3522 --- [main] c.h.i.m.ItemMapper.selectPage_mpCount    : ==> Parameters: 
12:17:03:795 DEBUG 3522 --- [main] c.h.i.m.ItemMapper.selectPage_mpCount    : <==      Total: 1
12:17:03:795 DEBUG 3522 --- [main] c.h.item.mapper.ItemMapper.selectPage    : ==>  Preparing: SELECT id,name,price,stock,image,category,brand,spec,sold,comment_count,isAD,status,create_time,update_time,creater,updater FROM item LIMIT ?,?
12:17:03:795 DEBUG 3522 --- [main] c.h.item.mapper.ItemMapper.selectPage    : ==> Parameters: 25000(Long), 1000(Long)
12:17:03:818 DEBUG 3522 --- [main] c.h.item.mapper.ItemMapper.selectPage    : <==      Total: 1000
12:17:03:929  INFO 3522 --- [main] com.hmall.item.IndexTest                 : 开始处理第27页数据
12:17:03:930 DEBUG 3522 --- [main] c.h.i.m.ItemMapper.selectPage_mpCount    : ==>  Preparing: SELECT COUNT(*) FROM item
12:17:03:930 DEBUG 3522 --- [main] c.h.i.m.ItemMapper.selectPage_mpCount    : ==> Parameters: 
12:17:03:938 DEBUG 3522 --- [main] c.h.i.m.ItemMapper.selectPage_mpCount    : <==      Total: 1
12:17:03:939 DEBUG 3522 --- [main] c.h.item.mapper.ItemMapper.selectPage    : ==>  Preparing: SELECT id,name,price,stock,image,category,brand,spec,sold,comment_count,isAD,status,create_time,update_time,creater,updater FROM item LIMIT ?,?
12:17:03:939 DEBUG 3522 --- [main] c.h.item.mapper.ItemMapper.selectPage    : ==> Parameters: 26000(Long), 1000(Long)
12:17:03:959 DEBUG 3522 --- [main] c.h.item.mapper.ItemMapper.selectPage    : <==      Total: 1000
12:17:04:096  INFO 3522 --- [main] com.hmall.item.IndexTest                 : 开始处理第28页数据
12:17:04:097 DEBUG 3522 --- [main] c.h.i.m.ItemMapper.selectPage_mpCount    : ==>  Preparing: SELECT COUNT(*) FROM item
12:17:04:097 DEBUG 3522 --- [main] c.h.i.m.ItemMapper.selectPage_mpCount    : ==> Parameters: 
12:17:04:106 DEBUG 3522 --- [main] c.h.i.m.ItemMapper.selectPage_mpCount    : <==      Total: 1
12:17:04:106 DEBUG 3522 --- [main] c.h.item.mapper.ItemMapper.selectPage    : ==>  Preparing: SELECT id,name,price,stock,image,category,brand,spec,sold,comment_count,isAD,status,create_time,update_time,creater,updater FROM item LIMIT ?,?
12:17:04:106 DEBUG 3522 --- [main] c.h.item.mapper.ItemMapper.selectPage    : ==> Parameters: 27000(Long), 1000(Long)
12:17:04:127 DEBUG 3522 --- [main] c.h.item.mapper.ItemMapper.selectPage    : <==      Total: 1000
12:17:04:270  INFO 3522 --- [main] com.hmall.item.IndexTest                 : 开始处理第29页数据
12:17:04:271 DEBUG 3522 --- [main] c.h.i.m.ItemMapper.selectPage_mpCount    : ==>  Preparing: SELECT COUNT(*) FROM item
12:17:04:271 DEBUG 3522 --- [main] c.h.i.m.ItemMapper.selectPage_mpCount    : ==> Parameters: 
12:17:04:279 DEBUG 3522 --- [main] c.h.i.m.ItemMapper.selectPage_mpCount    : <==      Total: 1
12:17:04:279 DEBUG 3522 --- [main] c.h.item.mapper.ItemMapper.selectPage    : ==>  Preparing: SELECT id,name,price,stock,image,category,brand,spec,sold,comment_count,isAD,status,create_time,update_time,creater,updater FROM item LIMIT ?,?
12:17:04:279 DEBUG 3522 --- [main] c.h.item.mapper.ItemMapper.selectPage    : ==> Parameters: 28000(Long), 1000(Long)
12:17:04:301 DEBUG 3522 --- [main] c.h.item.mapper.ItemMapper.selectPage    : <==      Total: 1000
12:17:04:412  INFO 3522 --- [main] com.hmall.item.IndexTest                 : 开始处理第30页数据
12:17:04:414 DEBUG 3522 --- [main] c.h.i.m.ItemMapper.selectPage_mpCount    : ==>  Preparing: SELECT COUNT(*) FROM item
12:17:04:414 DEBUG 3522 --- [main] c.h.i.m.ItemMapper.selectPage_mpCount    : ==> Parameters: 
12:17:04:425 DEBUG 3522 --- [main] c.h.i.m.ItemMapper.selectPage_mpCount    : <==      Total: 1
12:17:04:426 DEBUG 3522 --- [main] c.h.item.mapper.ItemMapper.selectPage    : ==>  Preparing: SELECT id,name,price,stock,image,category,brand,spec,sold,comment_count,isAD,status,create_time,update_time,creater,updater FROM item LIMIT ?,?
12:17:04:426 DEBUG 3522 --- [main] c.h.item.mapper.ItemMapper.selectPage    : ==> Parameters: 29000(Long), 1000(Long)
12:17:04:447 DEBUG 3522 --- [main] c.h.item.mapper.ItemMapper.selectPage    : <==      Total: 1000
12:17:04:568  INFO 3522 --- [main] com.hmall.item.IndexTest                 : 开始处理第31页数据
12:17:04:570 DEBUG 3522 --- [main] c.h.i.m.ItemMapper.selectPage_mpCount    : ==>  Preparing: SELECT COUNT(*) FROM item
12:17:04:570 DEBUG 3522 --- [main] c.h.i.m.ItemMapper.selectPage_mpCount    : ==> Parameters: 
12:17:04:580 DEBUG 3522 --- [main] c.h.i.m.ItemMapper.selectPage_mpCount    : <==      Total: 1
12:17:04:581 DEBUG 3522 --- [main] c.h.item.mapper.ItemMapper.selectPage    : ==>  Preparing: SELECT id,name,price,stock,image,category,brand,spec,sold,comment_count,isAD,status,create_time,update_time,creater,updater FROM item LIMIT ?,?
12:17:04:581 DEBUG 3522 --- [main] c.h.item.mapper.ItemMapper.selectPage    : ==> Parameters: 30000(Long), 1000(Long)
12:17:04:604 DEBUG 3522 --- [main] c.h.item.mapper.ItemMapper.selectPage    : <==      Total: 1000
12:17:04:734  INFO 3522 --- [main] com.hmall.item.IndexTest                 : 开始处理第32页数据
12:17:04:735 DEBUG 3522 --- [main] c.h.i.m.ItemMapper.selectPage_mpCount    : ==>  Preparing: SELECT COUNT(*) FROM item
12:17:04:735 DEBUG 3522 --- [main] c.h.i.m.ItemMapper.selectPage_mpCount    : ==> Parameters: 
12:17:04:744 DEBUG 3522 --- [main] c.h.i.m.ItemMapper.selectPage_mpCount    : <==      Total: 1
12:17:04:745 DEBUG 3522 --- [main] c.h.item.mapper.ItemMapper.selectPage    : ==>  Preparing: SELECT id,name,price,stock,image,category,brand,spec,sold,comment_count,isAD,status,create_time,update_time,creater,updater FROM item LIMIT ?,?
12:17:04:745 DEBUG 3522 --- [main] c.h.item.mapper.ItemMapper.selectPage    : ==> Parameters: 31000(Long), 1000(Long)
12:17:04:767 DEBUG 3522 --- [main] c.h.item.mapper.ItemMapper.selectPage    : <==      Total: 1000
12:17:04:933  INFO 3522 --- [main] com.hmall.item.IndexTest                 : 开始处理第33页数据
12:17:04:934 DEBUG 3522 --- [main] c.h.i.m.ItemMapper.selectPage_mpCount    : ==>  Preparing: SELECT COUNT(*) FROM item
12:17:04:934 DEBUG 3522 --- [main] c.h.i.m.ItemMapper.selectPage_mpCount    : ==> Parameters: 
12:17:04:943 DEBUG 3522 --- [main] c.h.i.m.ItemMapper.selectPage_mpCount    : <==      Total: 1
12:17:04:944 DEBUG 3522 --- [main] c.h.item.mapper.ItemMapper.selectPage    : ==>  Preparing: SELECT id,name,price,stock,image,category,brand,spec,sold,comment_count,isAD,status,create_time,update_time,creater,updater FROM item LIMIT ?,?
12:17:04:944 DEBUG 3522 --- [main] c.h.item.mapper.ItemMapper.selectPage    : ==> Parameters: 32000(Long), 1000(Long)
12:17:04:969 DEBUG 3522 --- [main] c.h.item.mapper.ItemMapper.selectPage    : <==      Total: 1000
12:17:05:083  INFO 3522 --- [main] com.hmall.item.IndexTest                 : 开始处理第34页数据
12:17:05:084 DEBUG 3522 --- [main] c.h.i.m.ItemMapper.selectPage_mpCount    : ==>  Preparing: SELECT COUNT(*) FROM item
12:17:05:084 DEBUG 3522 --- [main] c.h.i.m.ItemMapper.selectPage_mpCount    : ==> Parameters: 
12:17:05:093 DEBUG 3522 --- [main] c.h.i.m.ItemMapper.selectPage_mpCount    : <==      Total: 1
12:17:05:093 DEBUG 3522 --- [main] c.h.item.mapper.ItemMapper.selectPage    : ==>  Preparing: SELECT id,name,price,stock,image,category,brand,spec,sold,comment_count,isAD,status,create_time,update_time,creater,updater FROM item LIMIT ?,?
12:17:05:093 DEBUG 3522 --- [main] c.h.item.mapper.ItemMapper.selectPage    : ==> Parameters: 33000(Long), 1000(Long)
12:17:05:117 DEBUG 3522 --- [main] c.h.item.mapper.ItemMapper.selectPage    : <==      Total: 1000
12:17:05:222  INFO 3522 --- [main] com.hmall.item.IndexTest                 : 开始处理第35页数据
12:17:05:224 DEBUG 3522 --- [main] c.h.i.m.ItemMapper.selectPage_mpCount    : ==>  Preparing: SELECT COUNT(*) FROM item
12:17:05:224 DEBUG 3522 --- [main] c.h.i.m.ItemMapper.selectPage_mpCount    : ==> Parameters: 
12:17:05:239 DEBUG 3522 --- [main] c.h.i.m.ItemMapper.selectPage_mpCount    : <==      Total: 1
12:17:05:240 DEBUG 3522 --- [main] c.h.item.mapper.ItemMapper.selectPage    : ==>  Preparing: SELECT id,name,price,stock,image,category,brand,spec,sold,comment_count,isAD,status,create_time,update_time,creater,updater FROM item LIMIT ?,?
12:17:05:240 DEBUG 3522 --- [main] c.h.item.mapper.ItemMapper.selectPage    : ==> Parameters: 34000(Long), 1000(Long)
12:17:05:264 DEBUG 3522 --- [main] c.h.item.mapper.ItemMapper.selectPage    : <==      Total: 1000
12:17:05:393  INFO 3522 --- [main] com.hmall.item.IndexTest                 : 开始处理第36页数据
12:17:05:394 DEBUG 3522 --- [main] c.h.i.m.ItemMapper.selectPage_mpCount    : ==>  Preparing: SELECT COUNT(*) FROM item
12:17:05:394 DEBUG 3522 --- [main] c.h.i.m.ItemMapper.selectPage_mpCount    : ==> Parameters: 
12:17:05:402 DEBUG 3522 --- [main] c.h.i.m.ItemMapper.selectPage_mpCount    : <==      Total: 1
12:17:05:402 DEBUG 3522 --- [main] c.h.item.mapper.ItemMapper.selectPage    : ==>  Preparing: SELECT id,name,price,stock,image,category,brand,spec,sold,comment_count,isAD,status,create_time,update_time,creater,updater FROM item LIMIT ?,?
12:17:05:402 DEBUG 3522 --- [main] c.h.item.mapper.ItemMapper.selectPage    : ==> Parameters: 35000(Long), 1000(Long)
12:17:05:431 DEBUG 3522 --- [main] c.h.item.mapper.ItemMapper.selectPage    : <==      Total: 1000
12:17:05:587  INFO 3522 --- [main] com.hmall.item.IndexTest                 : 开始处理第37页数据
12:17:05:588 DEBUG 3522 --- [main] c.h.i.m.ItemMapper.selectPage_mpCount    : ==>  Preparing: SELECT COUNT(*) FROM item
12:17:05:588 DEBUG 3522 --- [main] c.h.i.m.ItemMapper.selectPage_mpCount    : ==> Parameters: 
12:17:05:598 DEBUG 3522 --- [main] c.h.i.m.ItemMapper.selectPage_mpCount    : <==      Total: 1
12:17:05:599 DEBUG 3522 --- [main] c.h.item.mapper.ItemMapper.selectPage    : ==>  Preparing: SELECT id,name,price,stock,image,category,brand,spec,sold,comment_count,isAD,status,create_time,update_time,creater,updater FROM item LIMIT ?,?
12:17:05:599 DEBUG 3522 --- [main] c.h.item.mapper.ItemMapper.selectPage    : ==> Parameters: 36000(Long), 1000(Long)
12:17:05:623 DEBUG 3522 --- [main] c.h.item.mapper.ItemMapper.selectPage    : <==      Total: 1000
12:17:05:728  INFO 3522 --- [main] com.hmall.item.IndexTest                 : 开始处理第38页数据
12:17:05:729 DEBUG 3522 --- [main] c.h.i.m.ItemMapper.selectPage_mpCount    : ==>  Preparing: SELECT COUNT(*) FROM item
12:17:05:729 DEBUG 3522 --- [main] c.h.i.m.ItemMapper.selectPage_mpCount    : ==> Parameters: 
12:17:05:737 DEBUG 3522 --- [main] c.h.i.m.ItemMapper.selectPage_mpCount    : <==      Total: 1
12:17:05:738 DEBUG 3522 --- [main] c.h.item.mapper.ItemMapper.selectPage    : ==>  Preparing: SELECT id,name,price,stock,image,category,brand,spec,sold,comment_count,isAD,status,create_time,update_time,creater,updater FROM item LIMIT ?,?
12:17:05:738 DEBUG 3522 --- [main] c.h.item.mapper.ItemMapper.selectPage    : ==> Parameters: 37000(Long), 1000(Long)
12:17:05:766 DEBUG 3522 --- [main] c.h.item.mapper.ItemMapper.selectPage    : <==      Total: 1000
12:17:05:942  INFO 3522 --- [main] com.hmall.item.IndexTest                 : 开始处理第39页数据
12:17:05:943 DEBUG 3522 --- [main] c.h.i.m.ItemMapper.selectPage_mpCount    : ==>  Preparing: SELECT COUNT(*) FROM item
12:17:05:943 DEBUG 3522 --- [main] c.h.i.m.ItemMapper.selectPage_mpCount    : ==> Parameters: 
12:17:05:952 DEBUG 3522 --- [main] c.h.i.m.ItemMapper.selectPage_mpCount    : <==      Total: 1
12:17:05:953 DEBUG 3522 --- [main] c.h.item.mapper.ItemMapper.selectPage    : ==>  Preparing: SELECT id,name,price,stock,image,category,brand,spec,sold,comment_count,isAD,status,create_time,update_time,creater,updater FROM item LIMIT ?,?
12:17:05:953 DEBUG 3522 --- [main] c.h.item.mapper.ItemMapper.selectPage    : ==> Parameters: 38000(Long), 1000(Long)
12:17:05:980 DEBUG 3522 --- [main] c.h.item.mapper.ItemMapper.selectPage    : <==      Total: 1000
12:17:06:114  INFO 3522 --- [main] com.hmall.item.IndexTest                 : 开始处理第40页数据
12:17:06:115 DEBUG 3522 --- [main] c.h.i.m.ItemMapper.selectPage_mpCount    : ==>  Preparing: SELECT COUNT(*) FROM item
12:17:06:115 DEBUG 3522 --- [main] c.h.i.m.ItemMapper.selectPage_mpCount    : ==> Parameters: 
12:17:06:124 DEBUG 3522 --- [main] c.h.i.m.ItemMapper.selectPage_mpCount    : <==      Total: 1
12:17:06:124 DEBUG 3522 --- [main] c.h.item.mapper.ItemMapper.selectPage    : ==>  Preparing: SELECT id,name,price,stock,image,category,brand,spec,sold,comment_count,isAD,status,create_time,update_time,creater,updater FROM item LIMIT ?,?
12:17:06:124 DEBUG 3522 --- [main] c.h.item.mapper.ItemMapper.selectPage    : ==> Parameters: 39000(Long), 1000(Long)
12:17:06:154 DEBUG 3522 --- [main] c.h.item.mapper.ItemMapper.selectPage    : <==      Total: 1000
12:17:06:996  INFO 3522 --- [main] com.hmall.item.IndexTest                 : 开始处理第41页数据
12:17:07:001 DEBUG 3522 --- [main] c.h.i.m.ItemMapper.selectPage_mpCount    : ==>  Preparing: SELECT COUNT(*) FROM item
12:17:07:001 DEBUG 3522 --- [main] c.h.i.m.ItemMapper.selectPage_mpCount    : ==> Parameters: 
12:17:07:011 DEBUG 3522 --- [main] c.h.i.m.ItemMapper.selectPage_mpCount    : <==      Total: 1
12:17:07:011 DEBUG 3522 --- [main] c.h.item.mapper.ItemMapper.selectPage    : ==>  Preparing: SELECT id,name,price,stock,image,category,brand,spec,sold,comment_count,isAD,status,create_time,update_time,creater,updater FROM item LIMIT ?,?
12:17:07:012 DEBUG 3522 --- [main] c.h.item.mapper.ItemMapper.selectPage    : ==> Parameters: 40000(Long), 1000(Long)
12:17:07:050 DEBUG 3522 --- [main] c.h.item.mapper.ItemMapper.selectPage    : <==      Total: 1000
12:17:07:284  INFO 3522 --- [main] com.hmall.item.IndexTest                 : 开始处理第42页数据
12:17:07:286 DEBUG 3522 --- [main] c.h.i.m.ItemMapper.selectPage_mpCount    : ==>  Preparing: SELECT COUNT(*) FROM item
12:17:07:286 DEBUG 3522 --- [main] c.h.i.m.ItemMapper.selectPage_mpCount    : ==> Parameters: 
12:17:07:296 DEBUG 3522 --- [main] c.h.i.m.ItemMapper.selectPage_mpCount    : <==      Total: 1
12:17:07:297 DEBUG 3522 --- [main] c.h.item.mapper.ItemMapper.selectPage    : ==>  Preparing: SELECT id,name,price,stock,image,category,brand,spec,sold,comment_count,isAD,status,create_time,update_time,creater,updater FROM item LIMIT ?,?
12:17:07:297 DEBUG 3522 --- [main] c.h.item.mapper.ItemMapper.selectPage    : ==> Parameters: 41000(Long), 1000(Long)
12:17:07:328 DEBUG 3522 --- [main] c.h.item.mapper.ItemMapper.selectPage    : <==      Total: 1000
12:17:07:476  INFO 3522 --- [main] com.hmall.item.IndexTest                 : 开始处理第43页数据
12:17:07:477 DEBUG 3522 --- [main] c.h.i.m.ItemMapper.selectPage_mpCount    : ==>  Preparing: SELECT COUNT(*) FROM item
12:17:07:477 DEBUG 3522 --- [main] c.h.i.m.ItemMapper.selectPage_mpCount    : ==> Parameters: 
12:17:07:488 DEBUG 3522 --- [main] c.h.i.m.ItemMapper.selectPage_mpCount    : <==      Total: 1
12:17:07:488 DEBUG 3522 --- [main] c.h.item.mapper.ItemMapper.selectPage    : ==>  Preparing: SELECT id,name,price,stock,image,category,brand,spec,sold,comment_count,isAD,status,create_time,update_time,creater,updater FROM item LIMIT ?,?
12:17:07:489 DEBUG 3522 --- [main] c.h.item.mapper.ItemMapper.selectPage    : ==> Parameters: 42000(Long), 1000(Long)
12:17:07:523 DEBUG 3522 --- [main] c.h.item.mapper.ItemMapper.selectPage    : <==      Total: 1000
12:17:07:724  INFO 3522 --- [main] com.hmall.item.IndexTest                 : 开始处理第44页数据
12:17:07:725 DEBUG 3522 --- [main] c.h.i.m.ItemMapper.selectPage_mpCount    : ==>  Preparing: SELECT COUNT(*) FROM item
12:17:07:725 DEBUG 3522 --- [main] c.h.i.m.ItemMapper.selectPage_mpCount    : ==> Parameters: 
12:17:07:736 DEBUG 3522 --- [main] c.h.i.m.ItemMapper.selectPage_mpCount    : <==      Total: 1
12:17:07:737 DEBUG 3522 --- [main] c.h.item.mapper.ItemMapper.selectPage    : ==>  Preparing: SELECT id,name,price,stock,image,category,brand,spec,sold,comment_count,isAD,status,create_time,update_time,creater,updater FROM item LIMIT ?,?
12:17:07:737 DEBUG 3522 --- [main] c.h.item.mapper.ItemMapper.selectPage    : ==> Parameters: 43000(Long), 1000(Long)
12:17:07:770 DEBUG 3522 --- [main] c.h.item.mapper.ItemMapper.selectPage    : <==      Total: 1000
12:17:08:468  INFO 3522 --- [main] com.hmall.item.IndexTest                 : 开始处理第45页数据
12:17:08:472 DEBUG 3522 --- [main] c.h.i.m.ItemMapper.selectPage_mpCount    : ==>  Preparing: SELECT COUNT(*) FROM item
12:17:08:472 DEBUG 3522 --- [main] c.h.i.m.ItemMapper.selectPage_mpCount    : ==> Parameters: 
12:17:08:480 DEBUG 3522 --- [main] c.h.i.m.ItemMapper.selectPage_mpCount    : <==      Total: 1
12:17:08:480 DEBUG 3522 --- [main] c.h.item.mapper.ItemMapper.selectPage    : ==>  Preparing: SELECT id,name,price,stock,image,category,brand,spec,sold,comment_count,isAD,status,create_time,update_time,creater,updater FROM item LIMIT ?,?
12:17:08:481 DEBUG 3522 --- [main] c.h.item.mapper.ItemMapper.selectPage    : ==> Parameters: 44000(Long), 1000(Long)
12:17:08:564 DEBUG 3522 --- [main] c.h.item.mapper.ItemMapper.selectPage    : <==      Total: 1000
12:17:08:846  INFO 3522 --- [main] com.hmall.item.IndexTest                 : 开始处理第46页数据
12:17:08:848 DEBUG 3522 --- [main] c.h.i.m.ItemMapper.selectPage_mpCount    : ==>  Preparing: SELECT COUNT(*) FROM item
12:17:08:848 DEBUG 3522 --- [main] c.h.i.m.ItemMapper.selectPage_mpCount    : ==> Parameters: 
12:17:08:869 DEBUG 3522 --- [main] c.h.i.m.ItemMapper.selectPage_mpCount    : <==      Total: 1
12:17:08:870 DEBUG 3522 --- [main] c.h.item.mapper.ItemMapper.selectPage    : ==>  Preparing: SELECT id,name,price,stock,image,category,brand,spec,sold,comment_count,isAD,status,create_time,update_time,creater,updater FROM item LIMIT ?,?
12:17:08:870 DEBUG 3522 --- [main] c.h.item.mapper.ItemMapper.selectPage    : ==> Parameters: 45000(Long), 1000(Long)
12:17:08:916 DEBUG 3522 --- [main] c.h.item.mapper.ItemMapper.selectPage    : <==      Total: 1000
12:17:09:126  INFO 3522 --- [main] com.hmall.item.IndexTest                 : 开始处理第47页数据
12:17:09:127 DEBUG 3522 --- [main] c.h.i.m.ItemMapper.selectPage_mpCount    : ==>  Preparing: SELECT COUNT(*) FROM item
12:17:09:127 DEBUG 3522 --- [main] c.h.i.m.ItemMapper.selectPage_mpCount    : ==> Parameters: 
12:17:09:136 DEBUG 3522 --- [main] c.h.i.m.ItemMapper.selectPage_mpCount    : <==      Total: 1
12:17:09:136 DEBUG 3522 --- [main] c.h.item.mapper.ItemMapper.selectPage    : ==>  Preparing: SELECT id,name,price,stock,image,category,brand,spec,sold,comment_count,isAD,status,create_time,update_time,creater,updater FROM item LIMIT ?,?
12:17:09:136 DEBUG 3522 --- [main] c.h.item.mapper.ItemMapper.selectPage    : ==> Parameters: 46000(Long), 1000(Long)
12:17:09:166 DEBUG 3522 --- [main] c.h.item.mapper.ItemMapper.selectPage    : <==      Total: 1000
12:17:09:321  INFO 3522 --- [main] com.hmall.item.IndexTest                 : 开始处理第48页数据
12:17:09:322 DEBUG 3522 --- [main] c.h.i.m.ItemMapper.selectPage_mpCount    : ==>  Preparing: SELECT COUNT(*) FROM item
12:17:09:322 DEBUG 3522 --- [main] c.h.i.m.ItemMapper.selectPage_mpCount    : ==> Parameters: 
12:17:09:332 DEBUG 3522 --- [main] c.h.i.m.ItemMapper.selectPage_mpCount    : <==      Total: 1
12:17:09:332 DEBUG 3522 --- [main] c.h.item.mapper.ItemMapper.selectPage    : ==>  Preparing: SELECT id,name,price,stock,image,category,brand,spec,sold,comment_count,isAD,status,create_time,update_time,creater,updater FROM item LIMIT ?,?
12:17:09:333 DEBUG 3522 --- [main] c.h.item.mapper.ItemMapper.selectPage    : ==> Parameters: 47000(Long), 1000(Long)
12:17:09:370 DEBUG 3522 --- [main] c.h.item.mapper.ItemMapper.selectPage    : <==      Total: 1000
12:17:09:740  INFO 3522 --- [main] com.hmall.item.IndexTest                 : 开始处理第49页数据
12:17:09:744 DEBUG 3522 --- [main] c.h.i.m.ItemMapper.selectPage_mpCount    : ==>  Preparing: SELECT COUNT(*) FROM item
12:17:09:746 DEBUG 3522 --- [main] c.h.i.m.ItemMapper.selectPage_mpCount    : ==> Parameters: 
12:17:09:763 DEBUG 3522 --- [main] c.h.i.m.ItemMapper.selectPage_mpCount    : <==      Total: 1
12:17:09:763 DEBUG 3522 --- [main] c.h.item.mapper.ItemMapper.selectPage    : ==>  Preparing: SELECT id,name,price,stock,image,category,brand,spec,sold,comment_count,isAD,status,create_time,update_time,creater,updater FROM item LIMIT ?,?
12:17:09:764 DEBUG 3522 --- [main] c.h.item.mapper.ItemMapper.selectPage    : ==> Parameters: 48000(Long), 1000(Long)
12:17:09:810 DEBUG 3522 --- [main] c.h.item.mapper.ItemMapper.selectPage    : <==      Total: 1000
12:17:10:063  INFO 3522 --- [main] com.hmall.item.IndexTest                 : 开始处理第50页数据
12:17:10:065 DEBUG 3522 --- [main] c.h.i.m.ItemMapper.selectPage_mpCount    : ==>  Preparing: SELECT COUNT(*) FROM item
12:17:10:065 DEBUG 3522 --- [main] c.h.i.m.ItemMapper.selectPage_mpCount    : ==> Parameters: 
12:17:10:075 DEBUG 3522 --- [main] c.h.i.m.ItemMapper.selectPage_mpCount    : <==      Total: 1
12:17:10:075 DEBUG 3522 --- [main] c.h.item.mapper.ItemMapper.selectPage    : ==>  Preparing: SELECT id,name,price,stock,image,category,brand,spec,sold,comment_count,isAD,status,create_time,update_time,creater,updater FROM item LIMIT ?,?
12:17:10:076 DEBUG 3522 --- [main] c.h.item.mapper.ItemMapper.selectPage    : ==> Parameters: 49000(Long), 1000(Long)
12:17:10:118 DEBUG 3522 --- [main] c.h.item.mapper.ItemMapper.selectPage    : <==      Total: 1000
12:17:11:266  INFO 3522 --- [main] com.hmall.item.IndexTest                 : 开始处理第51页数据
12:17:11:279 DEBUG 3522 --- [main] c.h.i.m.ItemMapper.selectPage_mpCount    : ==>  Preparing: SELECT COUNT(*) FROM item
12:17:11:279 DEBUG 3522 --- [main] c.h.i.m.ItemMapper.selectPage_mpCount    : ==> Parameters: 
12:17:11:289 DEBUG 3522 --- [main] c.h.i.m.ItemMapper.selectPage_mpCount    : <==      Total: 1
12:17:11:290 DEBUG 3522 --- [main] c.h.item.mapper.ItemMapper.selectPage    : ==>  Preparing: SELECT id,name,price,stock,image,category,brand,spec,sold,comment_count,isAD,status,create_time,update_time,creater,updater FROM item LIMIT ?,?
12:17:11:290 DEBUG 3522 --- [main] c.h.item.mapper.ItemMapper.selectPage    : ==> Parameters: 50000(Long), 1000(Long)
12:17:11:336 DEBUG 3522 --- [main] c.h.item.mapper.ItemMapper.selectPage    : <==      Total: 1000
12:17:11:606  INFO 3522 --- [main] com.hmall.item.IndexTest                 : 开始处理第52页数据
12:17:11:607 DEBUG 3522 --- [main] c.h.i.m.ItemMapper.selectPage_mpCount    : ==>  Preparing: SELECT COUNT(*) FROM item
12:17:11:607 DEBUG 3522 --- [main] c.h.i.m.ItemMapper.selectPage_mpCount    : ==> Parameters: 
12:17:11:615 DEBUG 3522 --- [main] c.h.i.m.ItemMapper.selectPage_mpCount    : <==      Total: 1
12:17:11:616 DEBUG 3522 --- [main] c.h.item.mapper.ItemMapper.selectPage    : ==>  Preparing: SELECT id,name,price,stock,image,category,brand,spec,sold,comment_count,isAD,status,create_time,update_time,creater,updater FROM item LIMIT ?,?
12:17:11:616 DEBUG 3522 --- [main] c.h.item.mapper.ItemMapper.selectPage    : ==> Parameters: 51000(Long), 1000(Long)
12:17:11:656 DEBUG 3522 --- [main] c.h.item.mapper.ItemMapper.selectPage    : <==      Total: 1000
12:17:12:155  INFO 3522 --- [main] com.hmall.item.IndexTest                 : 开始处理第53页数据
12:17:12:167 DEBUG 3522 --- [main] c.h.i.m.ItemMapper.selectPage_mpCount    : ==>  Preparing: SELECT COUNT(*) FROM item
12:17:12:167 DEBUG 3522 --- [main] c.h.i.m.ItemMapper.selectPage_mpCount    : ==> Parameters: 
12:17:12:184 DEBUG 3522 --- [main] c.h.i.m.ItemMapper.selectPage_mpCount    : <==      Total: 1
12:17:12:185 DEBUG 3522 --- [main] c.h.item.mapper.ItemMapper.selectPage    : ==>  Preparing: SELECT id,name,price,stock,image,category,brand,spec,sold,comment_count,isAD,status,create_time,update_time,creater,updater FROM item LIMIT ?,?
12:17:12:185 DEBUG 3522 --- [main] c.h.item.mapper.ItemMapper.selectPage    : ==> Parameters: 52000(Long), 1000(Long)
12:17:12:239 DEBUG 3522 --- [main] c.h.item.mapper.ItemMapper.selectPage    : <==      Total: 1000
12:17:12:556  INFO 3522 --- [main] com.hmall.item.IndexTest                 : 开始处理第54页数据
12:17:12:558 DEBUG 3522 --- [main] c.h.i.m.ItemMapper.selectPage_mpCount    : ==>  Preparing: SELECT COUNT(*) FROM item
12:17:12:558 DEBUG 3522 --- [main] c.h.i.m.ItemMapper.selectPage_mpCount    : ==> Parameters: 
12:17:12:568 DEBUG 3522 --- [main] c.h.i.m.ItemMapper.selectPage_mpCount    : <==      Total: 1
12:17:12:569 DEBUG 3522 --- [main] c.h.item.mapper.ItemMapper.selectPage    : ==>  Preparing: SELECT id,name,price,stock,image,category,brand,spec,sold,comment_count,isAD,status,create_time,update_time,creater,updater FROM item LIMIT ?,?
12:17:12:569 DEBUG 3522 --- [main] c.h.item.mapper.ItemMapper.selectPage    : ==> Parameters: 53000(Long), 1000(Long)
12:17:12:626 DEBUG 3522 --- [main] c.h.item.mapper.ItemMapper.selectPage    : <==      Total: 1000
12:17:12:781  INFO 3522 --- [main] com.hmall.item.IndexTest                 : 开始处理第55页数据
12:17:12:782 DEBUG 3522 --- [main] c.h.i.m.ItemMapper.selectPage_mpCount    : ==>  Preparing: SELECT COUNT(*) FROM item
12:17:12:782 DEBUG 3522 --- [main] c.h.i.m.ItemMapper.selectPage_mpCount    : ==> Parameters: 
12:17:12:791 DEBUG 3522 --- [main] c.h.i.m.ItemMapper.selectPage_mpCount    : <==      Total: 1
12:17:12:792 DEBUG 3522 --- [main] c.h.item.mapper.ItemMapper.selectPage    : ==>  Preparing: SELECT id,name,price,stock,image,category,brand,spec,sold,comment_count,isAD,status,create_time,update_time,creater,updater FROM item LIMIT ?,?
12:17:12:792 DEBUG 3522 --- [main] c.h.item.mapper.ItemMapper.selectPage    : ==> Parameters: 54000(Long), 1000(Long)
12:17:12:832 DEBUG 3522 --- [main] c.h.item.mapper.ItemMapper.selectPage    : <==      Total: 1000
12:17:12:972  INFO 3522 --- [main] com.hmall.item.IndexTest                 : 开始处理第56页数据
12:17:12:973 DEBUG 3522 --- [main] c.h.i.m.ItemMapper.selectPage_mpCount    : ==>  Preparing: SELECT COUNT(*) FROM item
12:17:12:973 DEBUG 3522 --- [main] c.h.i.m.ItemMapper.selectPage_mpCount    : ==> Parameters: 
12:17:12:982 DEBUG 3522 --- [main] c.h.i.m.ItemMapper.selectPage_mpCount    : <==      Total: 1
12:17:12:982 DEBUG 3522 --- [main] c.h.item.mapper.ItemMapper.selectPage    : ==>  Preparing: SELECT id,name,price,stock,image,category,brand,spec,sold,comment_count,isAD,status,create_time,update_time,creater,updater FROM item LIMIT ?,?
12:17:12:982 DEBUG 3522 --- [main] c.h.item.mapper.ItemMapper.selectPage    : ==> Parameters: 55000(Long), 1000(Long)
12:17:13:031 DEBUG 3522 --- [main] c.h.item.mapper.ItemMapper.selectPage    : <==      Total: 1000
12:17:13:279  INFO 3522 --- [main] com.hmall.item.IndexTest                 : 开始处理第57页数据
12:17:13:280 DEBUG 3522 --- [main] c.h.i.m.ItemMapper.selectPage_mpCount    : ==>  Preparing: SELECT COUNT(*) FROM item
12:17:13:281 DEBUG 3522 --- [main] c.h.i.m.ItemMapper.selectPage_mpCount    : ==> Parameters: 
12:17:13:295 DEBUG 3522 --- [main] c.h.i.m.ItemMapper.selectPage_mpCount    : <==      Total: 1
12:17:13:296 DEBUG 3522 --- [main] c.h.item.mapper.ItemMapper.selectPage    : ==>  Preparing: SELECT id,name,price,stock,image,category,brand,spec,sold,comment_count,isAD,status,create_time,update_time,creater,updater FROM item LIMIT ?,?
12:17:13:296 DEBUG 3522 --- [main] c.h.item.mapper.ItemMapper.selectPage    : ==> Parameters: 56000(Long), 1000(Long)
12:17:13:339 DEBUG 3522 --- [main] c.h.item.mapper.ItemMapper.selectPage    : <==      Total: 1000
12:17:13:918  INFO 3522 --- [main] com.hmall.item.IndexTest                 : 开始处理第58页数据
12:17:13:919 DEBUG 3522 --- [main] c.h.i.m.ItemMapper.selectPage_mpCount    : ==>  Preparing: SELECT COUNT(*) FROM item
12:17:13:920 DEBUG 3522 --- [main] c.h.i.m.ItemMapper.selectPage_mpCount    : ==> Parameters: 
12:17:13:928 DEBUG 3522 --- [main] c.h.i.m.ItemMapper.selectPage_mpCount    : <==      Total: 1
12:17:13:929 DEBUG 3522 --- [main] c.h.item.mapper.ItemMapper.selectPage    : ==>  Preparing: SELECT id,name,price,stock,image,category,brand,spec,sold,comment_count,isAD,status,create_time,update_time,creater,updater FROM item LIMIT ?,?
12:17:13:929 DEBUG 3522 --- [main] c.h.item.mapper.ItemMapper.selectPage    : ==> Parameters: 57000(Long), 1000(Long)
12:17:13:961 DEBUG 3522 --- [main] c.h.item.mapper.ItemMapper.selectPage    : <==      Total: 1000
12:17:14:128  INFO 3522 --- [main] com.hmall.item.IndexTest                 : 开始处理第59页数据
12:17:14:129 DEBUG 3522 --- [main] c.h.i.m.ItemMapper.selectPage_mpCount    : ==>  Preparing: SELECT COUNT(*) FROM item
12:17:14:129 DEBUG 3522 --- [main] c.h.i.m.ItemMapper.selectPage_mpCount    : ==> Parameters: 
12:17:14:138 DEBUG 3522 --- [main] c.h.i.m.ItemMapper.selectPage_mpCount    : <==      Total: 1
12:17:14:138 DEBUG 3522 --- [main] c.h.item.mapper.ItemMapper.selectPage    : ==>  Preparing: SELECT id,name,price,stock,image,category,brand,spec,sold,comment_count,isAD,status,create_time,update_time,creater,updater FROM item LIMIT ?,?
12:17:14:138 DEBUG 3522 --- [main] c.h.item.mapper.ItemMapper.selectPage    : ==> Parameters: 58000(Long), 1000(Long)
12:17:14:184 DEBUG 3522 --- [main] c.h.item.mapper.ItemMapper.selectPage    : <==      Total: 1000
12:17:14:347  INFO 3522 --- [main] com.hmall.item.IndexTest                 : 开始处理第60页数据
12:17:14:347 DEBUG 3522 --- [main] c.h.i.m.ItemMapper.selectPage_mpCount    : ==>  Preparing: SELECT COUNT(*) FROM item
12:17:14:347 DEBUG 3522 --- [main] c.h.i.m.ItemMapper.selectPage_mpCount    : ==> Parameters: 
12:17:14:356 DEBUG 3522 --- [main] c.h.i.m.ItemMapper.selectPage_mpCount    : <==      Total: 1
12:17:14:356 DEBUG 3522 --- [main] c.h.item.mapper.ItemMapper.selectPage    : ==>  Preparing: SELECT id,name,price,stock,image,category,brand,spec,sold,comment_count,isAD,status,create_time,update_time,creater,updater FROM item LIMIT ?,?
12:17:14:356 DEBUG 3522 --- [main] c.h.item.mapper.ItemMapper.selectPage    : ==> Parameters: 59000(Long), 1000(Long)
12:17:14:389 DEBUG 3522 --- [main] c.h.item.mapper.ItemMapper.selectPage    : <==      Total: 1000
12:17:14:509  INFO 3522 --- [main] com.hmall.item.IndexTest                 : 开始处理第61页数据
12:17:14:510 DEBUG 3522 --- [main] c.h.i.m.ItemMapper.selectPage_mpCount    : ==>  Preparing: SELECT COUNT(*) FROM item
12:17:14:510 DEBUG 3522 --- [main] c.h.i.m.ItemMapper.selectPage_mpCount    : ==> Parameters: 
12:17:14:518 DEBUG 3522 --- [main] c.h.i.m.ItemMapper.selectPage_mpCount    : <==      Total: 1
12:17:14:518 DEBUG 3522 --- [main] c.h.item.mapper.ItemMapper.selectPage    : ==>  Preparing: SELECT id,name,price,stock,image,category,brand,spec,sold,comment_count,isAD,status,create_time,update_time,creater,updater FROM item LIMIT ?,?
12:17:14:518 DEBUG 3522 --- [main] c.h.item.mapper.ItemMapper.selectPage    : ==> Parameters: 60000(Long), 1000(Long)
12:17:14:550 DEBUG 3522 --- [main] c.h.item.mapper.ItemMapper.selectPage    : <==      Total: 1000
12:17:14:683  INFO 3522 --- [main] com.hmall.item.IndexTest                 : 开始处理第62页数据
12:17:14:690 DEBUG 3522 --- [main] c.h.i.m.ItemMapper.selectPage_mpCount    : ==>  Preparing: SELECT COUNT(*) FROM item
12:17:14:691 DEBUG 3522 --- [main] c.h.i.m.ItemMapper.selectPage_mpCount    : ==> Parameters: 
12:17:14:726 DEBUG 3522 --- [main] c.h.i.m.ItemMapper.selectPage_mpCount    : <==      Total: 1
12:17:14:727 DEBUG 3522 --- [main] c.h.item.mapper.ItemMapper.selectPage    : ==>  Preparing: SELECT id,name,price,stock,image,category,brand,spec,sold,comment_count,isAD,status,create_time,update_time,creater,updater FROM item LIMIT ?,?
12:17:14:727 DEBUG 3522 --- [main] c.h.item.mapper.ItemMapper.selectPage    : ==> Parameters: 61000(Long), 1000(Long)
12:17:14:762 DEBUG 3522 --- [main] c.h.item.mapper.ItemMapper.selectPage    : <==      Total: 1000
12:17:14:943  INFO 3522 --- [main] com.hmall.item.IndexTest                 : 开始处理第63页数据
12:17:14:945 DEBUG 3522 --- [main] c.h.i.m.ItemMapper.selectPage_mpCount    : ==>  Preparing: SELECT COUNT(*) FROM item
12:17:14:945 DEBUG 3522 --- [main] c.h.i.m.ItemMapper.selectPage_mpCount    : ==> Parameters: 
12:17:14:953 DEBUG 3522 --- [main] c.h.i.m.ItemMapper.selectPage_mpCount    : <==      Total: 1
12:17:14:954 DEBUG 3522 --- [main] c.h.item.mapper.ItemMapper.selectPage    : ==>  Preparing: SELECT id,name,price,stock,image,category,brand,spec,sold,comment_count,isAD,status,create_time,update_time,creater,updater FROM item LIMIT ?,?
12:17:14:954 DEBUG 3522 --- [main] c.h.item.mapper.ItemMapper.selectPage    : ==> Parameters: 62000(Long), 1000(Long)
12:17:14:992 DEBUG 3522 --- [main] c.h.item.mapper.ItemMapper.selectPage    : <==      Total: 1000
12:17:15:293  INFO 3522 --- [main] com.hmall.item.IndexTest                 : 开始处理第64页数据
12:17:15:295 DEBUG 3522 --- [main] c.h.i.m.ItemMapper.selectPage_mpCount    : ==>  Preparing: SELECT COUNT(*) FROM item
12:17:15:295 DEBUG 3522 --- [main] c.h.i.m.ItemMapper.selectPage_mpCount    : ==> Parameters: 
12:17:15:304 DEBUG 3522 --- [main] c.h.i.m.ItemMapper.selectPage_mpCount    : <==      Total: 1
12:17:15:304 DEBUG 3522 --- [main] c.h.item.mapper.ItemMapper.selectPage    : ==>  Preparing: SELECT id,name,price,stock,image,category,brand,spec,sold,comment_count,isAD,status,create_time,update_time,creater,updater FROM item LIMIT ?,?
12:17:15:304 DEBUG 3522 --- [main] c.h.item.mapper.ItemMapper.selectPage    : ==> Parameters: 63000(Long), 1000(Long)
12:17:15:341 DEBUG 3522 --- [main] c.h.item.mapper.ItemMapper.selectPage    : <==      Total: 1000
12:17:15:453  INFO 3522 --- [main] com.hmall.item.IndexTest                 : 开始处理第65页数据
12:17:15:454 DEBUG 3522 --- [main] c.h.i.m.ItemMapper.selectPage_mpCount    : ==>  Preparing: SELECT COUNT(*) FROM item
12:17:15:454 DEBUG 3522 --- [main] c.h.i.m.ItemMapper.selectPage_mpCount    : ==> Parameters: 
12:17:15:464 DEBUG 3522 --- [main] c.h.i.m.ItemMapper.selectPage_mpCount    : <==      Total: 1
12:17:15:464 DEBUG 3522 --- [main] c.h.item.mapper.ItemMapper.selectPage    : ==>  Preparing: SELECT id,name,price,stock,image,category,brand,spec,sold,comment_count,isAD,status,create_time,update_time,creater,updater FROM item LIMIT ?,?
12:17:15:464 DEBUG 3522 --- [main] c.h.item.mapper.ItemMapper.selectPage    : ==> Parameters: 64000(Long), 1000(Long)
12:17:15:500 DEBUG 3522 --- [main] c.h.item.mapper.ItemMapper.selectPage    : <==      Total: 1000
12:17:15:635  INFO 3522 --- [main] com.hmall.item.IndexTest                 : 开始处理第66页数据
12:17:15:636 DEBUG 3522 --- [main] c.h.i.m.ItemMapper.selectPage_mpCount    : ==>  Preparing: SELECT COUNT(*) FROM item
12:17:15:636 DEBUG 3522 --- [main] c.h.i.m.ItemMapper.selectPage_mpCount    : ==> Parameters: 
12:17:15:644 DEBUG 3522 --- [main] c.h.i.m.ItemMapper.selectPage_mpCount    : <==      Total: 1
12:17:15:645 DEBUG 3522 --- [main] c.h.item.mapper.ItemMapper.selectPage    : ==>  Preparing: SELECT id,name,price,stock,image,category,brand,spec,sold,comment_count,isAD,status,create_time,update_time,creater,updater FROM item LIMIT ?,?
12:17:15:645 DEBUG 3522 --- [main] c.h.item.mapper.ItemMapper.selectPage    : ==> Parameters: 65000(Long), 1000(Long)
12:17:15:678 DEBUG 3522 --- [main] c.h.item.mapper.ItemMapper.selectPage    : <==      Total: 1000
12:17:15:810  INFO 3522 --- [main] com.hmall.item.IndexTest                 : 开始处理第67页数据
12:17:15:811 DEBUG 3522 --- [main] c.h.i.m.ItemMapper.selectPage_mpCount    : ==>  Preparing: SELECT COUNT(*) FROM item
12:17:15:811 DEBUG 3522 --- [main] c.h.i.m.ItemMapper.selectPage_mpCount    : ==> Parameters: 
12:17:15:820 DEBUG 3522 --- [main] c.h.i.m.ItemMapper.selectPage_mpCount    : <==      Total: 1
12:17:15:821 DEBUG 3522 --- [main] c.h.item.mapper.ItemMapper.selectPage    : ==>  Preparing: SELECT id,name,price,stock,image,category,brand,spec,sold,comment_count,isAD,status,create_time,update_time,creater,updater FROM item LIMIT ?,?
12:17:15:821 DEBUG 3522 --- [main] c.h.item.mapper.ItemMapper.selectPage    : ==> Parameters: 66000(Long), 1000(Long)
12:17:15:855 DEBUG 3522 --- [main] c.h.item.mapper.ItemMapper.selectPage    : <==      Total: 1000
12:17:15:962  INFO 3522 --- [main] com.hmall.item.IndexTest                 : 开始处理第68页数据
12:17:15:963 DEBUG 3522 --- [main] c.h.i.m.ItemMapper.selectPage_mpCount    : ==>  Preparing: SELECT COUNT(*) FROM item
12:17:15:963 DEBUG 3522 --- [main] c.h.i.m.ItemMapper.selectPage_mpCount    : ==> Parameters: 
12:17:15:971 DEBUG 3522 --- [main] c.h.i.m.ItemMapper.selectPage_mpCount    : <==      Total: 1
12:17:15:972 DEBUG 3522 --- [main] c.h.item.mapper.ItemMapper.selectPage    : ==>  Preparing: SELECT id,name,price,stock,image,category,brand,spec,sold,comment_count,isAD,status,create_time,update_time,creater,updater FROM item LIMIT ?,?
12:17:15:972 DEBUG 3522 --- [main] c.h.item.mapper.ItemMapper.selectPage    : ==> Parameters: 67000(Long), 1000(Long)
12:17:16:006 DEBUG 3522 --- [main] c.h.item.mapper.ItemMapper.selectPage    : <==      Total: 1000
12:17:16:245  INFO 3522 --- [main] com.hmall.item.IndexTest                 : 开始处理第69页数据
12:17:16:245 DEBUG 3522 --- [main] c.h.i.m.ItemMapper.selectPage_mpCount    : ==>  Preparing: SELECT COUNT(*) FROM item
12:17:16:246 DEBUG 3522 --- [main] c.h.i.m.ItemMapper.selectPage_mpCount    : ==> Parameters: 
12:17:16:260 DEBUG 3522 --- [main] c.h.i.m.ItemMapper.selectPage_mpCount    : <==      Total: 1
12:17:16:260 DEBUG 3522 --- [main] c.h.item.mapper.ItemMapper.selectPage    : ==>  Preparing: SELECT id,name,price,stock,image,category,brand,spec,sold,comment_count,isAD,status,create_time,update_time,creater,updater FROM item LIMIT ?,?
12:17:16:261 DEBUG 3522 --- [main] c.h.item.mapper.ItemMapper.selectPage    : ==> Parameters: 68000(Long), 1000(Long)
12:17:16:297 DEBUG 3522 --- [main] c.h.item.mapper.ItemMapper.selectPage    : <==      Total: 1000
12:17:16:496  INFO 3522 --- [main] com.hmall.item.IndexTest                 : 开始处理第70页数据
12:17:16:497 DEBUG 3522 --- [main] c.h.i.m.ItemMapper.selectPage_mpCount    : ==>  Preparing: SELECT COUNT(*) FROM item
12:17:16:497 DEBUG 3522 --- [main] c.h.i.m.ItemMapper.selectPage_mpCount    : ==> Parameters: 
12:17:16:507 DEBUG 3522 --- [main] c.h.i.m.ItemMapper.selectPage_mpCount    : <==      Total: 1
12:17:16:507 DEBUG 3522 --- [main] c.h.item.mapper.ItemMapper.selectPage    : ==>  Preparing: SELECT id,name,price,stock,image,category,brand,spec,sold,comment_count,isAD,status,create_time,update_time,creater,updater FROM item LIMIT ?,?
12:17:16:507 DEBUG 3522 --- [main] c.h.item.mapper.ItemMapper.selectPage    : ==> Parameters: 69000(Long), 1000(Long)
12:17:16:545 DEBUG 3522 --- [main] c.h.item.mapper.ItemMapper.selectPage    : <==      Total: 1000
12:17:16:667  INFO 3522 --- [main] com.hmall.item.IndexTest                 : 开始处理第71页数据
12:17:16:668 DEBUG 3522 --- [main] c.h.i.m.ItemMapper.selectPage_mpCount    : ==>  Preparing: SELECT COUNT(*) FROM item
12:17:16:668 DEBUG 3522 --- [main] c.h.i.m.ItemMapper.selectPage_mpCount    : ==> Parameters: 
12:17:16:676 DEBUG 3522 --- [main] c.h.i.m.ItemMapper.selectPage_mpCount    : <==      Total: 1
12:17:16:676 DEBUG 3522 --- [main] c.h.item.mapper.ItemMapper.selectPage    : ==>  Preparing: SELECT id,name,price,stock,image,category,brand,spec,sold,comment_count,isAD,status,create_time,update_time,creater,updater FROM item LIMIT ?,?
12:17:16:676 DEBUG 3522 --- [main] c.h.item.mapper.ItemMapper.selectPage    : ==> Parameters: 70000(Long), 1000(Long)
12:17:16:714 DEBUG 3522 --- [main] c.h.item.mapper.ItemMapper.selectPage    : <==      Total: 1000
12:17:16:851  INFO 3522 --- [main] com.hmall.item.IndexTest                 : 开始处理第72页数据
12:17:16:852 DEBUG 3522 --- [main] c.h.i.m.ItemMapper.selectPage_mpCount    : ==>  Preparing: SELECT COUNT(*) FROM item
12:17:16:852 DEBUG 3522 --- [main] c.h.i.m.ItemMapper.selectPage_mpCount    : ==> Parameters: 
12:17:16:861 DEBUG 3522 --- [main] c.h.i.m.ItemMapper.selectPage_mpCount    : <==      Total: 1
12:17:16:861 DEBUG 3522 --- [main] c.h.item.mapper.ItemMapper.selectPage    : ==>  Preparing: SELECT id,name,price,stock,image,category,brand,spec,sold,comment_count,isAD,status,create_time,update_time,creater,updater FROM item LIMIT ?,?
12:17:16:862 DEBUG 3522 --- [main] c.h.item.mapper.ItemMapper.selectPage    : ==> Parameters: 71000(Long), 1000(Long)
12:17:16:897 DEBUG 3522 --- [main] c.h.item.mapper.ItemMapper.selectPage    : <==      Total: 1000
12:17:17:003  INFO 3522 --- [main] com.hmall.item.IndexTest                 : 开始处理第73页数据
12:17:17:004 DEBUG 3522 --- [main] c.h.i.m.ItemMapper.selectPage_mpCount    : ==>  Preparing: SELECT COUNT(*) FROM item
12:17:17:004 DEBUG 3522 --- [main] c.h.i.m.ItemMapper.selectPage_mpCount    : ==> Parameters: 
12:17:17:012 DEBUG 3522 --- [main] c.h.i.m.ItemMapper.selectPage_mpCount    : <==      Total: 1
12:17:17:012 DEBUG 3522 --- [main] c.h.item.mapper.ItemMapper.selectPage    : ==>  Preparing: SELECT id,name,price,stock,image,category,brand,spec,sold,comment_count,isAD,status,create_time,update_time,creater,updater FROM item LIMIT ?,?
12:17:17:013 DEBUG 3522 --- [main] c.h.item.mapper.ItemMapper.selectPage    : ==> Parameters: 72000(Long), 1000(Long)
12:17:17:049 DEBUG 3522 --- [main] c.h.item.mapper.ItemMapper.selectPage    : <==      Total: 1000
12:17:17:152  INFO 3522 --- [main] com.hmall.item.IndexTest                 : 开始处理第74页数据
12:17:17:153 DEBUG 3522 --- [main] c.h.i.m.ItemMapper.selectPage_mpCount    : ==>  Preparing: SELECT COUNT(*) FROM item
12:17:17:153 DEBUG 3522 --- [main] c.h.i.m.ItemMapper.selectPage_mpCount    : ==> Parameters: 
12:17:17:161 DEBUG 3522 --- [main] c.h.i.m.ItemMapper.selectPage_mpCount    : <==      Total: 1
12:17:17:161 DEBUG 3522 --- [main] c.h.item.mapper.ItemMapper.selectPage    : ==>  Preparing: SELECT id,name,price,stock,image,category,brand,spec,sold,comment_count,isAD,status,create_time,update_time,creater,updater FROM item LIMIT ?,?
12:17:17:162 DEBUG 3522 --- [main] c.h.item.mapper.ItemMapper.selectPage    : ==> Parameters: 73000(Long), 1000(Long)
12:17:17:199 DEBUG 3522 --- [main] c.h.item.mapper.ItemMapper.selectPage    : <==      Total: 1000
12:17:17:500  INFO 3522 --- [main] com.hmall.item.IndexTest                 : 开始处理第75页数据
12:17:17:500 DEBUG 3522 --- [main] c.h.i.m.ItemMapper.selectPage_mpCount    : ==>  Preparing: SELECT COUNT(*) FROM item
12:17:17:501 DEBUG 3522 --- [main] c.h.i.m.ItemMapper.selectPage_mpCount    : ==> Parameters: 
12:17:17:508 DEBUG 3522 --- [main] c.h.i.m.ItemMapper.selectPage_mpCount    : <==      Total: 1
12:17:17:509 DEBUG 3522 --- [main] c.h.item.mapper.ItemMapper.selectPage    : ==>  Preparing: SELECT id,name,price,stock,image,category,brand,spec,sold,comment_count,isAD,status,create_time,update_time,creater,updater FROM item LIMIT ?,?
12:17:17:509 DEBUG 3522 --- [main] c.h.item.mapper.ItemMapper.selectPage    : ==> Parameters: 74000(Long), 1000(Long)
12:17:17:545 DEBUG 3522 --- [main] c.h.item.mapper.ItemMapper.selectPage    : <==      Total: 1000
12:17:17:670  INFO 3522 --- [main] com.hmall.item.IndexTest                 : 开始处理第76页数据
12:17:17:670 DEBUG 3522 --- [main] c.h.i.m.ItemMapper.selectPage_mpCount    : ==>  Preparing: SELECT COUNT(*) FROM item
12:17:17:671 DEBUG 3522 --- [main] c.h.i.m.ItemMapper.selectPage_mpCount    : ==> Parameters: 
12:17:17:679 DEBUG 3522 --- [main] c.h.i.m.ItemMapper.selectPage_mpCount    : <==      Total: 1
12:17:17:679 DEBUG 3522 --- [main] c.h.item.mapper.ItemMapper.selectPage    : ==>  Preparing: SELECT id,name,price,stock,image,category,brand,spec,sold,comment_count,isAD,status,create_time,update_time,creater,updater FROM item LIMIT ?,?
12:17:17:679 DEBUG 3522 --- [main] c.h.item.mapper.ItemMapper.selectPage    : ==> Parameters: 75000(Long), 1000(Long)
12:17:17:716 DEBUG 3522 --- [main] c.h.item.mapper.ItemMapper.selectPage    : <==      Total: 1000
12:17:17:859  INFO 3522 --- [main] com.hmall.item.IndexTest                 : 开始处理第77页数据
12:17:17:860 DEBUG 3522 --- [main] c.h.i.m.ItemMapper.selectPage_mpCount    : ==>  Preparing: SELECT COUNT(*) FROM item
12:17:17:860 DEBUG 3522 --- [main] c.h.i.m.ItemMapper.selectPage_mpCount    : ==> Parameters: 
12:17:17:868 DEBUG 3522 --- [main] c.h.i.m.ItemMapper.selectPage_mpCount    : <==      Total: 1
12:17:17:868 DEBUG 3522 --- [main] c.h.item.mapper.ItemMapper.selectPage    : ==>  Preparing: SELECT id,name,price,stock,image,category,brand,spec,sold,comment_count,isAD,status,create_time,update_time,creater,updater FROM item LIMIT ?,?
12:17:17:868 DEBUG 3522 --- [main] c.h.item.mapper.ItemMapper.selectPage    : ==> Parameters: 76000(Long), 1000(Long)
12:17:17:909 DEBUG 3522 --- [main] c.h.item.mapper.ItemMapper.selectPage    : <==      Total: 1000
12:17:18:015  INFO 3522 --- [main] com.hmall.item.IndexTest                 : 开始处理第78页数据
12:17:18:015 DEBUG 3522 --- [main] c.h.i.m.ItemMapper.selectPage_mpCount    : ==>  Preparing: SELECT COUNT(*) FROM item
12:17:18:015 DEBUG 3522 --- [main] c.h.i.m.ItemMapper.selectPage_mpCount    : ==> Parameters: 
12:17:18:023 DEBUG 3522 --- [main] c.h.i.m.ItemMapper.selectPage_mpCount    : <==      Total: 1
12:17:18:024 DEBUG 3522 --- [main] c.h.item.mapper.ItemMapper.selectPage    : ==>  Preparing: SELECT id,name,price,stock,image,category,brand,spec,sold,comment_count,isAD,status,create_time,update_time,creater,updater FROM item LIMIT ?,?
12:17:18:024 DEBUG 3522 --- [main] c.h.item.mapper.ItemMapper.selectPage    : ==> Parameters: 77000(Long), 1000(Long)
12:17:18:062 DEBUG 3522 --- [main] c.h.item.mapper.ItemMapper.selectPage    : <==      Total: 1000
12:17:18:186  INFO 3522 --- [main] com.hmall.item.IndexTest                 : 开始处理第79页数据
12:17:18:187 DEBUG 3522 --- [main] c.h.i.m.ItemMapper.selectPage_mpCount    : ==>  Preparing: SELECT COUNT(*) FROM item
12:17:18:187 DEBUG 3522 --- [main] c.h.i.m.ItemMapper.selectPage_mpCount    : ==> Parameters: 
12:17:18:196 DEBUG 3522 --- [main] c.h.i.m.ItemMapper.selectPage_mpCount    : <==      Total: 1
12:17:18:196 DEBUG 3522 --- [main] c.h.item.mapper.ItemMapper.selectPage    : ==>  Preparing: SELECT id,name,price,stock,image,category,brand,spec,sold,comment_count,isAD,status,create_time,update_time,creater,updater FROM item LIMIT ?,?
12:17:18:196 DEBUG 3522 --- [main] c.h.item.mapper.ItemMapper.selectPage    : ==> Parameters: 78000(Long), 1000(Long)
12:17:18:239 DEBUG 3522 --- [main] c.h.item.mapper.ItemMapper.selectPage    : <==      Total: 1000
12:17:18:381  INFO 3522 --- [main] com.hmall.item.IndexTest                 : 开始处理第80页数据
12:17:18:382 DEBUG 3522 --- [main] c.h.i.m.ItemMapper.selectPage_mpCount    : ==>  Preparing: SELECT COUNT(*) FROM item
12:17:18:382 DEBUG 3522 --- [main] c.h.i.m.ItemMapper.selectPage_mpCount    : ==> Parameters: 
12:17:18:391 DEBUG 3522 --- [main] c.h.i.m.ItemMapper.selectPage_mpCount    : <==      Total: 1
12:17:18:392 DEBUG 3522 --- [main] c.h.item.mapper.ItemMapper.selectPage    : ==>  Preparing: SELECT id,name,price,stock,image,category,brand,spec,sold,comment_count,isAD,status,create_time,update_time,creater,updater FROM item LIMIT ?,?
12:17:18:392 DEBUG 3522 --- [main] c.h.item.mapper.ItemMapper.selectPage    : ==> Parameters: 79000(Long), 1000(Long)
12:17:18:433 DEBUG 3522 --- [main] c.h.item.mapper.ItemMapper.selectPage    : <==      Total: 1000
12:17:18:718  INFO 3522 --- [main] com.hmall.item.IndexTest                 : 开始处理第81页数据
12:17:18:719 DEBUG 3522 --- [main] c.h.i.m.ItemMapper.selectPage_mpCount    : ==>  Preparing: SELECT COUNT(*) FROM item
12:17:18:719 DEBUG 3522 --- [main] c.h.i.m.ItemMapper.selectPage_mpCount    : ==> Parameters: 
12:17:18:728 DEBUG 3522 --- [main] c.h.i.m.ItemMapper.selectPage_mpCount    : <==      Total: 1
12:17:18:728 DEBUG 3522 --- [main] c.h.item.mapper.ItemMapper.selectPage    : ==>  Preparing: SELECT id,name,price,stock,image,category,brand,spec,sold,comment_count,isAD,status,create_time,update_time,creater,updater FROM item LIMIT ?,?
12:17:18:728 DEBUG 3522 --- [main] c.h.item.mapper.ItemMapper.selectPage    : ==> Parameters: 80000(Long), 1000(Long)
12:17:18:768 DEBUG 3522 --- [main] c.h.item.mapper.ItemMapper.selectPage    : <==      Total: 1000
12:17:18:898  INFO 3522 --- [main] com.hmall.item.IndexTest                 : 开始处理第82页数据
12:17:18:899 DEBUG 3522 --- [main] c.h.i.m.ItemMapper.selectPage_mpCount    : ==>  Preparing: SELECT COUNT(*) FROM item
12:17:18:899 DEBUG 3522 --- [main] c.h.i.m.ItemMapper.selectPage_mpCount    : ==> Parameters: 
12:17:18:910 DEBUG 3522 --- [main] c.h.i.m.ItemMapper.selectPage_mpCount    : <==      Total: 1
12:17:18:911 DEBUG 3522 --- [main] c.h.item.mapper.ItemMapper.selectPage    : ==>  Preparing: SELECT id,name,price,stock,image,category,brand,spec,sold,comment_count,isAD,status,create_time,update_time,creater,updater FROM item LIMIT ?,?
12:17:18:911 DEBUG 3522 --- [main] c.h.item.mapper.ItemMapper.selectPage    : ==> Parameters: 81000(Long), 1000(Long)
12:17:18:953 DEBUG 3522 --- [main] c.h.item.mapper.ItemMapper.selectPage    : <==      Total: 1000
12:17:19:114  INFO 3522 --- [main] com.hmall.item.IndexTest                 : 开始处理第83页数据
12:17:19:114 DEBUG 3522 --- [main] c.h.i.m.ItemMapper.selectPage_mpCount    : ==>  Preparing: SELECT COUNT(*) FROM item
12:17:19:115 DEBUG 3522 --- [main] c.h.i.m.ItemMapper.selectPage_mpCount    : ==> Parameters: 
12:17:19:128 DEBUG 3522 --- [main] c.h.i.m.ItemMapper.selectPage_mpCount    : <==      Total: 1
12:17:19:128 DEBUG 3522 --- [main] c.h.item.mapper.ItemMapper.selectPage    : ==>  Preparing: SELECT id,name,price,stock,image,category,brand,spec,sold,comment_count,isAD,status,create_time,update_time,creater,updater FROM item LIMIT ?,?
12:17:19:128 DEBUG 3522 --- [main] c.h.item.mapper.ItemMapper.selectPage    : ==> Parameters: 82000(Long), 1000(Long)
12:17:19:173 DEBUG 3522 --- [main] c.h.item.mapper.ItemMapper.selectPage    : <==      Total: 1000
12:17:19:281  INFO 3522 --- [main] com.hmall.item.IndexTest                 : 开始处理第84页数据
12:17:19:282 DEBUG 3522 --- [main] c.h.i.m.ItemMapper.selectPage_mpCount    : ==>  Preparing: SELECT COUNT(*) FROM item
12:17:19:282 DEBUG 3522 --- [main] c.h.i.m.ItemMapper.selectPage_mpCount    : ==> Parameters: 
12:17:19:291 DEBUG 3522 --- [main] c.h.i.m.ItemMapper.selectPage_mpCount    : <==      Total: 1
12:17:19:291 DEBUG 3522 --- [main] c.h.item.mapper.ItemMapper.selectPage    : ==>  Preparing: SELECT id,name,price,stock,image,category,brand,spec,sold,comment_count,isAD,status,create_time,update_time,creater,updater FROM item LIMIT ?,?
12:17:19:291 DEBUG 3522 --- [main] c.h.item.mapper.ItemMapper.selectPage    : ==> Parameters: 83000(Long), 1000(Long)
12:17:19:330 DEBUG 3522 --- [main] c.h.item.mapper.ItemMapper.selectPage    : <==      Total: 1000
12:17:19:465  INFO 3522 --- [main] com.hmall.item.IndexTest                 : 开始处理第85页数据
12:17:19:465 DEBUG 3522 --- [main] c.h.i.m.ItemMapper.selectPage_mpCount    : ==>  Preparing: SELECT COUNT(*) FROM item
12:17:19:466 DEBUG 3522 --- [main] c.h.i.m.ItemMapper.selectPage_mpCount    : ==> Parameters: 
12:17:19:473 DEBUG 3522 --- [main] c.h.i.m.ItemMapper.selectPage_mpCount    : <==      Total: 1
12:17:19:474 DEBUG 3522 --- [main] c.h.item.mapper.ItemMapper.selectPage    : ==>  Preparing: SELECT id,name,price,stock,image,category,brand,spec,sold,comment_count,isAD,status,create_time,update_time,creater,updater FROM item LIMIT ?,?
12:17:19:474 DEBUG 3522 --- [main] c.h.item.mapper.ItemMapper.selectPage    : ==> Parameters: 84000(Long), 1000(Long)
12:17:19:517 DEBUG 3522 --- [main] c.h.item.mapper.ItemMapper.selectPage    : <==      Total: 1000
12:17:19:896  INFO 3522 --- [main] com.hmall.item.IndexTest                 : 开始处理第86页数据
12:17:19:897 DEBUG 3522 --- [main] c.h.i.m.ItemMapper.selectPage_mpCount    : ==>  Preparing: SELECT COUNT(*) FROM item
12:17:19:898 DEBUG 3522 --- [main] c.h.i.m.ItemMapper.selectPage_mpCount    : ==> Parameters: 
12:17:19:907 DEBUG 3522 --- [main] c.h.i.m.ItemMapper.selectPage_mpCount    : <==      Total: 1
12:17:19:907 DEBUG 3522 --- [main] c.h.item.mapper.ItemMapper.selectPage    : ==>  Preparing: SELECT id,name,price,stock,image,category,brand,spec,sold,comment_count,isAD,status,create_time,update_time,creater,updater FROM item LIMIT ?,?
12:17:19:907 DEBUG 3522 --- [main] c.h.item.mapper.ItemMapper.selectPage    : ==> Parameters: 85000(Long), 1000(Long)
12:17:19:949 DEBUG 3522 --- [main] c.h.item.mapper.ItemMapper.selectPage    : <==      Total: 1000
12:17:20:101  INFO 3522 --- [main] com.hmall.item.IndexTest                 : 开始处理第87页数据
12:17:20:102 DEBUG 3522 --- [main] c.h.i.m.ItemMapper.selectPage_mpCount    : ==>  Preparing: SELECT COUNT(*) FROM item
12:17:20:102 DEBUG 3522 --- [main] c.h.i.m.ItemMapper.selectPage_mpCount    : ==> Parameters: 
12:17:20:112 DEBUG 3522 --- [main] c.h.i.m.ItemMapper.selectPage_mpCount    : <==      Total: 1
12:17:20:112 DEBUG 3522 --- [main] c.h.item.mapper.ItemMapper.selectPage    : ==>  Preparing: SELECT id,name,price,stock,image,category,brand,spec,sold,comment_count,isAD,status,create_time,update_time,creater,updater FROM item LIMIT ?,?
12:17:20:112 DEBUG 3522 --- [main] c.h.item.mapper.ItemMapper.selectPage    : ==> Parameters: 86000(Long), 1000(Long)
12:17:20:161 DEBUG 3522 --- [main] c.h.item.mapper.ItemMapper.selectPage    : <==      Total: 1000
12:17:20:363  INFO 3522 --- [main] com.hmall.item.IndexTest                 : 开始处理第88页数据
12:17:20:364 DEBUG 3522 --- [main] c.h.i.m.ItemMapper.selectPage_mpCount    : ==>  Preparing: SELECT COUNT(*) FROM item
12:17:20:364 DEBUG 3522 --- [main] c.h.i.m.ItemMapper.selectPage_mpCount    : ==> Parameters: 
12:17:20:373 DEBUG 3522 --- [main] c.h.i.m.ItemMapper.selectPage_mpCount    : <==      Total: 1
12:17:20:374 DEBUG 3522 --- [main] c.h.item.mapper.ItemMapper.selectPage    : ==>  Preparing: SELECT id,name,price,stock,image,category,brand,spec,sold,comment_count,isAD,status,create_time,update_time,creater,updater FROM item LIMIT ?,?
12:17:20:374 DEBUG 3522 --- [main] c.h.item.mapper.ItemMapper.selectPage    : ==> Parameters: 87000(Long), 1000(Long)
12:17:20:417 DEBUG 3522 --- [main] c.h.item.mapper.ItemMapper.selectPage    : <==      Total: 1000
12:17:20:641  INFO 3522 --- [main] com.hmall.item.IndexTest                 : 开始处理第89页数据
12:17:20:642 DEBUG 3522 --- [main] c.h.i.m.ItemMapper.selectPage_mpCount    : ==>  Preparing: SELECT COUNT(*) FROM item
12:17:20:642 DEBUG 3522 --- [main] c.h.i.m.ItemMapper.selectPage_mpCount    : ==> Parameters: 
12:17:20:652 DEBUG 3522 --- [main] c.h.i.m.ItemMapper.selectPage_mpCount    : <==      Total: 1
12:17:20:652 DEBUG 3522 --- [main] c.h.item.mapper.ItemMapper.selectPage    : ==>  Preparing: SELECT id,name,price,stock,image,category,brand,spec,sold,comment_count,isAD,status,create_time,update_time,creater,updater FROM item LIMIT ?,?
12:17:20:652 DEBUG 3522 --- [main] c.h.item.mapper.ItemMapper.selectPage    : ==> Parameters: 88000(Long), 1000(Long)
12:17:20:691 DEBUG 3522 --- [main] c.h.item.mapper.ItemMapper.selectPage    : <==      Total: 476
12:17:20:768  INFO 3522 --- [main] com.hmall.item.IndexTest                 : 开始处理第90页数据
12:17:20:769 DEBUG 3522 --- [main] c.h.i.m.ItemMapper.selectPage_mpCount    : ==>  Preparing: SELECT COUNT(*) FROM item
12:17:20:769 DEBUG 3522 --- [main] c.h.i.m.ItemMapper.selectPage_mpCount    : ==> Parameters: 
12:17:20:777 DEBUG 3522 --- [main] c.h.i.m.ItemMapper.selectPage_mpCount    : <==      Total: 1
12:17:20:777  INFO 3522 --- [main] com.hmall.item.IndexTest                 : 数据处理完成，页面：90
12:17:20:811  WARN 3522 --- [Thread-1] c.a.n.common.http.HttpClientBeanHolder   : [HttpClientBeanHolder] Start destroying common HttpClient
12:17:20:811  WARN 3522 --- [Thread-5] c.a.nacos.common.notify.NotifyCenter     : [NotifyCenter] Start destroying Publisher
12:17:20:812  WARN 3522 --- [Thread-5] c.a.nacos.common.notify.NotifyCenter     : [NotifyCenter] Destruction of the end
12:17:20:812  WARN 3522 --- [Thread-1] c.a.n.common.http.HttpClientBeanHolder   : [HttpClientBeanHolder] Destruction of the end
12:17:21:164  INFO 3522 --- [SpringApplicationShutdownHook] com.alibaba.nacos.common.remote.client   : Shutdown rpc client, set status to shutdown
12:17:21:165  INFO 3522 --- [SpringApplicationShutdownHook] com.alibaba.nacos.common.remote.client   : Shutdown client event executor java.util.concurrent.ScheduledThreadPoolExecutor@35db4e2e[Running, pool size = 2, active threads = 2, queued tasks = 0, completed tasks = 0]
12:17:21:165  INFO 3522 --- [SpringApplicationShutdownHook] com.alibaba.nacos.common.remote.client   : Close current connection 1785125814230_192.168.65.1_62777
12:17:21:169  INFO 3522 --- [SpringApplicationShutdownHook] c.a.n.c.remote.client.grpc.GrpcClient    : Shutdown grpc executor java.util.concurrent.ThreadPoolExecutor@669c5365[Running, pool size = 6, active threads = 0, queued tasks = 0, completed tasks = 20]
12:17:21:169  INFO 3522 --- [nacos-grpc-client-executor-20] c.a.n.c.remote.client.grpc.GrpcClient    : [1785125814230_192.168.65.1_62777]Ignore complete event,isRunning:false,isAbandon=false
12:17:21:174  INFO 3522 --- [SpringApplicationShutdownHook] com.zaxxer.hikari.HikariDataSource       : HikariPool-1 - Shutdown initiated...
12:17:21:199  INFO 3522 --- [SpringApplicationShutdownHook] com.zaxxer.hikari.HikariDataSource       : HikariPool-1 - Shutdown completed.
12:18:19:053  INFO 3688 --- [main] com.hmall.item.IndexTest                 : The following 1 profile is active: "local"
12:18:19:575  INFO 3688 --- [main] o.s.cloud.context.scope.GenericScope     : BeanFactory id=073440be-6b34-3aa6-944e-08d7326818ff
12:18:20:660  INFO 3688 --- [main] pertySourcedRequestMappingHandlerMapping : Mapped URL path [/v2/api-docs] onto method [springfox.documentation.swagger2.web.Swagger2ControllerWebMvc#getDocumentation(String, HttpServletRequest)]
12:18:21:168  INFO 3688 --- [main] com.alibaba.nacos.common.remote.client   : [RpcClientFactory] create a new rpc client of 6d87e3ec-2bb6-43e8-b36d-7563baa4ca53
12:18:21:168  INFO 3688 --- [main] com.alibaba.nacos.common.remote.client   : [6d87e3ec-2bb6-43e8-b36d-7563baa4ca53] RpcClient init label, labels = {module=naming, source=sdk}
12:18:21:169  INFO 3688 --- [main] com.alibaba.nacos.common.remote.client   : [6d87e3ec-2bb6-43e8-b36d-7563baa4ca53] RpcClient init, ServerListFactory = com.alibaba.nacos.client.naming.core.ServerListManager
12:18:21:170  INFO 3688 --- [main] com.alibaba.nacos.common.remote.client   : [6d87e3ec-2bb6-43e8-b36d-7563baa4ca53] Registry connection listener to current client:com.alibaba.nacos.client.naming.remote.gprc.redo.NamingGrpcRedoService
12:18:21:170  INFO 3688 --- [main] com.alibaba.nacos.common.remote.client   : [6d87e3ec-2bb6-43e8-b36d-7563baa4ca53] Register server push request handler:com.alibaba.nacos.client.naming.remote.gprc.NamingPushRequestHandler
12:18:21:170  INFO 3688 --- [main] com.alibaba.nacos.common.remote.client   : [6d87e3ec-2bb6-43e8-b36d-7563baa4ca53] Try to connect to server on start up, server: {serverIp = 'localhost', server main port = 8848}
12:18:21:317  INFO 3688 --- [main] com.alibaba.nacos.common.remote.client   : [6d87e3ec-2bb6-43e8-b36d-7563baa4ca53] Success to connect to server [localhost:8848] on start up, connectionId = 1785125901200_192.168.65.1_50561
12:18:21:317  INFO 3688 --- [main] com.alibaba.nacos.common.remote.client   : [6d87e3ec-2bb6-43e8-b36d-7563baa4ca53] Register server push request handler:com.alibaba.nacos.common.remote.client.RpcClient$ConnectResetRequestHandler
12:18:21:317  INFO 3688 --- [main] com.alibaba.nacos.common.remote.client   : [6d87e3ec-2bb6-43e8-b36d-7563baa4ca53] Register server push request handler:com.alibaba.nacos.common.remote.client.RpcClient$$Lambda$740/0x00000008004cbc40
12:18:21:317  INFO 3688 --- [com.alibaba.nacos.client.remote.worker] com.alibaba.nacos.common.remote.client   : [6d87e3ec-2bb6-43e8-b36d-7563baa4ca53] Notify connected event to listeners.
12:18:21:371  INFO 3688 --- [main] d.s.w.p.DocumentationPluginsBootstrapper : Documentation plugins bootstrapped
12:18:21:374  INFO 3688 --- [main] d.s.w.p.DocumentationPluginsBootstrapper : Found 1 custom documentation plugin(s)
12:18:21:399  INFO 3688 --- [main] s.d.s.w.s.ApiListingReferenceScanner     : Scanning for api listing references
12:18:21:502  INFO 3688 --- [main] com.hmall.item.IndexTest                 : Started IndexTest in 4.044 seconds (JVM running for 4.755)
12:18:21:506  INFO 3688 --- [main] c.a.c.n.refresh.NacosContextRefresher    : [Nacos Config] Listening config: dataId=item-service.yaml, group=DEFAULT_GROUP
12:18:21:506  INFO 3688 --- [main] c.a.c.n.refresh.NacosContextRefresher    : [Nacos Config] Listening config: dataId=item-service-local.yaml, group=DEFAULT_GROUP
12:18:21:507  INFO 3688 --- [main] c.a.c.n.refresh.NacosContextRefresher    : [Nacos Config] Listening config: dataId=item-service, group=DEFAULT_GROUP
12:18:21:774  INFO 3688 --- [main] com.hmall.item.IndexTest                 : 开始处理第1页数据
12:18:21:836  INFO 3688 --- [main] com.zaxxer.hikari.HikariDataSource       : HikariPool-1 - Starting...
12:18:21:856  INFO 3688 --- [nacos-grpc-client-executor-9] com.alibaba.nacos.common.remote.client   : [6d87e3ec-2bb6-43e8-b36d-7563baa4ca53] Receive server push request, request = NotifySubscriberRequest, requestId = 12
12:18:21:857  INFO 3688 --- [nacos-grpc-client-executor-9] com.alibaba.nacos.common.remote.client   : [6d87e3ec-2bb6-43e8-b36d-7563baa4ca53] Ack server push request, request = NotifySubscriberRequest, requestId = 12
12:18:22:032  INFO 3688 --- [main] com.zaxxer.hikari.HikariDataSource       : HikariPool-1 - Start completed.
12:18:22:038 DEBUG 3688 --- [main] c.h.i.m.ItemMapper.selectPage_mpCount    : ==>  Preparing: SELECT COUNT(*) FROM item
12:18:22:054 DEBUG 3688 --- [main] c.h.i.m.ItemMapper.selectPage_mpCount    : ==> Parameters: 
12:18:22:079 DEBUG 3688 --- [main] c.h.i.m.ItemMapper.selectPage_mpCount    : <==      Total: 1
12:18:22:085 DEBUG 3688 --- [main] c.h.item.mapper.ItemMapper.selectPage    : ==>  Preparing: SELECT id,name,price,stock,image,category,brand,spec,sold,comment_count,isAD,status,create_time,update_time,creater,updater FROM item LIMIT ?
12:18:22:086 DEBUG 3688 --- [main] c.h.item.mapper.ItemMapper.selectPage    : ==> Parameters: 1000(Long)
12:18:22:153 DEBUG 3688 --- [main] c.h.item.mapper.ItemMapper.selectPage    : <==      Total: 1000
12:18:22:746  INFO 3688 --- [main] com.hmall.item.IndexTest                 : 开始处理第2页数据
12:18:22:750 DEBUG 3688 --- [main] c.h.i.m.ItemMapper.selectPage_mpCount    : ==>  Preparing: SELECT COUNT(*) FROM item
12:18:22:751 DEBUG 3688 --- [main] c.h.i.m.ItemMapper.selectPage_mpCount    : ==> Parameters: 
12:18:22:759 DEBUG 3688 --- [main] c.h.i.m.ItemMapper.selectPage_mpCount    : <==      Total: 1
12:18:22:761 DEBUG 3688 --- [main] c.h.item.mapper.ItemMapper.selectPage    : ==>  Preparing: SELECT id,name,price,stock,image,category,brand,spec,sold,comment_count,isAD,status,create_time,update_time,creater,updater FROM item LIMIT ?,?
12:18:22:761 DEBUG 3688 --- [main] c.h.item.mapper.ItemMapper.selectPage    : ==> Parameters: 1000(Long), 1000(Long)
12:18:22:787 DEBUG 3688 --- [main] c.h.item.mapper.ItemMapper.selectPage    : <==      Total: 1000
12:18:23:653  INFO 3688 --- [main] com.hmall.item.IndexTest                 : 开始处理第3页数据
12:18:23:659 DEBUG 3688 --- [main] c.h.i.m.ItemMapper.selectPage_mpCount    : ==>  Preparing: SELECT COUNT(*) FROM item
12:18:23:659 DEBUG 3688 --- [main] c.h.i.m.ItemMapper.selectPage_mpCount    : ==> Parameters: 
12:18:23:670 DEBUG 3688 --- [main] c.h.i.m.ItemMapper.selectPage_mpCount    : <==      Total: 1
12:18:23:671 DEBUG 3688 --- [main] c.h.item.mapper.ItemMapper.selectPage    : ==>  Preparing: SELECT id,name,price,stock,image,category,brand,spec,sold,comment_count,isAD,status,create_time,update_time,creater,updater FROM item LIMIT ?,?
12:18:23:671 DEBUG 3688 --- [main] c.h.item.mapper.ItemMapper.selectPage    : ==> Parameters: 2000(Long), 1000(Long)
12:18:23:772 DEBUG 3688 --- [main] c.h.item.mapper.ItemMapper.selectPage    : <==      Total: 1000
12:18:24:124  INFO 3688 --- [main] com.hmall.item.IndexTest                 : 开始处理第4页数据
12:18:24:130 DEBUG 3688 --- [main] c.h.i.m.ItemMapper.selectPage_mpCount    : ==>  Preparing: SELECT COUNT(*) FROM item
12:18:24:130 DEBUG 3688 --- [main] c.h.i.m.ItemMapper.selectPage_mpCount    : ==> Parameters: 
12:18:24:141 DEBUG 3688 --- [main] c.h.i.m.ItemMapper.selectPage_mpCount    : <==      Total: 1
12:18:24:143 DEBUG 3688 --- [main] c.h.item.mapper.ItemMapper.selectPage    : ==>  Preparing: SELECT id,name,price,stock,image,category,brand,spec,sold,comment_count,isAD,status,create_time,update_time,creater,updater FROM item LIMIT ?,?
12:18:24:143 DEBUG 3688 --- [main] c.h.item.mapper.ItemMapper.selectPage    : ==> Parameters: 3000(Long), 1000(Long)
12:18:24:166 DEBUG 3688 --- [main] c.h.item.mapper.ItemMapper.selectPage    : <==      Total: 1000
12:18:24:403  INFO 3688 --- [main] com.hmall.item.IndexTest                 : 开始处理第5页数据
12:18:24:404 DEBUG 3688 --- [main] c.h.i.m.ItemMapper.selectPage_mpCount    : ==>  Preparing: SELECT COUNT(*) FROM item
12:18:24:405 DEBUG 3688 --- [main] c.h.i.m.ItemMapper.selectPage_mpCount    : ==> Parameters: 
12:18:24:414 DEBUG 3688 --- [main] c.h.i.m.ItemMapper.selectPage_mpCount    : <==      Total: 1
12:18:24:415 DEBUG 3688 --- [main] c.h.item.mapper.ItemMapper.selectPage    : ==>  Preparing: SELECT id,name,price,stock,image,category,brand,spec,sold,comment_count,isAD,status,create_time,update_time,creater,updater FROM item LIMIT ?,?
12:18:24:415 DEBUG 3688 --- [main] c.h.item.mapper.ItemMapper.selectPage    : ==> Parameters: 4000(Long), 1000(Long)
12:18:24:433 DEBUG 3688 --- [main] c.h.item.mapper.ItemMapper.selectPage    : <==      Total: 1000
12:18:24:843  INFO 3688 --- [main] com.hmall.item.IndexTest                 : 开始处理第6页数据
12:18:24:845 DEBUG 3688 --- [main] c.h.i.m.ItemMapper.selectPage_mpCount    : ==>  Preparing: SELECT COUNT(*) FROM item
12:18:24:846 DEBUG 3688 --- [main] c.h.i.m.ItemMapper.selectPage_mpCount    : ==> Parameters: 
12:18:24:871 DEBUG 3688 --- [main] c.h.i.m.ItemMapper.selectPage_mpCount    : <==      Total: 1
12:18:24:871 DEBUG 3688 --- [main] c.h.item.mapper.ItemMapper.selectPage    : ==>  Preparing: SELECT id,name,price,stock,image,category,brand,spec,sold,comment_count,isAD,status,create_time,update_time,creater,updater FROM item LIMIT ?,?
12:18:24:871 DEBUG 3688 --- [main] c.h.item.mapper.ItemMapper.selectPage    : ==> Parameters: 5000(Long), 1000(Long)
12:18:24:893 DEBUG 3688 --- [main] c.h.item.mapper.ItemMapper.selectPage    : <==      Total: 1000
12:18:25:056  INFO 3688 --- [main] com.hmall.item.IndexTest                 : 开始处理第7页数据
12:18:25:058 DEBUG 3688 --- [main] c.h.i.m.ItemMapper.selectPage_mpCount    : ==>  Preparing: SELECT COUNT(*) FROM item
12:18:25:058 DEBUG 3688 --- [main] c.h.i.m.ItemMapper.selectPage_mpCount    : ==> Parameters: 
12:18:25:067 DEBUG 3688 --- [main] c.h.i.m.ItemMapper.selectPage_mpCount    : <==      Total: 1
12:18:25:068 DEBUG 3688 --- [main] c.h.item.mapper.ItemMapper.selectPage    : ==>  Preparing: SELECT id,name,price,stock,image,category,brand,spec,sold,comment_count,isAD,status,create_time,update_time,creater,updater FROM item LIMIT ?,?
12:18:25:068 DEBUG 3688 --- [main] c.h.item.mapper.ItemMapper.selectPage    : ==> Parameters: 6000(Long), 1000(Long)
12:18:25:086 DEBUG 3688 --- [main] c.h.item.mapper.ItemMapper.selectPage    : <==      Total: 1000
12:18:25:235  INFO 3688 --- [main] com.hmall.item.IndexTest                 : 开始处理第8页数据
12:18:25:237 DEBUG 3688 --- [main] c.h.i.m.ItemMapper.selectPage_mpCount    : ==>  Preparing: SELECT COUNT(*) FROM item
12:18:25:237 DEBUG 3688 --- [main] c.h.i.m.ItemMapper.selectPage_mpCount    : ==> Parameters: 
12:18:25:244 DEBUG 3688 --- [main] c.h.i.m.ItemMapper.selectPage_mpCount    : <==      Total: 1
12:18:25:244 DEBUG 3688 --- [main] c.h.item.mapper.ItemMapper.selectPage    : ==>  Preparing: SELECT id,name,price,stock,image,category,brand,spec,sold,comment_count,isAD,status,create_time,update_time,creater,updater FROM item LIMIT ?,?
12:18:25:245 DEBUG 3688 --- [main] c.h.item.mapper.ItemMapper.selectPage    : ==> Parameters: 7000(Long), 1000(Long)
12:18:25:260 DEBUG 3688 --- [main] c.h.item.mapper.ItemMapper.selectPage    : <==      Total: 1000
12:18:25:469  INFO 3688 --- [main] com.hmall.item.IndexTest                 : 开始处理第9页数据
12:18:25:470 DEBUG 3688 --- [main] c.h.i.m.ItemMapper.selectPage_mpCount    : ==>  Preparing: SELECT COUNT(*) FROM item
12:18:25:470 DEBUG 3688 --- [main] c.h.i.m.ItemMapper.selectPage_mpCount    : ==> Parameters: 
12:18:25:479 DEBUG 3688 --- [main] c.h.i.m.ItemMapper.selectPage_mpCount    : <==      Total: 1
12:18:25:480 DEBUG 3688 --- [main] c.h.item.mapper.ItemMapper.selectPage    : ==>  Preparing: SELECT id,name,price,stock,image,category,brand,spec,sold,comment_count,isAD,status,create_time,update_time,creater,updater FROM item LIMIT ?,?
12:18:25:481 DEBUG 3688 --- [main] c.h.item.mapper.ItemMapper.selectPage    : ==> Parameters: 8000(Long), 1000(Long)
12:18:25:503 DEBUG 3688 --- [main] c.h.item.mapper.ItemMapper.selectPage    : <==      Total: 1000
12:18:26:150  INFO 3688 --- [main] com.hmall.item.IndexTest                 : 开始处理第10页数据
12:18:26:153 DEBUG 3688 --- [main] c.h.i.m.ItemMapper.selectPage_mpCount    : ==>  Preparing: SELECT COUNT(*) FROM item
12:18:26:154 DEBUG 3688 --- [main] c.h.i.m.ItemMapper.selectPage_mpCount    : ==> Parameters: 
12:18:26:162 DEBUG 3688 --- [main] c.h.i.m.ItemMapper.selectPage_mpCount    : <==      Total: 1
12:18:26:163  INFO 3688 --- [main] com.hmall.item.IndexTest                 : 数据处理完成，页面：10
12:18:26:183  WARN 3688 --- [Thread-5] c.a.nacos.common.notify.NotifyCenter     : [NotifyCenter] Start destroying Publisher
12:18:26:183  WARN 3688 --- [Thread-1] c.a.n.common.http.HttpClientBeanHolder   : [HttpClientBeanHolder] Start destroying common HttpClient
12:18:26:184  WARN 3688 --- [Thread-5] c.a.nacos.common.notify.NotifyCenter     : [NotifyCenter] Destruction of the end
12:18:26:184  WARN 3688 --- [Thread-1] c.a.n.common.http.HttpClientBeanHolder   : [HttpClientBeanHolder] Destruction of the end
12:18:26:825  INFO 3688 --- [SpringApplicationShutdownHook] com.alibaba.nacos.common.remote.client   : Shutdown rpc client, set status to shutdown
12:18:26:825  INFO 3688 --- [SpringApplicationShutdownHook] com.alibaba.nacos.common.remote.client   : Shutdown client event executor java.util.concurrent.ScheduledThreadPoolExecutor@6c3113cb[Running, pool size = 2, active threads = 2, queued tasks = 0, completed tasks = 0]
12:18:26:825  INFO 3688 --- [SpringApplicationShutdownHook] com.alibaba.nacos.common.remote.client   : Close current connection 1785125901200_192.168.65.1_50561
12:18:26:830  INFO 3688 --- [nacos-grpc-client-executor-13] c.a.n.c.remote.client.grpc.GrpcClient    : [1785125901200_192.168.65.1_50561]Ignore complete event,isRunning:false,isAbandon=false
12:18:26:830  INFO 3688 --- [SpringApplicationShutdownHook] c.a.n.c.remote.client.grpc.GrpcClient    : Shutdown grpc executor java.util.concurrent.ThreadPoolExecutor@1445b8df[Running, pool size = 14, active threads = 0, queued tasks = 0, completed tasks = 14]
12:18:26:833  INFO 3688 --- [SpringApplicationShutdownHook] com.zaxxer.hikari.HikariDataSource       : HikariPool-1 - Shutdown initiated...
12:18:26:858  INFO 3688 --- [SpringApplicationShutdownHook] com.zaxxer.hikari.HikariDataSource       : HikariPool-1 - Shutdown completed.
13:48:34:064  INFO 11288 --- [main] com.hmall.item.IndexTest                 : The following 1 profile is active: "local"
13:48:34:642  INFO 11288 --- [main] o.s.cloud.context.scope.GenericScope     : BeanFactory id=073440be-6b34-3aa6-944e-08d7326818ff
13:48:35:802  INFO 11288 --- [main] pertySourcedRequestMappingHandlerMapping : Mapped URL path [/v2/api-docs] onto method [springfox.documentation.swagger2.web.Swagger2ControllerWebMvc#getDocumentation(String, HttpServletRequest)]
13:48:36:323  INFO 11288 --- [main] com.alibaba.nacos.common.remote.client   : [RpcClientFactory] create a new rpc client of 6953bf8d-7b3a-43fc-8e91-19deba2381f5
13:48:36:323  INFO 11288 --- [main] com.alibaba.nacos.common.remote.client   : [6953bf8d-7b3a-43fc-8e91-19deba2381f5] RpcClient init label, labels = {module=naming, source=sdk}
13:48:36:324  INFO 11288 --- [main] com.alibaba.nacos.common.remote.client   : [6953bf8d-7b3a-43fc-8e91-19deba2381f5] RpcClient init, ServerListFactory = com.alibaba.nacos.client.naming.core.ServerListManager
13:48:36:324  INFO 11288 --- [main] com.alibaba.nacos.common.remote.client   : [6953bf8d-7b3a-43fc-8e91-19deba2381f5] Registry connection listener to current client:com.alibaba.nacos.client.naming.remote.gprc.redo.NamingGrpcRedoService
13:48:36:325  INFO 11288 --- [main] com.alibaba.nacos.common.remote.client   : [6953bf8d-7b3a-43fc-8e91-19deba2381f5] Register server push request handler:com.alibaba.nacos.client.naming.remote.gprc.NamingPushRequestHandler
13:48:36:325  INFO 11288 --- [main] com.alibaba.nacos.common.remote.client   : [6953bf8d-7b3a-43fc-8e91-19deba2381f5] Try to connect to server on start up, server: {serverIp = 'localhost', server main port = 8848}
13:48:36:459  INFO 11288 --- [main] com.alibaba.nacos.common.remote.client   : [6953bf8d-7b3a-43fc-8e91-19deba2381f5] Success to connect to server [localhost:8848] on start up, connectionId = 1785131316344_192.168.65.1_48599
13:48:36:459  INFO 11288 --- [main] com.alibaba.nacos.common.remote.client   : [6953bf8d-7b3a-43fc-8e91-19deba2381f5] Register server push request handler:com.alibaba.nacos.common.remote.client.RpcClient$ConnectResetRequestHandler
13:48:36:459  INFO 11288 --- [main] com.alibaba.nacos.common.remote.client   : [6953bf8d-7b3a-43fc-8e91-19deba2381f5] Register server push request handler:com.alibaba.nacos.common.remote.client.RpcClient$$Lambda$795/0x000000080067f840
13:48:36:460  INFO 11288 --- [com.alibaba.nacos.client.remote.worker] com.alibaba.nacos.common.remote.client   : [6953bf8d-7b3a-43fc-8e91-19deba2381f5] Notify connected event to listeners.
13:48:36:499  INFO 11288 --- [main] d.s.w.p.DocumentationPluginsBootstrapper : Documentation plugins bootstrapped
13:48:36:501  INFO 11288 --- [main] d.s.w.p.DocumentationPluginsBootstrapper : Found 1 custom documentation plugin(s)
13:48:36:529  INFO 11288 --- [main] s.d.s.w.s.ApiListingReferenceScanner     : Scanning for api listing references
13:48:36:609  INFO 11288 --- [main] com.hmall.item.IndexTest                 : Started IndexTest in 4.274 seconds (JVM running for 5.033)
13:48:36:613  INFO 11288 --- [main] c.a.c.n.refresh.NacosContextRefresher    : [Nacos Config] Listening config: dataId=item-service.yaml, group=DEFAULT_GROUP
13:48:36:613  INFO 11288 --- [main] c.a.c.n.refresh.NacosContextRefresher    : [Nacos Config] Listening config: dataId=item-service-local.yaml, group=DEFAULT_GROUP
13:48:36:613  INFO 11288 --- [main] c.a.c.n.refresh.NacosContextRefresher    : [Nacos Config] Listening config: dataId=item-service, group=DEFAULT_GROUP
13:48:37:022  INFO 11288 --- [nacos-grpc-client-executor-8] com.alibaba.nacos.common.remote.client   : [6953bf8d-7b3a-43fc-8e91-19deba2381f5] Receive server push request, request = NotifySubscriberRequest, requestId = 21
13:48:37:023  INFO 11288 --- [nacos-grpc-client-executor-8] com.alibaba.nacos.common.remote.client   : [6953bf8d-7b3a-43fc-8e91-19deba2381f5] Ack server push request, request = NotifySubscriberRequest, requestId = 21
13:48:37:516  WARN 11288 --- [Thread-1] c.a.n.common.http.HttpClientBeanHolder   : [HttpClientBeanHolder] Start destroying common HttpClient
13:48:37:517  WARN 11288 --- [Thread-5] c.a.nacos.common.notify.NotifyCenter     : [NotifyCenter] Start destroying Publisher
13:48:37:517  WARN 11288 --- [Thread-5] c.a.nacos.common.notify.NotifyCenter     : [NotifyCenter] Destruction of the end
13:48:37:517  WARN 11288 --- [Thread-1] c.a.n.common.http.HttpClientBeanHolder   : [HttpClientBeanHolder] Destruction of the end
13:48:38:163  INFO 11288 --- [SpringApplicationShutdownHook] com.alibaba.nacos.common.remote.client   : Shutdown rpc client, set status to shutdown
13:48:38:163  INFO 11288 --- [SpringApplicationShutdownHook] com.alibaba.nacos.common.remote.client   : Shutdown client event executor java.util.concurrent.ScheduledThreadPoolExecutor@67fc1501[Running, pool size = 2, active threads = 2, queued tasks = 0, completed tasks = 0]
13:48:38:163  INFO 11288 --- [SpringApplicationShutdownHook] com.alibaba.nacos.common.remote.client   : Close current connection 1785131316344_192.168.65.1_48599
13:48:38:167  INFO 11288 --- [SpringApplicationShutdownHook] c.a.n.c.remote.client.grpc.GrpcClient    : Shutdown grpc executor java.util.concurrent.ThreadPoolExecutor@12f33660[Running, pool size = 12, active threads = 0, queued tasks = 0, completed tasks = 12]
13:48:55:591  INFO 11338 --- [main] com.hmall.item.IndexTest                 : The following 1 profile is active: "local"
13:48:56:066  INFO 11338 --- [main] o.s.cloud.context.scope.GenericScope     : BeanFactory id=073440be-6b34-3aa6-944e-08d7326818ff
13:48:58:035  INFO 11338 --- [main] o.s.cloud.commons.util.InetUtils         : Cannot determine local hostname
13:48:58:075  INFO 11338 --- [main] pertySourcedRequestMappingHandlerMapping : Mapped URL path [/v2/api-docs] onto method [springfox.documentation.swagger2.web.Swagger2ControllerWebMvc#getDocumentation(String, HttpServletRequest)]
13:48:59:426  INFO 11338 --- [main] o.s.cloud.commons.util.InetUtils         : Cannot determine local hostname
13:48:59:647  INFO 11338 --- [main] com.alibaba.nacos.common.remote.client   : [RpcClientFactory] create a new rpc client of 2dfc0e84-550d-46ad-86c6-3ee4c08cf393
13:48:59:647  INFO 11338 --- [main] com.alibaba.nacos.common.remote.client   : [2dfc0e84-550d-46ad-86c6-3ee4c08cf393] RpcClient init label, labels = {module=naming, source=sdk}
13:48:59:649  INFO 11338 --- [main] com.alibaba.nacos.common.remote.client   : [2dfc0e84-550d-46ad-86c6-3ee4c08cf393] RpcClient init, ServerListFactory = com.alibaba.nacos.client.naming.core.ServerListManager
13:48:59:649  INFO 11338 --- [main] com.alibaba.nacos.common.remote.client   : [2dfc0e84-550d-46ad-86c6-3ee4c08cf393] Registry connection listener to current client:com.alibaba.nacos.client.naming.remote.gprc.redo.NamingGrpcRedoService
13:48:59:649  INFO 11338 --- [main] com.alibaba.nacos.common.remote.client   : [2dfc0e84-550d-46ad-86c6-3ee4c08cf393] Register server push request handler:com.alibaba.nacos.client.naming.remote.gprc.NamingPushRequestHandler
13:48:59:652  INFO 11338 --- [main] com.alibaba.nacos.common.remote.client   : [2dfc0e84-550d-46ad-86c6-3ee4c08cf393] Try to connect to server on start up, server: {serverIp = 'localhost', server main port = 8848}
13:48:59:794  INFO 11338 --- [main] com.alibaba.nacos.common.remote.client   : [2dfc0e84-550d-46ad-86c6-3ee4c08cf393] Success to connect to server [localhost:8848] on start up, connectionId = 1785131339677_192.168.65.1_24360
13:48:59:794  INFO 11338 --- [main] com.alibaba.nacos.common.remote.client   : [2dfc0e84-550d-46ad-86c6-3ee4c08cf393] Register server push request handler:com.alibaba.nacos.common.remote.client.RpcClient$ConnectResetRequestHandler
13:48:59:794  INFO 11338 --- [main] com.alibaba.nacos.common.remote.client   : [2dfc0e84-550d-46ad-86c6-3ee4c08cf393] Register server push request handler:com.alibaba.nacos.common.remote.client.RpcClient$$Lambda$793/0x00000008006b0040
13:48:59:794  INFO 11338 --- [com.alibaba.nacos.client.remote.worker] com.alibaba.nacos.common.remote.client   : [2dfc0e84-550d-46ad-86c6-3ee4c08cf393] Notify connected event to listeners.
13:48:59:836  INFO 11338 --- [main] d.s.w.p.DocumentationPluginsBootstrapper : Documentation plugins bootstrapped
13:48:59:838  INFO 11338 --- [main] d.s.w.p.DocumentationPluginsBootstrapper : Found 1 custom documentation plugin(s)
13:48:59:879  INFO 11338 --- [main] s.d.s.w.s.ApiListingReferenceScanner     : Scanning for api listing references
13:49:00:017  INFO 11338 --- [main] com.hmall.item.IndexTest                 : Started IndexTest in 7.826 seconds (JVM running for 8.556)
13:49:00:021  INFO 11338 --- [main] c.a.c.n.refresh.NacosContextRefresher    : [Nacos Config] Listening config: dataId=item-service.yaml, group=DEFAULT_GROUP
13:49:00:022  INFO 11338 --- [main] c.a.c.n.refresh.NacosContextRefresher    : [Nacos Config] Listening config: dataId=item-service-local.yaml, group=DEFAULT_GROUP
13:49:00:022  INFO 11338 --- [main] c.a.c.n.refresh.NacosContextRefresher    : [Nacos Config] Listening config: dataId=item-service, group=DEFAULT_GROUP
13:49:00:335  INFO 11338 --- [nacos-grpc-client-executor-8] com.alibaba.nacos.common.remote.client   : [2dfc0e84-550d-46ad-86c6-3ee4c08cf393] Receive server push request, request = NotifySubscriberRequest, requestId = 22
13:49:00:336  INFO 11338 --- [nacos-grpc-client-executor-8] com.alibaba.nacos.common.remote.client   : [2dfc0e84-550d-46ad-86c6-3ee4c08cf393] Ack server push request, request = NotifySubscriberRequest, requestId = 22
13:49:00:549  WARN 11338 --- [Thread-5] c.a.nacos.common.notify.NotifyCenter     : [NotifyCenter] Start destroying Publisher
13:49:00:549  WARN 11338 --- [Thread-1] c.a.n.common.http.HttpClientBeanHolder   : [HttpClientBeanHolder] Start destroying common HttpClient
13:49:00:549  WARN 11338 --- [Thread-5] c.a.nacos.common.notify.NotifyCenter     : [NotifyCenter] Destruction of the end
13:49:00:550  WARN 11338 --- [Thread-1] c.a.n.common.http.HttpClientBeanHolder   : [HttpClientBeanHolder] Destruction of the end
13:49:00:881  INFO 11338 --- [SpringApplicationShutdownHook] com.alibaba.nacos.common.remote.client   : Shutdown rpc client, set status to shutdown
13:49:00:881  INFO 11338 --- [SpringApplicationShutdownHook] com.alibaba.nacos.common.remote.client   : Shutdown client event executor java.util.concurrent.ScheduledThreadPoolExecutor@5c4c6da0[Running, pool size = 2, active threads = 2, queued tasks = 0, completed tasks = 0]
13:49:00:881  INFO 11338 --- [SpringApplicationShutdownHook] com.alibaba.nacos.common.remote.client   : Close current connection 1785131339677_192.168.65.1_24360
13:49:00:883  INFO 11338 --- [nacos-grpc-client-executor-12] c.a.n.c.remote.client.grpc.GrpcClient    : [1785131339677_192.168.65.1_24360]Ignore complete event,isRunning:false,isAbandon=false
13:49:00:886  INFO 11338 --- [SpringApplicationShutdownHook] c.a.n.c.remote.client.grpc.GrpcClient    : Shutdown grpc executor java.util.concurrent.ThreadPoolExecutor@1e5a26be[Running, pool size = 13, active threads = 0, queued tasks = 0, completed tasks = 13]
13:55:28:133  INFO 12107 --- [main] com.hmall.item.IndexTest                 : The following 1 profile is active: "local"
13:55:28:634  INFO 12107 --- [main] o.s.cloud.context.scope.GenericScope     : BeanFactory id=073440be-6b34-3aa6-944e-08d7326818ff
13:55:29:740  INFO 12107 --- [main] pertySourcedRequestMappingHandlerMapping : Mapped URL path [/v2/api-docs] onto method [springfox.documentation.swagger2.web.Swagger2ControllerWebMvc#getDocumentation(String, HttpServletRequest)]
13:55:30:254  INFO 12107 --- [main] com.alibaba.nacos.common.remote.client   : [RpcClientFactory] create a new rpc client of 5607cfd1-f6f5-4ecd-8047-eaed1f4ea374
13:55:30:254  INFO 12107 --- [main] com.alibaba.nacos.common.remote.client   : [5607cfd1-f6f5-4ecd-8047-eaed1f4ea374] RpcClient init label, labels = {module=naming, source=sdk}
13:55:30:255  INFO 12107 --- [main] com.alibaba.nacos.common.remote.client   : [5607cfd1-f6f5-4ecd-8047-eaed1f4ea374] RpcClient init, ServerListFactory = com.alibaba.nacos.client.naming.core.ServerListManager
13:55:30:255  INFO 12107 --- [main] com.alibaba.nacos.common.remote.client   : [5607cfd1-f6f5-4ecd-8047-eaed1f4ea374] Registry connection listener to current client:com.alibaba.nacos.client.naming.remote.gprc.redo.NamingGrpcRedoService
13:55:30:255  INFO 12107 --- [main] com.alibaba.nacos.common.remote.client   : [5607cfd1-f6f5-4ecd-8047-eaed1f4ea374] Register server push request handler:com.alibaba.nacos.client.naming.remote.gprc.NamingPushRequestHandler
13:55:30:256  INFO 12107 --- [main] com.alibaba.nacos.common.remote.client   : [5607cfd1-f6f5-4ecd-8047-eaed1f4ea374] Try to connect to server on start up, server: {serverIp = 'localhost', server main port = 8848}
13:55:30:388  INFO 12107 --- [main] com.alibaba.nacos.common.remote.client   : [5607cfd1-f6f5-4ecd-8047-eaed1f4ea374] Success to connect to server [localhost:8848] on start up, connectionId = 1785131730272_192.168.65.1_61889
13:55:30:388  INFO 12107 --- [main] com.alibaba.nacos.common.remote.client   : [5607cfd1-f6f5-4ecd-8047-eaed1f4ea374] Register server push request handler:com.alibaba.nacos.common.remote.client.RpcClient$ConnectResetRequestHandler
13:55:30:388  INFO 12107 --- [main] com.alibaba.nacos.common.remote.client   : [5607cfd1-f6f5-4ecd-8047-eaed1f4ea374] Register server push request handler:com.alibaba.nacos.common.remote.client.RpcClient$$Lambda$795/0x000000080067f840
13:55:30:388  INFO 12107 --- [com.alibaba.nacos.client.remote.worker] com.alibaba.nacos.common.remote.client   : [5607cfd1-f6f5-4ecd-8047-eaed1f4ea374] Notify connected event to listeners.
13:55:30:426  INFO 12107 --- [main] d.s.w.p.DocumentationPluginsBootstrapper : Documentation plugins bootstrapped
13:55:30:428  INFO 12107 --- [main] d.s.w.p.DocumentationPluginsBootstrapper : Found 1 custom documentation plugin(s)
13:55:30:452  INFO 12107 --- [main] s.d.s.w.s.ApiListingReferenceScanner     : Scanning for api listing references
13:55:30:552  INFO 12107 --- [main] com.hmall.item.IndexTest                 : Started IndexTest in 3.845 seconds (JVM running for 4.63)
13:55:30:555  INFO 12107 --- [main] c.a.c.n.refresh.NacosContextRefresher    : [Nacos Config] Listening config: dataId=item-service.yaml, group=DEFAULT_GROUP
13:55:30:556  INFO 12107 --- [main] c.a.c.n.refresh.NacosContextRefresher    : [Nacos Config] Listening config: dataId=item-service-local.yaml, group=DEFAULT_GROUP
13:55:30:556  INFO 12107 --- [main] c.a.c.n.refresh.NacosContextRefresher    : [Nacos Config] Listening config: dataId=item-service, group=DEFAULT_GROUP
13:55:30:963  INFO 12107 --- [nacos-grpc-client-executor-7] com.alibaba.nacos.common.remote.client   : [5607cfd1-f6f5-4ecd-8047-eaed1f4ea374] Receive server push request, request = NotifySubscriberRequest, requestId = 23
13:55:30:964  INFO 12107 --- [nacos-grpc-client-executor-7] com.alibaba.nacos.common.remote.client   : [5607cfd1-f6f5-4ecd-8047-eaed1f4ea374] Ack server push request, request = NotifySubscriberRequest, requestId = 23
13:55:31:044  WARN 12107 --- [Thread-1] c.a.n.common.http.HttpClientBeanHolder   : [HttpClientBeanHolder] Start destroying common HttpClient
13:55:31:044  WARN 12107 --- [Thread-5] c.a.nacos.common.notify.NotifyCenter     : [NotifyCenter] Start destroying Publisher
13:55:31:044  WARN 12107 --- [Thread-1] c.a.n.common.http.HttpClientBeanHolder   : [HttpClientBeanHolder] Destruction of the end
13:55:31:044  WARN 12107 --- [Thread-5] c.a.nacos.common.notify.NotifyCenter     : [NotifyCenter] Destruction of the end
13:55:31:393  INFO 12107 --- [SpringApplicationShutdownHook] com.alibaba.nacos.common.remote.client   : Shutdown rpc client, set status to shutdown
13:55:31:393  INFO 12107 --- [SpringApplicationShutdownHook] com.alibaba.nacos.common.remote.client   : Shutdown client event executor java.util.concurrent.ScheduledThreadPoolExecutor@19abeab[Running, pool size = 2, active threads = 2, queued tasks = 0, completed tasks = 0]
13:55:31:393  INFO 12107 --- [SpringApplicationShutdownHook] com.alibaba.nacos.common.remote.client   : Close current connection 1785131730272_192.168.65.1_61889
13:55:31:395  INFO 12107 --- [SpringApplicationShutdownHook] c.a.n.c.remote.client.grpc.GrpcClient    : Shutdown grpc executor java.util.concurrent.ThreadPoolExecutor@731dea60[Running, pool size = 9, active threads = 0, queued tasks = 0, completed tasks = 9]
14:15:02:277  INFO 14036 --- [main] com.hmall.item.IndexTest                 : The following 1 profile is active: "local"
14:15:02:765  INFO 14036 --- [main] o.s.cloud.context.scope.GenericScope     : BeanFactory id=073440be-6b34-3aa6-944e-08d7326818ff
14:15:03:808  INFO 14036 --- [main] pertySourcedRequestMappingHandlerMapping : Mapped URL path [/v2/api-docs] onto method [springfox.documentation.swagger2.web.Swagger2ControllerWebMvc#getDocumentation(String, HttpServletRequest)]
14:15:04:303  INFO 14036 --- [main] com.alibaba.nacos.common.remote.client   : [RpcClientFactory] create a new rpc client of 02cc8e0a-927e-4aa8-bf78-6fa721592a86
14:15:04:304  INFO 14036 --- [main] com.alibaba.nacos.common.remote.client   : [02cc8e0a-927e-4aa8-bf78-6fa721592a86] RpcClient init label, labels = {module=naming, source=sdk}
14:15:04:305  INFO 14036 --- [main] com.alibaba.nacos.common.remote.client   : [02cc8e0a-927e-4aa8-bf78-6fa721592a86] RpcClient init, ServerListFactory = com.alibaba.nacos.client.naming.core.ServerListManager
14:15:04:306  INFO 14036 --- [main] com.alibaba.nacos.common.remote.client   : [02cc8e0a-927e-4aa8-bf78-6fa721592a86] Registry connection listener to current client:com.alibaba.nacos.client.naming.remote.gprc.redo.NamingGrpcRedoService
14:15:04:306  INFO 14036 --- [main] com.alibaba.nacos.common.remote.client   : [02cc8e0a-927e-4aa8-bf78-6fa721592a86] Register server push request handler:com.alibaba.nacos.client.naming.remote.gprc.NamingPushRequestHandler
14:15:04:306  INFO 14036 --- [main] com.alibaba.nacos.common.remote.client   : [02cc8e0a-927e-4aa8-bf78-6fa721592a86] Try to connect to server on start up, server: {serverIp = 'localhost', server main port = 8848}
14:15:04:430  INFO 14036 --- [main] com.alibaba.nacos.common.remote.client   : [02cc8e0a-927e-4aa8-bf78-6fa721592a86] Success to connect to server [localhost:8848] on start up, connectionId = 1785132904316_192.168.65.1_25608
14:15:04:430  INFO 14036 --- [main] com.alibaba.nacos.common.remote.client   : [02cc8e0a-927e-4aa8-bf78-6fa721592a86] Register server push request handler:com.alibaba.nacos.common.remote.client.RpcClient$ConnectResetRequestHandler
14:15:04:430  INFO 14036 --- [main] com.alibaba.nacos.common.remote.client   : [02cc8e0a-927e-4aa8-bf78-6fa721592a86] Register server push request handler:com.alibaba.nacos.common.remote.client.RpcClient$$Lambda$795/0x000000080067f840
14:15:04:430  INFO 14036 --- [com.alibaba.nacos.client.remote.worker] com.alibaba.nacos.common.remote.client   : [02cc8e0a-927e-4aa8-bf78-6fa721592a86] Notify connected event to listeners.
14:15:04:460  INFO 14036 --- [main] d.s.w.p.DocumentationPluginsBootstrapper : Documentation plugins bootstrapped
14:15:04:462  INFO 14036 --- [main] d.s.w.p.DocumentationPluginsBootstrapper : Found 1 custom documentation plugin(s)
14:15:04:482  INFO 14036 --- [main] s.d.s.w.s.ApiListingReferenceScanner     : Scanning for api listing references
14:15:04:562  INFO 14036 --- [main] com.hmall.item.IndexTest                 : Started IndexTest in 3.616 seconds (JVM running for 4.427)
14:15:04:566  INFO 14036 --- [main] c.a.c.n.refresh.NacosContextRefresher    : [Nacos Config] Listening config: dataId=item-service.yaml, group=DEFAULT_GROUP
14:15:04:566  INFO 14036 --- [main] c.a.c.n.refresh.NacosContextRefresher    : [Nacos Config] Listening config: dataId=item-service-local.yaml, group=DEFAULT_GROUP
14:15:04:566  INFO 14036 --- [main] c.a.c.n.refresh.NacosContextRefresher    : [Nacos Config] Listening config: dataId=item-service, group=DEFAULT_GROUP
14:15:05:019  INFO 14036 --- [nacos-grpc-client-executor-7] com.alibaba.nacos.common.remote.client   : [02cc8e0a-927e-4aa8-bf78-6fa721592a86] Receive server push request, request = NotifySubscriberRequest, requestId = 24
14:15:05:020  INFO 14036 --- [nacos-grpc-client-executor-7] com.alibaba.nacos.common.remote.client   : [02cc8e0a-927e-4aa8-bf78-6fa721592a86] Ack server push request, request = NotifySubscriberRequest, requestId = 24
14:15:05:042  WARN 14036 --- [Thread-5] c.a.nacos.common.notify.NotifyCenter     : [NotifyCenter] Start destroying Publisher
14:15:05:043  WARN 14036 --- [Thread-1] c.a.n.common.http.HttpClientBeanHolder   : [HttpClientBeanHolder] Start destroying common HttpClient
14:15:05:043  WARN 14036 --- [Thread-5] c.a.nacos.common.notify.NotifyCenter     : [NotifyCenter] Destruction of the end
14:15:05:043  WARN 14036 --- [Thread-1] c.a.n.common.http.HttpClientBeanHolder   : [HttpClientBeanHolder] Destruction of the end
14:15:05:436  INFO 14036 --- [SpringApplicationShutdownHook] com.alibaba.nacos.common.remote.client   : Shutdown rpc client, set status to shutdown
14:15:05:436  INFO 14036 --- [SpringApplicationShutdownHook] com.alibaba.nacos.common.remote.client   : Shutdown client event executor java.util.concurrent.ScheduledThreadPoolExecutor@2cd18cd7[Running, pool size = 2, active threads = 2, queued tasks = 0, completed tasks = 0]
14:15:05:436  INFO 14036 --- [SpringApplicationShutdownHook] com.alibaba.nacos.common.remote.client   : Close current connection 1785132904316_192.168.65.1_25608
14:15:05:439  INFO 14036 --- [SpringApplicationShutdownHook] c.a.n.c.remote.client.grpc.GrpcClient    : Shutdown grpc executor java.util.concurrent.ThreadPoolExecutor@6b2ae3ce[Running, pool size = 10, active threads = 0, queued tasks = 0, completed tasks = 10]
14:22:31:922  INFO 14781 --- [main] com.hmall.item.IndexTest                 : The following 1 profile is active: "local"
14:22:32:513  INFO 14781 --- [main] o.s.cloud.context.scope.GenericScope     : BeanFactory id=073440be-6b34-3aa6-944e-08d7326818ff
14:22:33:555  INFO 14781 --- [main] pertySourcedRequestMappingHandlerMapping : Mapped URL path [/v2/api-docs] onto method [springfox.documentation.swagger2.web.Swagger2ControllerWebMvc#getDocumentation(String, HttpServletRequest)]
14:22:34:032  INFO 14781 --- [main] com.alibaba.nacos.common.remote.client   : [RpcClientFactory] create a new rpc client of 21356273-4cb3-4a58-99c2-de56d77f8439
14:22:34:033  INFO 14781 --- [main] com.alibaba.nacos.common.remote.client   : [21356273-4cb3-4a58-99c2-de56d77f8439] RpcClient init label, labels = {module=naming, source=sdk}
14:22:34:034  INFO 14781 --- [main] com.alibaba.nacos.common.remote.client   : [21356273-4cb3-4a58-99c2-de56d77f8439] RpcClient init, ServerListFactory = com.alibaba.nacos.client.naming.core.ServerListManager
14:22:34:034  INFO 14781 --- [main] com.alibaba.nacos.common.remote.client   : [21356273-4cb3-4a58-99c2-de56d77f8439] Registry connection listener to current client:com.alibaba.nacos.client.naming.remote.gprc.redo.NamingGrpcRedoService
14:22:34:035  INFO 14781 --- [main] com.alibaba.nacos.common.remote.client   : [21356273-4cb3-4a58-99c2-de56d77f8439] Register server push request handler:com.alibaba.nacos.client.naming.remote.gprc.NamingPushRequestHandler
14:22:34:035  INFO 14781 --- [main] com.alibaba.nacos.common.remote.client   : [21356273-4cb3-4a58-99c2-de56d77f8439] Try to connect to server on start up, server: {serverIp = 'localhost', server main port = 8848}
14:22:34:157  INFO 14781 --- [main] com.alibaba.nacos.common.remote.client   : [21356273-4cb3-4a58-99c2-de56d77f8439] Success to connect to server [localhost:8848] on start up, connectionId = 1785133354043_192.168.65.1_62649
14:22:34:158  INFO 14781 --- [main] com.alibaba.nacos.common.remote.client   : [21356273-4cb3-4a58-99c2-de56d77f8439] Register server push request handler:com.alibaba.nacos.common.remote.client.RpcClient$ConnectResetRequestHandler
14:22:34:158  INFO 14781 --- [main] com.alibaba.nacos.common.remote.client   : [21356273-4cb3-4a58-99c2-de56d77f8439] Register server push request handler:com.alibaba.nacos.common.remote.client.RpcClient$$Lambda$795/0x000000080067f840
14:22:34:158  INFO 14781 --- [com.alibaba.nacos.client.remote.worker] com.alibaba.nacos.common.remote.client   : [21356273-4cb3-4a58-99c2-de56d77f8439] Notify connected event to listeners.
14:22:34:190  INFO 14781 --- [main] d.s.w.p.DocumentationPluginsBootstrapper : Documentation plugins bootstrapped
14:22:34:192  INFO 14781 --- [main] d.s.w.p.DocumentationPluginsBootstrapper : Found 1 custom documentation plugin(s)
14:22:34:212  INFO 14781 --- [main] s.d.s.w.s.ApiListingReferenceScanner     : Scanning for api listing references
14:22:34:302  INFO 14781 --- [main] com.hmall.item.IndexTest                 : Started IndexTest in 3.632 seconds (JVM running for 4.563)
14:22:34:306  INFO 14781 --- [main] c.a.c.n.refresh.NacosContextRefresher    : [Nacos Config] Listening config: dataId=item-service.yaml, group=DEFAULT_GROUP
14:22:34:306  INFO 14781 --- [main] c.a.c.n.refresh.NacosContextRefresher    : [Nacos Config] Listening config: dataId=item-service-local.yaml, group=DEFAULT_GROUP
14:22:34:306  INFO 14781 --- [main] c.a.c.n.refresh.NacosContextRefresher    : [Nacos Config] Listening config: dataId=item-service, group=DEFAULT_GROUP
14:22:34:743  INFO 14781 --- [nacos-grpc-client-executor-6] com.alibaba.nacos.common.remote.client   : [21356273-4cb3-4a58-99c2-de56d77f8439] Receive server push request, request = NotifySubscriberRequest, requestId = 25
14:22:34:744  INFO 14781 --- [nacos-grpc-client-executor-6] com.alibaba.nacos.common.remote.client   : [21356273-4cb3-4a58-99c2-de56d77f8439] Ack server push request, request = NotifySubscriberRequest, requestId = 25
14:22:34:881  WARN 14781 --- [Thread-5] c.a.nacos.common.notify.NotifyCenter     : [NotifyCenter] Start destroying Publisher
14:22:34:881  WARN 14781 --- [Thread-1] c.a.n.common.http.HttpClientBeanHolder   : [HttpClientBeanHolder] Start destroying common HttpClient
14:22:34:881  WARN 14781 --- [Thread-5] c.a.nacos.common.notify.NotifyCenter     : [NotifyCenter] Destruction of the end
14:22:34:882  WARN 14781 --- [Thread-1] c.a.n.common.http.HttpClientBeanHolder   : [HttpClientBeanHolder] Destruction of the end
14:22:35:211  INFO 14781 --- [SpringApplicationShutdownHook] com.alibaba.nacos.common.remote.client   : Shutdown rpc client, set status to shutdown
14:22:35:211  INFO 14781 --- [SpringApplicationShutdownHook] com.alibaba.nacos.common.remote.client   : Shutdown client event executor java.util.concurrent.ScheduledThreadPoolExecutor@2e817769[Running, pool size = 2, active threads = 2, queued tasks = 0, completed tasks = 0]
14:22:35:211  INFO 14781 --- [SpringApplicationShutdownHook] com.alibaba.nacos.common.remote.client   : Close current connection 1785133354043_192.168.65.1_62649
14:22:35:214  INFO 14781 --- [SpringApplicationShutdownHook] c.a.n.c.remote.client.grpc.GrpcClient    : Shutdown grpc executor java.util.concurrent.ThreadPoolExecutor@138f6f40[Running, pool size = 9, active threads = 0, queued tasks = 0, completed tasks = 9]
14:35:39:890  INFO 16190 --- [main] com.hmall.item.IndexTest                 : The following 1 profile is active: "local"
14:35:40:431  INFO 16190 --- [main] o.s.cloud.context.scope.GenericScope     : BeanFactory id=073440be-6b34-3aa6-944e-08d7326818ff
14:35:41:684  INFO 16190 --- [main] pertySourcedRequestMappingHandlerMapping : Mapped URL path [/v2/api-docs] onto method [springfox.documentation.swagger2.web.Swagger2ControllerWebMvc#getDocumentation(String, HttpServletRequest)]
14:35:42:284  INFO 16190 --- [main] com.alibaba.nacos.common.remote.client   : [RpcClientFactory] create a new rpc client of e927086e-34f5-423d-8fd7-590cdf647ea5
14:35:42:284  INFO 16190 --- [main] com.alibaba.nacos.common.remote.client   : [e927086e-34f5-423d-8fd7-590cdf647ea5] RpcClient init label, labels = {module=naming, source=sdk}
14:35:42:285  INFO 16190 --- [main] com.alibaba.nacos.common.remote.client   : [e927086e-34f5-423d-8fd7-590cdf647ea5] RpcClient init, ServerListFactory = com.alibaba.nacos.client.naming.core.ServerListManager
14:35:42:285  INFO 16190 --- [main] com.alibaba.nacos.common.remote.client   : [e927086e-34f5-423d-8fd7-590cdf647ea5] Registry connection listener to current client:com.alibaba.nacos.client.naming.remote.gprc.redo.NamingGrpcRedoService
14:35:42:286  INFO 16190 --- [main] com.alibaba.nacos.common.remote.client   : [e927086e-34f5-423d-8fd7-590cdf647ea5] Register server push request handler:com.alibaba.nacos.client.naming.remote.gprc.NamingPushRequestHandler
14:35:42:286  INFO 16190 --- [main] com.alibaba.nacos.common.remote.client   : [e927086e-34f5-423d-8fd7-590cdf647ea5] Try to connect to server on start up, server: {serverIp = 'localhost', server main port = 8848}
14:35:42:413  INFO 16190 --- [main] com.alibaba.nacos.common.remote.client   : [e927086e-34f5-423d-8fd7-590cdf647ea5] Success to connect to server [localhost:8848] on start up, connectionId = 1785134142304_192.168.65.1_43412
14:35:42:413  INFO 16190 --- [main] com.alibaba.nacos.common.remote.client   : [e927086e-34f5-423d-8fd7-590cdf647ea5] Register server push request handler:com.alibaba.nacos.common.remote.client.RpcClient$ConnectResetRequestHandler
14:35:42:413  INFO 16190 --- [main] com.alibaba.nacos.common.remote.client   : [e927086e-34f5-423d-8fd7-590cdf647ea5] Register server push request handler:com.alibaba.nacos.common.remote.client.RpcClient$$Lambda$795/0x000000080067f840
14:35:42:413  INFO 16190 --- [com.alibaba.nacos.client.remote.worker] com.alibaba.nacos.common.remote.client   : [e927086e-34f5-423d-8fd7-590cdf647ea5] Notify connected event to listeners.
14:35:42:461  INFO 16190 --- [main] d.s.w.p.DocumentationPluginsBootstrapper : Documentation plugins bootstrapped
14:35:42:463  INFO 16190 --- [main] d.s.w.p.DocumentationPluginsBootstrapper : Found 1 custom documentation plugin(s)
14:35:42:484  INFO 16190 --- [main] s.d.s.w.s.ApiListingReferenceScanner     : Scanning for api listing references
14:35:42:577  INFO 16190 --- [main] com.hmall.item.IndexTest                 : Started IndexTest in 3.973 seconds (JVM running for 4.722)
14:35:42:580  INFO 16190 --- [main] c.a.c.n.refresh.NacosContextRefresher    : [Nacos Config] Listening config: dataId=item-service.yaml, group=DEFAULT_GROUP
14:35:42:581  INFO 16190 --- [main] c.a.c.n.refresh.NacosContextRefresher    : [Nacos Config] Listening config: dataId=item-service-local.yaml, group=DEFAULT_GROUP
14:35:42:581  INFO 16190 --- [main] c.a.c.n.refresh.NacosContextRefresher    : [Nacos Config] Listening config: dataId=item-service, group=DEFAULT_GROUP
14:35:43:059  INFO 16190 --- [nacos-grpc-client-executor-6] com.alibaba.nacos.common.remote.client   : [e927086e-34f5-423d-8fd7-590cdf647ea5] Receive server push request, request = NotifySubscriberRequest, requestId = 26
14:35:43:061  INFO 16190 --- [nacos-grpc-client-executor-6] com.alibaba.nacos.common.remote.client   : [e927086e-34f5-423d-8fd7-590cdf647ea5] Ack server push request, request = NotifySubscriberRequest, requestId = 26
14:35:43:202  WARN 16190 --- [Thread-5] c.a.nacos.common.notify.NotifyCenter     : [NotifyCenter] Start destroying Publisher
14:35:43:202  WARN 16190 --- [Thread-1] c.a.n.common.http.HttpClientBeanHolder   : [HttpClientBeanHolder] Start destroying common HttpClient
14:35:43:202  WARN 16190 --- [Thread-5] c.a.nacos.common.notify.NotifyCenter     : [NotifyCenter] Destruction of the end
14:35:43:202  WARN 16190 --- [Thread-1] c.a.n.common.http.HttpClientBeanHolder   : [HttpClientBeanHolder] Destruction of the end
14:35:43:530  INFO 16190 --- [SpringApplicationShutdownHook] com.alibaba.nacos.common.remote.client   : Shutdown rpc client, set status to shutdown
14:35:43:530  INFO 16190 --- [SpringApplicationShutdownHook] com.alibaba.nacos.common.remote.client   : Shutdown client event executor java.util.concurrent.ScheduledThreadPoolExecutor@6185c1d0[Running, pool size = 2, active threads = 2, queued tasks = 0, completed tasks = 0]
14:35:43:530  INFO 16190 --- [SpringApplicationShutdownHook] com.alibaba.nacos.common.remote.client   : Close current connection 1785134142304_192.168.65.1_43412
14:35:43:535  INFO 16190 --- [SpringApplicationShutdownHook] c.a.n.c.remote.client.grpc.GrpcClient    : Shutdown grpc executor java.util.concurrent.ThreadPoolExecutor@1fa0d8db[Running, pool size = 9, active threads = 0, queued tasks = 0, completed tasks = 9]
14:35:43:536  INFO 16190 --- [nacos-grpc-client-executor-9] c.a.n.c.remote.client.grpc.GrpcClient    : [1785134142304_192.168.65.1_43412]Ignore complete event,isRunning:false,isAbandon=false
14:37:07:010  INFO 16337 --- [main] com.hmall.item.IndexTest                 : The following 1 profile is active: "local"
14:37:07:519  INFO 16337 --- [main] o.s.cloud.context.scope.GenericScope     : BeanFactory id=073440be-6b34-3aa6-944e-08d7326818ff
14:37:08:527  INFO 16337 --- [main] pertySourcedRequestMappingHandlerMapping : Mapped URL path [/v2/api-docs] onto method [springfox.documentation.swagger2.web.Swagger2ControllerWebMvc#getDocumentation(String, HttpServletRequest)]
14:37:09:032  INFO 16337 --- [main] com.alibaba.nacos.common.remote.client   : [RpcClientFactory] create a new rpc client of 10f47648-f2a0-48f3-aacb-144ddaaf2d3f
14:37:09:033  INFO 16337 --- [main] com.alibaba.nacos.common.remote.client   : [10f47648-f2a0-48f3-aacb-144ddaaf2d3f] RpcClient init label, labels = {module=naming, source=sdk}
14:37:09:034  INFO 16337 --- [main] com.alibaba.nacos.common.remote.client   : [10f47648-f2a0-48f3-aacb-144ddaaf2d3f] RpcClient init, ServerListFactory = com.alibaba.nacos.client.naming.core.ServerListManager
14:37:09:034  INFO 16337 --- [main] com.alibaba.nacos.common.remote.client   : [10f47648-f2a0-48f3-aacb-144ddaaf2d3f] Registry connection listener to current client:com.alibaba.nacos.client.naming.remote.gprc.redo.NamingGrpcRedoService
14:37:09:035  INFO 16337 --- [main] com.alibaba.nacos.common.remote.client   : [10f47648-f2a0-48f3-aacb-144ddaaf2d3f] Register server push request handler:com.alibaba.nacos.client.naming.remote.gprc.NamingPushRequestHandler
14:37:09:035  INFO 16337 --- [main] com.alibaba.nacos.common.remote.client   : [10f47648-f2a0-48f3-aacb-144ddaaf2d3f] Try to connect to server on start up, server: {serverIp = 'localhost', server main port = 8848}
14:37:09:180  INFO 16337 --- [main] com.alibaba.nacos.common.remote.client   : [10f47648-f2a0-48f3-aacb-144ddaaf2d3f] Success to connect to server [localhost:8848] on start up, connectionId = 1785134229063_192.168.65.1_36894
14:37:09:180  INFO 16337 --- [main] com.alibaba.nacos.common.remote.client   : [10f47648-f2a0-48f3-aacb-144ddaaf2d3f] Register server push request handler:com.alibaba.nacos.common.remote.client.RpcClient$ConnectResetRequestHandler
14:37:09:180  INFO 16337 --- [main] com.alibaba.nacos.common.remote.client   : [10f47648-f2a0-48f3-aacb-144ddaaf2d3f] Register server push request handler:com.alibaba.nacos.common.remote.client.RpcClient$$Lambda$795/0x000000080067f840
14:37:09:180  INFO 16337 --- [com.alibaba.nacos.client.remote.worker] com.alibaba.nacos.common.remote.client   : [10f47648-f2a0-48f3-aacb-144ddaaf2d3f] Notify connected event to listeners.
14:37:09:216  INFO 16337 --- [main] d.s.w.p.DocumentationPluginsBootstrapper : Documentation plugins bootstrapped
14:37:09:218  INFO 16337 --- [main] d.s.w.p.DocumentationPluginsBootstrapper : Found 1 custom documentation plugin(s)
14:37:09:239  INFO 16337 --- [main] s.d.s.w.s.ApiListingReferenceScanner     : Scanning for api listing references
14:37:09:321  INFO 16337 --- [main] com.hmall.item.IndexTest                 : Started IndexTest in 3.567 seconds (JVM running for 4.367)
14:37:09:324  INFO 16337 --- [main] c.a.c.n.refresh.NacosContextRefresher    : [Nacos Config] Listening config: dataId=item-service.yaml, group=DEFAULT_GROUP
14:37:09:325  INFO 16337 --- [main] c.a.c.n.refresh.NacosContextRefresher    : [Nacos Config] Listening config: dataId=item-service-local.yaml, group=DEFAULT_GROUP
14:37:09:325  INFO 16337 --- [main] c.a.c.n.refresh.NacosContextRefresher    : [Nacos Config] Listening config: dataId=item-service, group=DEFAULT_GROUP
14:37:09:762  WARN 16337 --- [Thread-5] c.a.nacos.common.notify.NotifyCenter     : [NotifyCenter] Start destroying Publisher
14:37:09:763  INFO 16337 --- [nacos-grpc-client-executor-7] com.alibaba.nacos.common.remote.client   : [10f47648-f2a0-48f3-aacb-144ddaaf2d3f] Receive server push request, request = NotifySubscriberRequest, requestId = 27
14:37:09:762  WARN 16337 --- [Thread-1] c.a.n.common.http.HttpClientBeanHolder   : [HttpClientBeanHolder] Start destroying common HttpClient
14:37:09:764  WARN 16337 --- [Thread-5] c.a.nacos.common.notify.NotifyCenter     : [NotifyCenter] Destruction of the end
14:37:09:764  INFO 16337 --- [nacos-grpc-client-executor-7] com.alibaba.nacos.common.remote.client   : [10f47648-f2a0-48f3-aacb-144ddaaf2d3f] Ack server push request, request = NotifySubscriberRequest, requestId = 27
14:37:09:764  WARN 16337 --- [Thread-1] c.a.n.common.http.HttpClientBeanHolder   : [HttpClientBeanHolder] Destruction of the end
14:37:10:185  INFO 16337 --- [SpringApplicationShutdownHook] com.alibaba.nacos.common.remote.client   : Shutdown rpc client, set status to shutdown
14:37:10:185  INFO 16337 --- [SpringApplicationShutdownHook] com.alibaba.nacos.common.remote.client   : Shutdown client event executor java.util.concurrent.ScheduledThreadPoolExecutor@32d59cef[Running, pool size = 2, active threads = 2, queued tasks = 0, completed tasks = 0]
14:37:10:185  INFO 16337 --- [SpringApplicationShutdownHook] com.alibaba.nacos.common.remote.client   : Close current connection 1785134229063_192.168.65.1_36894
14:37:10:187  INFO 16337 --- [SpringApplicationShutdownHook] c.a.n.c.remote.client.grpc.GrpcClient    : Shutdown grpc executor java.util.concurrent.ThreadPoolExecutor@c76c240[Running, pool size = 10, active threads = 0, queued tasks = 0, completed tasks = 10]
14:39:34:936  INFO 16616 --- [main] com.hmall.item.IndexTest                 : The following 1 profile is active: "local"
14:39:35:495  INFO 16616 --- [main] o.s.cloud.context.scope.GenericScope     : BeanFactory id=073440be-6b34-3aa6-944e-08d7326818ff
14:39:36:703  INFO 16616 --- [main] pertySourcedRequestMappingHandlerMapping : Mapped URL path [/v2/api-docs] onto method [springfox.documentation.swagger2.web.Swagger2ControllerWebMvc#getDocumentation(String, HttpServletRequest)]
14:39:37:372  INFO 16616 --- [main] com.alibaba.nacos.common.remote.client   : [RpcClientFactory] create a new rpc client of da8e63d2-a967-41ec-9c98-c2f734c84fc3
14:39:37:372  INFO 16616 --- [main] com.alibaba.nacos.common.remote.client   : [da8e63d2-a967-41ec-9c98-c2f734c84fc3] RpcClient init label, labels = {module=naming, source=sdk}
14:39:37:374  INFO 16616 --- [main] com.alibaba.nacos.common.remote.client   : [da8e63d2-a967-41ec-9c98-c2f734c84fc3] RpcClient init, ServerListFactory = com.alibaba.nacos.client.naming.core.ServerListManager
14:39:37:374  INFO 16616 --- [main] com.alibaba.nacos.common.remote.client   : [da8e63d2-a967-41ec-9c98-c2f734c84fc3] Registry connection listener to current client:com.alibaba.nacos.client.naming.remote.gprc.redo.NamingGrpcRedoService
14:39:37:374  INFO 16616 --- [main] com.alibaba.nacos.common.remote.client   : [da8e63d2-a967-41ec-9c98-c2f734c84fc3] Register server push request handler:com.alibaba.nacos.client.naming.remote.gprc.NamingPushRequestHandler
14:39:37:375  INFO 16616 --- [main] com.alibaba.nacos.common.remote.client   : [da8e63d2-a967-41ec-9c98-c2f734c84fc3] Try to connect to server on start up, server: {serverIp = 'localhost', server main port = 8848}
14:39:37:504  INFO 16616 --- [main] com.alibaba.nacos.common.remote.client   : [da8e63d2-a967-41ec-9c98-c2f734c84fc3] Success to connect to server [localhost:8848] on start up, connectionId = 1785134377382_192.168.65.1_24649
14:39:37:506  INFO 16616 --- [main] com.alibaba.nacos.common.remote.client   : [da8e63d2-a967-41ec-9c98-c2f734c84fc3] Register server push request handler:com.alibaba.nacos.common.remote.client.RpcClient$ConnectResetRequestHandler
14:39:37:506  INFO 16616 --- [main] com.alibaba.nacos.common.remote.client   : [da8e63d2-a967-41ec-9c98-c2f734c84fc3] Register server push request handler:com.alibaba.nacos.common.remote.client.RpcClient$$Lambda$795/0x000000080067f840
14:39:37:506  INFO 16616 --- [com.alibaba.nacos.client.remote.worker] com.alibaba.nacos.common.remote.client   : [da8e63d2-a967-41ec-9c98-c2f734c84fc3] Notify connected event to listeners.
14:39:37:538  INFO 16616 --- [main] d.s.w.p.DocumentationPluginsBootstrapper : Documentation plugins bootstrapped
14:39:37:539  INFO 16616 --- [main] d.s.w.p.DocumentationPluginsBootstrapper : Found 1 custom documentation plugin(s)
14:39:37:559  INFO 16616 --- [main] s.d.s.w.s.ApiListingReferenceScanner     : Scanning for api listing references
14:39:37:649  INFO 16616 --- [main] com.hmall.item.IndexTest                 : Started IndexTest in 4.01 seconds (JVM running for 4.725)
14:39:37:652  INFO 16616 --- [main] c.a.c.n.refresh.NacosContextRefresher    : [Nacos Config] Listening config: dataId=item-service.yaml, group=DEFAULT_GROUP
14:39:37:653  INFO 16616 --- [main] c.a.c.n.refresh.NacosContextRefresher    : [Nacos Config] Listening config: dataId=item-service-local.yaml, group=DEFAULT_GROUP
14:39:37:653  INFO 16616 --- [main] c.a.c.n.refresh.NacosContextRefresher    : [Nacos Config] Listening config: dataId=item-service, group=DEFAULT_GROUP
14:39:38:116  INFO 16616 --- [nacos-grpc-client-executor-7] com.alibaba.nacos.common.remote.client   : [da8e63d2-a967-41ec-9c98-c2f734c84fc3] Receive server push request, request = NotifySubscriberRequest, requestId = 28
14:39:38:117  INFO 16616 --- [nacos-grpc-client-executor-7] com.alibaba.nacos.common.remote.client   : [da8e63d2-a967-41ec-9c98-c2f734c84fc3] Ack server push request, request = NotifySubscriberRequest, requestId = 28
14:39:38:308  WARN 16616 --- [Thread-1] c.a.n.common.http.HttpClientBeanHolder   : [HttpClientBeanHolder] Start destroying common HttpClient
14:39:38:308  WARN 16616 --- [Thread-5] c.a.nacos.common.notify.NotifyCenter     : [NotifyCenter] Start destroying Publisher
14:39:38:309  WARN 16616 --- [Thread-1] c.a.n.common.http.HttpClientBeanHolder   : [HttpClientBeanHolder] Destruction of the end
14:39:38:309  WARN 16616 --- [Thread-5] c.a.nacos.common.notify.NotifyCenter     : [NotifyCenter] Destruction of the end
14:39:38:637  INFO 16616 --- [SpringApplicationShutdownHook] com.alibaba.nacos.common.remote.client   : Shutdown rpc client, set status to shutdown
14:39:38:637  INFO 16616 --- [SpringApplicationShutdownHook] com.alibaba.nacos.common.remote.client   : Shutdown client event executor java.util.concurrent.ScheduledThreadPoolExecutor@59d18ad3[Running, pool size = 2, active threads = 2, queued tasks = 0, completed tasks = 0]
14:39:38:637  INFO 16616 --- [SpringApplicationShutdownHook] com.alibaba.nacos.common.remote.client   : Close current connection 1785134377382_192.168.65.1_24649
14:39:38:640  INFO 16616 --- [SpringApplicationShutdownHook] c.a.n.c.remote.client.grpc.GrpcClient    : Shutdown grpc executor java.util.concurrent.ThreadPoolExecutor@7e386801[Running, pool size = 10, active threads = 0, queued tasks = 0, completed tasks = 10]
14:43:38:859  INFO 17012 --- [main] com.hmall.item.IndexTest                 : The following 1 profile is active: "local"
14:43:39:487  INFO 17012 --- [main] o.s.cloud.context.scope.GenericScope     : BeanFactory id=073440be-6b34-3aa6-944e-08d7326818ff
14:43:40:604  INFO 17012 --- [main] pertySourcedRequestMappingHandlerMapping : Mapped URL path [/v2/api-docs] onto method [springfox.documentation.swagger2.web.Swagger2ControllerWebMvc#getDocumentation(String, HttpServletRequest)]
14:43:41:125  INFO 17012 --- [main] com.alibaba.nacos.common.remote.client   : [RpcClientFactory] create a new rpc client of b32bab70-1d00-404e-ba14-c461501c126b
14:43:41:125  INFO 17012 --- [main] com.alibaba.nacos.common.remote.client   : [b32bab70-1d00-404e-ba14-c461501c126b] RpcClient init label, labels = {module=naming, source=sdk}
14:43:41:129  INFO 17012 --- [main] com.alibaba.nacos.common.remote.client   : [b32bab70-1d00-404e-ba14-c461501c126b] RpcClient init, ServerListFactory = com.alibaba.nacos.client.naming.core.ServerListManager
14:43:41:129  INFO 17012 --- [main] com.alibaba.nacos.common.remote.client   : [b32bab70-1d00-404e-ba14-c461501c126b] Registry connection listener to current client:com.alibaba.nacos.client.naming.remote.gprc.redo.NamingGrpcRedoService
14:43:41:130  INFO 17012 --- [main] com.alibaba.nacos.common.remote.client   : [b32bab70-1d00-404e-ba14-c461501c126b] Register server push request handler:com.alibaba.nacos.client.naming.remote.gprc.NamingPushRequestHandler
14:43:41:131  INFO 17012 --- [main] com.alibaba.nacos.common.remote.client   : [b32bab70-1d00-404e-ba14-c461501c126b] Try to connect to server on start up, server: {serverIp = 'localhost', server main port = 8848}
14:43:41:281  INFO 17012 --- [main] com.alibaba.nacos.common.remote.client   : [b32bab70-1d00-404e-ba14-c461501c126b] Success to connect to server [localhost:8848] on start up, connectionId = 1785134621169_192.168.65.1_53259
14:43:41:281  INFO 17012 --- [main] com.alibaba.nacos.common.remote.client   : [b32bab70-1d00-404e-ba14-c461501c126b] Register server push request handler:com.alibaba.nacos.common.remote.client.RpcClient$ConnectResetRequestHandler
14:43:41:281  INFO 17012 --- [main] com.alibaba.nacos.common.remote.client   : [b32bab70-1d00-404e-ba14-c461501c126b] Register server push request handler:com.alibaba.nacos.common.remote.client.RpcClient$$Lambda$795/0x000000080067f840
14:43:41:281  INFO 17012 --- [com.alibaba.nacos.client.remote.worker] com.alibaba.nacos.common.remote.client   : [b32bab70-1d00-404e-ba14-c461501c126b] Notify connected event to listeners.
14:43:41:323  INFO 17012 --- [main] d.s.w.p.DocumentationPluginsBootstrapper : Documentation plugins bootstrapped
14:43:41:325  INFO 17012 --- [main] d.s.w.p.DocumentationPluginsBootstrapper : Found 1 custom documentation plugin(s)
14:43:41:363  INFO 17012 --- [main] s.d.s.w.s.ApiListingReferenceScanner     : Scanning for api listing references
14:43:41:449  INFO 17012 --- [main] com.hmall.item.IndexTest                 : Started IndexTest in 5.291 seconds (JVM running for 6.119)
14:43:41:454  INFO 17012 --- [main] c.a.c.n.refresh.NacosContextRefresher    : [Nacos Config] Listening config: dataId=item-service.yaml, group=DEFAULT_GROUP
14:43:41:454  INFO 17012 --- [main] c.a.c.n.refresh.NacosContextRefresher    : [Nacos Config] Listening config: dataId=item-service-local.yaml, group=DEFAULT_GROUP
14:43:41:455  INFO 17012 --- [main] c.a.c.n.refresh.NacosContextRefresher    : [Nacos Config] Listening config: dataId=item-service, group=DEFAULT_GROUP
14:43:41:852  INFO 17012 --- [nacos-grpc-client-executor-7] com.alibaba.nacos.common.remote.client   : [b32bab70-1d00-404e-ba14-c461501c126b] Receive server push request, request = NotifySubscriberRequest, requestId = 29
14:43:41:853  INFO 17012 --- [nacos-grpc-client-executor-7] com.alibaba.nacos.common.remote.client   : [b32bab70-1d00-404e-ba14-c461501c126b] Ack server push request, request = NotifySubscriberRequest, requestId = 29
14:43:42:088  WARN 17012 --- [Thread-5] c.a.nacos.common.notify.NotifyCenter     : [NotifyCenter] Start destroying Publisher
14:43:42:088  WARN 17012 --- [Thread-1] c.a.n.common.http.HttpClientBeanHolder   : [HttpClientBeanHolder] Start destroying common HttpClient
14:43:42:088  WARN 17012 --- [Thread-5] c.a.nacos.common.notify.NotifyCenter     : [NotifyCenter] Destruction of the end
14:43:42:089  WARN 17012 --- [Thread-1] c.a.n.common.http.HttpClientBeanHolder   : [HttpClientBeanHolder] Destruction of the end
14:43:42:422  INFO 17012 --- [SpringApplicationShutdownHook] com.alibaba.nacos.common.remote.client   : Shutdown rpc client, set status to shutdown
14:43:42:422  INFO 17012 --- [SpringApplicationShutdownHook] com.alibaba.nacos.common.remote.client   : Shutdown client event executor java.util.concurrent.ScheduledThreadPoolExecutor@7478d038[Running, pool size = 2, active threads = 2, queued tasks = 0, completed tasks = 0]
14:43:42:422  INFO 17012 --- [SpringApplicationShutdownHook] com.alibaba.nacos.common.remote.client   : Close current connection 1785134621169_192.168.65.1_53259
14:43:42:425  INFO 17012 --- [SpringApplicationShutdownHook] c.a.n.c.remote.client.grpc.GrpcClient    : Shutdown grpc executor java.util.concurrent.ThreadPoolExecutor@34394232[Running, pool size = 10, active threads = 1, queued tasks = 0, completed tasks = 9]
14:43:42:425  INFO 17012 --- [nacos-grpc-client-executor-9] c.a.n.c.remote.client.grpc.GrpcClient    : [1785134621169_192.168.65.1_53259]Ignore complete event,isRunning:false,isAbandon=false
14:52:18:765  INFO 17883 --- [main] com.hmall.item.IndexTest                 : The following 1 profile is active: "local"
14:52:19:291  INFO 17883 --- [main] o.s.cloud.context.scope.GenericScope     : BeanFactory id=073440be-6b34-3aa6-944e-08d7326818ff
14:52:20:362  INFO 17883 --- [main] pertySourcedRequestMappingHandlerMapping : Mapped URL path [/v2/api-docs] onto method [springfox.documentation.swagger2.web.Swagger2ControllerWebMvc#getDocumentation(String, HttpServletRequest)]
14:52:20:939  INFO 17883 --- [main] com.alibaba.nacos.common.remote.client   : [RpcClientFactory] create a new rpc client of 396dd545-2232-4fff-9e80-ffcbbb679cf4
14:52:20:939  INFO 17883 --- [main] com.alibaba.nacos.common.remote.client   : [396dd545-2232-4fff-9e80-ffcbbb679cf4] RpcClient init label, labels = {module=naming, source=sdk}
14:52:20:941  INFO 17883 --- [main] com.alibaba.nacos.common.remote.client   : [396dd545-2232-4fff-9e80-ffcbbb679cf4] RpcClient init, ServerListFactory = com.alibaba.nacos.client.naming.core.ServerListManager
14:52:20:941  INFO 17883 --- [main] com.alibaba.nacos.common.remote.client   : [396dd545-2232-4fff-9e80-ffcbbb679cf4] Registry connection listener to current client:com.alibaba.nacos.client.naming.remote.gprc.redo.NamingGrpcRedoService
14:52:20:941  INFO 17883 --- [main] com.alibaba.nacos.common.remote.client   : [396dd545-2232-4fff-9e80-ffcbbb679cf4] Register server push request handler:com.alibaba.nacos.client.naming.remote.gprc.NamingPushRequestHandler
14:52:20:942  INFO 17883 --- [main] com.alibaba.nacos.common.remote.client   : [396dd545-2232-4fff-9e80-ffcbbb679cf4] Try to connect to server on start up, server: {serverIp = 'localhost', server main port = 8848}
14:52:21:069  INFO 17883 --- [main] com.alibaba.nacos.common.remote.client   : [396dd545-2232-4fff-9e80-ffcbbb679cf4] Success to connect to server [localhost:8848] on start up, connectionId = 1785135140944_192.168.65.1_42834
14:52:21:069  INFO 17883 --- [main] com.alibaba.nacos.common.remote.client   : [396dd545-2232-4fff-9e80-ffcbbb679cf4] Register server push request handler:com.alibaba.nacos.common.remote.client.RpcClient$ConnectResetRequestHandler
14:52:21:069  INFO 17883 --- [main] com.alibaba.nacos.common.remote.client   : [396dd545-2232-4fff-9e80-ffcbbb679cf4] Register server push request handler:com.alibaba.nacos.common.remote.client.RpcClient$$Lambda$795/0x000000080067f840
14:52:21:069  INFO 17883 --- [com.alibaba.nacos.client.remote.worker] com.alibaba.nacos.common.remote.client   : [396dd545-2232-4fff-9e80-ffcbbb679cf4] Notify connected event to listeners.
14:52:21:106  INFO 17883 --- [main] d.s.w.p.DocumentationPluginsBootstrapper : Documentation plugins bootstrapped
14:52:21:108  INFO 17883 --- [main] d.s.w.p.DocumentationPluginsBootstrapper : Found 1 custom documentation plugin(s)
14:52:21:132  INFO 17883 --- [main] s.d.s.w.s.ApiListingReferenceScanner     : Scanning for api listing references
14:52:21:224  INFO 17883 --- [main] com.hmall.item.IndexTest                 : Started IndexTest in 3.843 seconds (JVM running for 4.544)
14:52:21:228  INFO 17883 --- [main] c.a.c.n.refresh.NacosContextRefresher    : [Nacos Config] Listening config: dataId=item-service.yaml, group=DEFAULT_GROUP
14:52:21:228  INFO 17883 --- [main] c.a.c.n.refresh.NacosContextRefresher    : [Nacos Config] Listening config: dataId=item-service-local.yaml, group=DEFAULT_GROUP
14:52:21:229  INFO 17883 --- [main] c.a.c.n.refresh.NacosContextRefresher    : [Nacos Config] Listening config: dataId=item-service, group=DEFAULT_GROUP
14:52:21:662  INFO 17883 --- [nacos-grpc-client-executor-6] com.alibaba.nacos.common.remote.client   : [396dd545-2232-4fff-9e80-ffcbbb679cf4] Receive server push request, request = NotifySubscriberRequest, requestId = 30
14:52:21:664  INFO 17883 --- [nacos-grpc-client-executor-6] com.alibaba.nacos.common.remote.client   : [396dd545-2232-4fff-9e80-ffcbbb679cf4] Ack server push request, request = NotifySubscriberRequest, requestId = 30
14:52:21:816  WARN 17883 --- [Thread-5] c.a.nacos.common.notify.NotifyCenter     : [NotifyCenter] Start destroying Publisher
14:52:21:816  WARN 17883 --- [Thread-1] c.a.n.common.http.HttpClientBeanHolder   : [HttpClientBeanHolder] Start destroying common HttpClient
14:52:21:816  WARN 17883 --- [Thread-5] c.a.nacos.common.notify.NotifyCenter     : [NotifyCenter] Destruction of the end
14:52:21:816  WARN 17883 --- [Thread-1] c.a.n.common.http.HttpClientBeanHolder   : [HttpClientBeanHolder] Destruction of the end
14:52:22:151  INFO 17883 --- [SpringApplicationShutdownHook] com.alibaba.nacos.common.remote.client   : Shutdown rpc client, set status to shutdown
14:52:22:151  INFO 17883 --- [SpringApplicationShutdownHook] com.alibaba.nacos.common.remote.client   : Shutdown client event executor java.util.concurrent.ScheduledThreadPoolExecutor@3832594[Running, pool size = 2, active threads = 2, queued tasks = 0, completed tasks = 0]
14:52:22:151  INFO 17883 --- [SpringApplicationShutdownHook] com.alibaba.nacos.common.remote.client   : Close current connection 1785135140944_192.168.65.1_42834
14:52:22:154  INFO 17883 --- [SpringApplicationShutdownHook] c.a.n.c.remote.client.grpc.GrpcClient    : Shutdown grpc executor java.util.concurrent.ThreadPoolExecutor@64800a55[Running, pool size = 9, active threads = 0, queued tasks = 0, completed tasks = 9]
14:56:44:226  INFO 18393 --- [main] com.hmall.item.IndexTest                 : The following 1 profile is active: "local"
14:56:44:759  INFO 18393 --- [main] o.s.cloud.context.scope.GenericScope     : BeanFactory id=073440be-6b34-3aa6-944e-08d7326818ff
14:56:45:915  INFO 18393 --- [main] pertySourcedRequestMappingHandlerMapping : Mapped URL path [/v2/api-docs] onto method [springfox.documentation.swagger2.web.Swagger2ControllerWebMvc#getDocumentation(String, HttpServletRequest)]
14:56:46:530  INFO 18393 --- [main] com.alibaba.nacos.common.remote.client   : [RpcClientFactory] create a new rpc client of 2a346b60-ee42-4304-a9db-e3a68b12d260
14:56:46:530  INFO 18393 --- [main] com.alibaba.nacos.common.remote.client   : [2a346b60-ee42-4304-a9db-e3a68b12d260] RpcClient init label, labels = {module=naming, source=sdk}
14:56:46:532  INFO 18393 --- [main] com.alibaba.nacos.common.remote.client   : [2a346b60-ee42-4304-a9db-e3a68b12d260] RpcClient init, ServerListFactory = com.alibaba.nacos.client.naming.core.ServerListManager
14:56:46:532  INFO 18393 --- [main] com.alibaba.nacos.common.remote.client   : [2a346b60-ee42-4304-a9db-e3a68b12d260] Registry connection listener to current client:com.alibaba.nacos.client.naming.remote.gprc.redo.NamingGrpcRedoService
14:56:46:532  INFO 18393 --- [main] com.alibaba.nacos.common.remote.client   : [2a346b60-ee42-4304-a9db-e3a68b12d260] Register server push request handler:com.alibaba.nacos.client.naming.remote.gprc.NamingPushRequestHandler
14:56:46:532  INFO 18393 --- [main] com.alibaba.nacos.common.remote.client   : [2a346b60-ee42-4304-a9db-e3a68b12d260] Try to connect to server on start up, server: {serverIp = 'localhost', server main port = 8848}
14:56:46:669  INFO 18393 --- [main] com.alibaba.nacos.common.remote.client   : [2a346b60-ee42-4304-a9db-e3a68b12d260] Success to connect to server [localhost:8848] on start up, connectionId = 1785135406549_192.168.65.1_26280
14:56:46:669  INFO 18393 --- [main] com.alibaba.nacos.common.remote.client   : [2a346b60-ee42-4304-a9db-e3a68b12d260] Register server push request handler:com.alibaba.nacos.common.remote.client.RpcClient$ConnectResetRequestHandler
14:56:46:669  INFO 18393 --- [com.alibaba.nacos.client.remote.worker] com.alibaba.nacos.common.remote.client   : [2a346b60-ee42-4304-a9db-e3a68b12d260] Notify connected event to listeners.
14:56:46:669  INFO 18393 --- [main] com.alibaba.nacos.common.remote.client   : [2a346b60-ee42-4304-a9db-e3a68b12d260] Register server push request handler:com.alibaba.nacos.common.remote.client.RpcClient$$Lambda$795/0x0000000800678c40
14:56:46:701  INFO 18393 --- [main] d.s.w.p.DocumentationPluginsBootstrapper : Documentation plugins bootstrapped
14:56:46:703  INFO 18393 --- [main] d.s.w.p.DocumentationPluginsBootstrapper : Found 1 custom documentation plugin(s)
14:56:46:727  INFO 18393 --- [main] s.d.s.w.s.ApiListingReferenceScanner     : Scanning for api listing references
14:56:46:835  INFO 18393 --- [main] com.hmall.item.IndexTest                 : Started IndexTest in 4.382 seconds (JVM running for 5.111)
14:56:46:841  INFO 18393 --- [main] c.a.c.n.refresh.NacosContextRefresher    : [Nacos Config] Listening config: dataId=item-service.yaml, group=DEFAULT_GROUP
14:56:46:841  INFO 18393 --- [main] c.a.c.n.refresh.NacosContextRefresher    : [Nacos Config] Listening config: dataId=item-service-local.yaml, group=DEFAULT_GROUP
14:56:46:841  INFO 18393 --- [main] c.a.c.n.refresh.NacosContextRefresher    : [Nacos Config] Listening config: dataId=item-service, group=DEFAULT_GROUP
14:56:47:263  INFO 18393 --- [nacos-grpc-client-executor-7] com.alibaba.nacos.common.remote.client   : [2a346b60-ee42-4304-a9db-e3a68b12d260] Receive server push request, request = NotifySubscriberRequest, requestId = 31
14:56:47:263  INFO 18393 --- [nacos-grpc-client-executor-7] com.alibaba.nacos.common.remote.client   : [2a346b60-ee42-4304-a9db-e3a68b12d260] Ack server push request, request = NotifySubscriberRequest, requestId = 31
14:56:47:648  WARN 18393 --- [Thread-5] c.a.nacos.common.notify.NotifyCenter     : [NotifyCenter] Start destroying Publisher
14:56:47:648  WARN 18393 --- [Thread-5] c.a.nacos.common.notify.NotifyCenter     : [NotifyCenter] Destruction of the end
14:56:47:649  WARN 18393 --- [Thread-1] c.a.n.common.http.HttpClientBeanHolder   : [HttpClientBeanHolder] Start destroying common HttpClient
14:56:47:650  WARN 18393 --- [Thread-1] c.a.n.common.http.HttpClientBeanHolder   : [HttpClientBeanHolder] Destruction of the end
14:56:48:012  INFO 18393 --- [SpringApplicationShutdownHook] com.alibaba.nacos.common.remote.client   : Shutdown rpc client, set status to shutdown
14:56:48:013  INFO 18393 --- [SpringApplicationShutdownHook] com.alibaba.nacos.common.remote.client   : Shutdown client event executor java.util.concurrent.ScheduledThreadPoolExecutor@553d4142[Running, pool size = 2, active threads = 2, queued tasks = 0, completed tasks = 0]
14:56:48:013  INFO 18393 --- [SpringApplicationShutdownHook] com.alibaba.nacos.common.remote.client   : Close current connection 1785135406549_192.168.65.1_26280
14:56:48:026  INFO 18393 --- [SpringApplicationShutdownHook] c.a.n.c.remote.client.grpc.GrpcClient    : Shutdown grpc executor java.util.concurrent.ThreadPoolExecutor@6258fce7[Running, pool size = 11, active threads = 0, queued tasks = 0, completed tasks = 11]
15:29:29:298  INFO 21784 --- [main] com.hmall.item.IndexTest                 : The following 1 profile is active: "local"
15:29:29:908  INFO 21784 --- [main] o.s.cloud.context.scope.GenericScope     : BeanFactory id=073440be-6b34-3aa6-944e-08d7326818ff
15:29:30:966  INFO 21784 --- [main] pertySourcedRequestMappingHandlerMapping : Mapped URL path [/v2/api-docs] onto method [springfox.documentation.swagger2.web.Swagger2ControllerWebMvc#getDocumentation(String, HttpServletRequest)]
15:29:31:571  INFO 21784 --- [main] com.alibaba.nacos.common.remote.client   : [RpcClientFactory] create a new rpc client of 3b530356-4b2c-49ce-8768-ed80df611f12
15:29:31:571  INFO 21784 --- [main] com.alibaba.nacos.common.remote.client   : [3b530356-4b2c-49ce-8768-ed80df611f12] RpcClient init label, labels = {module=naming, source=sdk}
15:29:31:573  INFO 21784 --- [main] com.alibaba.nacos.common.remote.client   : [3b530356-4b2c-49ce-8768-ed80df611f12] RpcClient init, ServerListFactory = com.alibaba.nacos.client.naming.core.ServerListManager
15:29:31:573  INFO 21784 --- [main] com.alibaba.nacos.common.remote.client   : [3b530356-4b2c-49ce-8768-ed80df611f12] Registry connection listener to current client:com.alibaba.nacos.client.naming.remote.gprc.redo.NamingGrpcRedoService
15:29:31:573  INFO 21784 --- [main] com.alibaba.nacos.common.remote.client   : [3b530356-4b2c-49ce-8768-ed80df611f12] Register server push request handler:com.alibaba.nacos.client.naming.remote.gprc.NamingPushRequestHandler
15:29:31:574  INFO 21784 --- [main] com.alibaba.nacos.common.remote.client   : [3b530356-4b2c-49ce-8768-ed80df611f12] Try to connect to server on start up, server: {serverIp = 'localhost', server main port = 8848}
15:29:31:714  INFO 21784 --- [main] com.alibaba.nacos.common.remote.client   : [3b530356-4b2c-49ce-8768-ed80df611f12] Success to connect to server [localhost:8848] on start up, connectionId = 1785137371591_192.168.65.1_17619
15:29:31:715  INFO 21784 --- [main] com.alibaba.nacos.common.remote.client   : [3b530356-4b2c-49ce-8768-ed80df611f12] Register server push request handler:com.alibaba.nacos.common.remote.client.RpcClient$ConnectResetRequestHandler
15:29:31:715  INFO 21784 --- [main] com.alibaba.nacos.common.remote.client   : [3b530356-4b2c-49ce-8768-ed80df611f12] Register server push request handler:com.alibaba.nacos.common.remote.client.RpcClient$$Lambda$795/0x0000000800678c40
15:29:31:715  INFO 21784 --- [com.alibaba.nacos.client.remote.worker] com.alibaba.nacos.common.remote.client   : [3b530356-4b2c-49ce-8768-ed80df611f12] Notify connected event to listeners.
15:29:31:763  INFO 21784 --- [main] d.s.w.p.DocumentationPluginsBootstrapper : Documentation plugins bootstrapped
15:29:31:766  INFO 21784 --- [main] d.s.w.p.DocumentationPluginsBootstrapper : Found 1 custom documentation plugin(s)
15:29:31:789  INFO 21784 --- [main] s.d.s.w.s.ApiListingReferenceScanner     : Scanning for api listing references
15:29:31:890  INFO 21784 --- [main] com.hmall.item.IndexTest                 : Started IndexTest in 4.406 seconds (JVM running for 5.181)
15:29:31:893  INFO 21784 --- [main] c.a.c.n.refresh.NacosContextRefresher    : [Nacos Config] Listening config: dataId=item-service.yaml, group=DEFAULT_GROUP
15:29:31:894  INFO 21784 --- [main] c.a.c.n.refresh.NacosContextRefresher    : [Nacos Config] Listening config: dataId=item-service-local.yaml, group=DEFAULT_GROUP
15:29:31:894  INFO 21784 --- [main] c.a.c.n.refresh.NacosContextRefresher    : [Nacos Config] Listening config: dataId=item-service, group=DEFAULT_GROUP
15:29:32:326  INFO 21784 --- [nacos-grpc-client-executor-7] com.alibaba.nacos.common.remote.client   : [3b530356-4b2c-49ce-8768-ed80df611f12] Receive server push request, request = NotifySubscriberRequest, requestId = 32
15:29:32:327  INFO 21784 --- [nacos-grpc-client-executor-7] com.alibaba.nacos.common.remote.client   : [3b530356-4b2c-49ce-8768-ed80df611f12] Ack server push request, request = NotifySubscriberRequest, requestId = 32
15:29:32:827  WARN 21784 --- [Thread-1] c.a.n.common.http.HttpClientBeanHolder   : [HttpClientBeanHolder] Start destroying common HttpClient
15:29:32:827  WARN 21784 --- [Thread-5] c.a.nacos.common.notify.NotifyCenter     : [NotifyCenter] Start destroying Publisher
15:29:32:828  WARN 21784 --- [Thread-5] c.a.nacos.common.notify.NotifyCenter     : [NotifyCenter] Destruction of the end
15:29:32:828  WARN 21784 --- [Thread-1] c.a.n.common.http.HttpClientBeanHolder   : [HttpClientBeanHolder] Destruction of the end
15:29:33:474  INFO 21784 --- [SpringApplicationShutdownHook] com.alibaba.nacos.common.remote.client   : Shutdown rpc client, set status to shutdown
15:29:33:474  INFO 21784 --- [SpringApplicationShutdownHook] com.alibaba.nacos.common.remote.client   : Shutdown client event executor java.util.concurrent.ScheduledThreadPoolExecutor@73197c18[Running, pool size = 2, active threads = 2, queued tasks = 0, completed tasks = 0]
15:29:33:474  INFO 21784 --- [SpringApplicationShutdownHook] com.alibaba.nacos.common.remote.client   : Close current connection 1785137371591_192.168.65.1_17619
15:29:33:477  INFO 21784 --- [SpringApplicationShutdownHook] c.a.n.c.remote.client.grpc.GrpcClient    : Shutdown grpc executor java.util.concurrent.ThreadPoolExecutor@667cce13[Running, pool size = 13, active threads = 0, queued tasks = 0, completed tasks = 13]
15:38:14:873  INFO 22754 --- [main] com.hmall.item.IndexTest                 : The following 1 profile is active: "local"
15:38:15:450  INFO 22754 --- [main] o.s.cloud.context.scope.GenericScope     : BeanFactory id=073440be-6b34-3aa6-944e-08d7326818ff
15:38:16:521  INFO 22754 --- [main] pertySourcedRequestMappingHandlerMapping : Mapped URL path [/v2/api-docs] onto method [springfox.documentation.swagger2.web.Swagger2ControllerWebMvc#getDocumentation(String, HttpServletRequest)]
15:38:17:049  INFO 22754 --- [main] com.alibaba.nacos.common.remote.client   : [RpcClientFactory] create a new rpc client of 3cf48346-1187-433e-a912-4e32feda199f
15:38:17:049  INFO 22754 --- [main] com.alibaba.nacos.common.remote.client   : [3cf48346-1187-433e-a912-4e32feda199f] RpcClient init label, labels = {module=naming, source=sdk}
15:38:17:050  INFO 22754 --- [main] com.alibaba.nacos.common.remote.client   : [3cf48346-1187-433e-a912-4e32feda199f] RpcClient init, ServerListFactory = com.alibaba.nacos.client.naming.core.ServerListManager
15:38:17:050  INFO 22754 --- [main] com.alibaba.nacos.common.remote.client   : [3cf48346-1187-433e-a912-4e32feda199f] Registry connection listener to current client:com.alibaba.nacos.client.naming.remote.gprc.redo.NamingGrpcRedoService
15:38:17:051  INFO 22754 --- [main] com.alibaba.nacos.common.remote.client   : [3cf48346-1187-433e-a912-4e32feda199f] Register server push request handler:com.alibaba.nacos.client.naming.remote.gprc.NamingPushRequestHandler
15:38:17:051  INFO 22754 --- [main] com.alibaba.nacos.common.remote.client   : [3cf48346-1187-433e-a912-4e32feda199f] Try to connect to server on start up, server: {serverIp = 'localhost', server main port = 8848}
15:38:17:166  INFO 22754 --- [main] com.alibaba.nacos.common.remote.client   : [3cf48346-1187-433e-a912-4e32feda199f] Success to connect to server [localhost:8848] on start up, connectionId = 1785137897059_192.168.65.1_64685
15:38:17:167  INFO 22754 --- [main] com.alibaba.nacos.common.remote.client   : [3cf48346-1187-433e-a912-4e32feda199f] Register server push request handler:com.alibaba.nacos.common.remote.client.RpcClient$ConnectResetRequestHandler
15:38:17:167  INFO 22754 --- [main] com.alibaba.nacos.common.remote.client   : [3cf48346-1187-433e-a912-4e32feda199f] Register server push request handler:com.alibaba.nacos.common.remote.client.RpcClient$$Lambda$795/0x000000080067f840
15:38:17:167  INFO 22754 --- [com.alibaba.nacos.client.remote.worker] com.alibaba.nacos.common.remote.client   : [3cf48346-1187-433e-a912-4e32feda199f] Notify connected event to listeners.
15:38:17:200  INFO 22754 --- [main] d.s.w.p.DocumentationPluginsBootstrapper : Documentation plugins bootstrapped
15:38:17:202  INFO 22754 --- [main] d.s.w.p.DocumentationPluginsBootstrapper : Found 1 custom documentation plugin(s)
15:38:17:227  INFO 22754 --- [main] s.d.s.w.s.ApiListingReferenceScanner     : Scanning for api listing references
15:38:17:324  INFO 22754 --- [main] com.hmall.item.IndexTest                 : Started IndexTest in 3.813 seconds (JVM running for 4.512)
15:38:17:329  INFO 22754 --- [main] c.a.c.n.refresh.NacosContextRefresher    : [Nacos Config] Listening config: dataId=item-service.yaml, group=DEFAULT_GROUP
15:38:17:329  INFO 22754 --- [main] c.a.c.n.refresh.NacosContextRefresher    : [Nacos Config] Listening config: dataId=item-service-local.yaml, group=DEFAULT_GROUP
15:38:17:330  INFO 22754 --- [main] c.a.c.n.refresh.NacosContextRefresher    : [Nacos Config] Listening config: dataId=item-service, group=DEFAULT_GROUP
15:38:17:795  INFO 22754 --- [nacos-grpc-client-executor-6] com.alibaba.nacos.common.remote.client   : [3cf48346-1187-433e-a912-4e32feda199f] Receive server push request, request = NotifySubscriberRequest, requestId = 33
15:38:17:796  INFO 22754 --- [nacos-grpc-client-executor-6] com.alibaba.nacos.common.remote.client   : [3cf48346-1187-433e-a912-4e32feda199f] Ack server push request, request = NotifySubscriberRequest, requestId = 33
15:38:17:911  WARN 22754 --- [Thread-1] c.a.n.common.http.HttpClientBeanHolder   : [HttpClientBeanHolder] Start destroying common HttpClient
15:38:17:911  WARN 22754 --- [Thread-5] c.a.nacos.common.notify.NotifyCenter     : [NotifyCenter] Start destroying Publisher
15:38:17:911  WARN 22754 --- [Thread-5] c.a.nacos.common.notify.NotifyCenter     : [NotifyCenter] Destruction of the end
15:38:17:911  WARN 22754 --- [Thread-1] c.a.n.common.http.HttpClientBeanHolder   : [HttpClientBeanHolder] Destruction of the end
15:38:18:246  INFO 22754 --- [SpringApplicationShutdownHook] com.alibaba.nacos.common.remote.client   : Shutdown rpc client, set status to shutdown
15:38:18:247  INFO 22754 --- [SpringApplicationShutdownHook] com.alibaba.nacos.common.remote.client   : Shutdown client event executor java.util.concurrent.ScheduledThreadPoolExecutor@5badfb1f[Running, pool size = 2, active threads = 2, queued tasks = 0, completed tasks = 0]
15:38:18:247  INFO 22754 --- [SpringApplicationShutdownHook] com.alibaba.nacos.common.remote.client   : Close current connection 1785137897059_192.168.65.1_64685
15:38:18:250  INFO 22754 --- [SpringApplicationShutdownHook] c.a.n.c.remote.client.grpc.GrpcClient    : Shutdown grpc executor java.util.concurrent.ThreadPoolExecutor@1ea0bef3[Running, pool size = 9, active threads = 0, queued tasks = 0, completed tasks = 9]
15:38:18:250  INFO 22754 --- [nacos-grpc-client-executor-9] c.a.n.c.remote.client.grpc.GrpcClient    : [1785137897059_192.168.65.1_64685]Ignore complete event,isRunning:false,isAbandon=false
16:20:49:658  INFO 26995 --- [main] com.hmall.item.IndexTest                 : The following 1 profile is active: "local"
16:20:50:257  INFO 26995 --- [main] o.s.cloud.context.scope.GenericScope     : BeanFactory id=073440be-6b34-3aa6-944e-08d7326818ff
16:20:51:389  INFO 26995 --- [main] pertySourcedRequestMappingHandlerMapping : Mapped URL path [/v2/api-docs] onto method [springfox.documentation.swagger2.web.Swagger2ControllerWebMvc#getDocumentation(String, HttpServletRequest)]
16:20:52:003  INFO 26995 --- [main] com.alibaba.nacos.common.remote.client   : [RpcClientFactory] create a new rpc client of 45e1d84d-ea57-4eb5-a1c4-650c5efa698f
16:20:52:003  INFO 26995 --- [main] com.alibaba.nacos.common.remote.client   : [45e1d84d-ea57-4eb5-a1c4-650c5efa698f] RpcClient init label, labels = {module=naming, source=sdk}
16:20:52:004  INFO 26995 --- [main] com.alibaba.nacos.common.remote.client   : [45e1d84d-ea57-4eb5-a1c4-650c5efa698f] RpcClient init, ServerListFactory = com.alibaba.nacos.client.naming.core.ServerListManager
16:20:52:004  INFO 26995 --- [main] com.alibaba.nacos.common.remote.client   : [45e1d84d-ea57-4eb5-a1c4-650c5efa698f] Registry connection listener to current client:com.alibaba.nacos.client.naming.remote.gprc.redo.NamingGrpcRedoService
16:20:52:005  INFO 26995 --- [main] com.alibaba.nacos.common.remote.client   : [45e1d84d-ea57-4eb5-a1c4-650c5efa698f] Register server push request handler:com.alibaba.nacos.client.naming.remote.gprc.NamingPushRequestHandler
16:20:52:005  INFO 26995 --- [main] com.alibaba.nacos.common.remote.client   : [45e1d84d-ea57-4eb5-a1c4-650c5efa698f] Try to connect to server on start up, server: {serverIp = 'localhost', server main port = 8848}
16:20:52:144  INFO 26995 --- [main] com.alibaba.nacos.common.remote.client   : [45e1d84d-ea57-4eb5-a1c4-650c5efa698f] Success to connect to server [localhost:8848] on start up, connectionId = 1785140452027_192.168.65.1_34601
16:20:52:144  INFO 26995 --- [main] com.alibaba.nacos.common.remote.client   : [45e1d84d-ea57-4eb5-a1c4-650c5efa698f] Register server push request handler:com.alibaba.nacos.common.remote.client.RpcClient$ConnectResetRequestHandler
16:20:52:145  INFO 26995 --- [main] com.alibaba.nacos.common.remote.client   : [45e1d84d-ea57-4eb5-a1c4-650c5efa698f] Register server push request handler:com.alibaba.nacos.common.remote.client.RpcClient$$Lambda$795/0x0000000800678c40
16:20:52:145  INFO 26995 --- [com.alibaba.nacos.client.remote.worker] com.alibaba.nacos.common.remote.client   : [45e1d84d-ea57-4eb5-a1c4-650c5efa698f] Notify connected event to listeners.
16:20:52:181  INFO 26995 --- [main] d.s.w.p.DocumentationPluginsBootstrapper : Documentation plugins bootstrapped
16:20:52:183  INFO 26995 --- [main] d.s.w.p.DocumentationPluginsBootstrapper : Found 1 custom documentation plugin(s)
16:20:52:222  INFO 26995 --- [main] s.d.s.w.s.ApiListingReferenceScanner     : Scanning for api listing references
16:20:52:412  INFO 26995 --- [main] com.hmall.item.IndexTest                 : Started IndexTest in 4.106 seconds (JVM running for 4.998)
16:20:52:416  INFO 26995 --- [main] c.a.c.n.refresh.NacosContextRefresher    : [Nacos Config] Listening config: dataId=item-service.yaml, group=DEFAULT_GROUP
16:20:52:417  INFO 26995 --- [main] c.a.c.n.refresh.NacosContextRefresher    : [Nacos Config] Listening config: dataId=item-service-local.yaml, group=DEFAULT_GROUP
16:20:52:418  INFO 26995 --- [main] c.a.c.n.refresh.NacosContextRefresher    : [Nacos Config] Listening config: dataId=item-service, group=DEFAULT_GROUP
16:20:52:753  INFO 26995 --- [nacos-grpc-client-executor-7] com.alibaba.nacos.common.remote.client   : [45e1d84d-ea57-4eb5-a1c4-650c5efa698f] Receive server push request, request = NotifySubscriberRequest, requestId = 34
16:20:52:754  INFO 26995 --- [nacos-grpc-client-executor-7] com.alibaba.nacos.common.remote.client   : [45e1d84d-ea57-4eb5-a1c4-650c5efa698f] Ack server push request, request = NotifySubscriberRequest, requestId = 34
16:20:53:120  WARN 26995 --- [Thread-5] c.a.nacos.common.notify.NotifyCenter     : [NotifyCenter] Start destroying Publisher
16:20:53:121  WARN 26995 --- [Thread-5] c.a.nacos.common.notify.NotifyCenter     : [NotifyCenter] Destruction of the end
16:20:53:122  WARN 26995 --- [Thread-1] c.a.n.common.http.HttpClientBeanHolder   : [HttpClientBeanHolder] Start destroying common HttpClient
16:20:53:123  WARN 26995 --- [Thread-1] c.a.n.common.http.HttpClientBeanHolder   : [HttpClientBeanHolder] Destruction of the end
16:20:53:446  INFO 26995 --- [SpringApplicationShutdownHook] com.alibaba.nacos.common.remote.client   : Shutdown rpc client, set status to shutdown
16:20:53:446  INFO 26995 --- [SpringApplicationShutdownHook] com.alibaba.nacos.common.remote.client   : Shutdown client event executor java.util.concurrent.ScheduledThreadPoolExecutor@2b9b9909[Running, pool size = 2, active threads = 2, queued tasks = 0, completed tasks = 0]
16:20:53:446  INFO 26995 --- [SpringApplicationShutdownHook] com.alibaba.nacos.common.remote.client   : Close current connection 1785140452027_192.168.65.1_34601
16:20:53:449  INFO 26995 --- [SpringApplicationShutdownHook] c.a.n.c.remote.client.grpc.GrpcClient    : Shutdown grpc executor java.util.concurrent.ThreadPoolExecutor@595caa87[Running, pool size = 9, active threads = 0, queued tasks = 0, completed tasks = 9]
